<?xml version="1.0" encoding="utf-8"?>
<documents>
  <document>
    <census-id>10170846</census-id>
    <name>fol. 005 r</name>
    <transcriptions>
      <transcription>
        <inscription>M ANTONIVS AVG IMP III IIIVIR R P C</inscription>
        <inscription-type>coin legend</inscription-type>
      </transcription>
    </transcriptions>
    <monuments>
      <monument>
        <census-id>10168956</census-id>
        <label>Denarius of M. Antonius / Victory Holding Wreath (RRC 545.2) (owner: R. Odoni)</label>
      </monument>
    </monuments>
  </document>
  <document>
    <census-id>10170848</census-id>
    <name>fol. 006 r</name>
    <monuments>
      <monument>
        <census-id>10168956</census-id>
        <label>Denarius of M. Antonius / Victory Holding Wreath (RRC 545.2) (owner: R. Odoni)</label>
      </monument>
    </monuments>
  </document>
  <document>
    <census-id>10170671</census-id>
    <name>fol. 007 r</name>
    <transcriptions>
      <transcription>
        <inscription>AVG IMP III VIR R P C AT</inscription>
        <inscription-type>coin legend</inscription-type>
      </transcription>
    </transcriptions>
    <monuments>
      <monument>
        <census-id>10170662</census-id>
        <label>Denarius of M. Antonius / Fortuna (RRC 516.2) (owner: F. Veniero)</label>
      </monument>
    </monuments>
  </document>
  <document>
    <census-id>10170674</census-id>
    <name>fol. 008 r</name>
    <transcriptions>
      <transcription>
        <inscription>PIETAS COS</inscription>
        <inscription-type>coin legend</inscription-type>
      </transcription>
    </transcriptions>
    <monuments>
      <monument>
        <census-id>10170662</census-id>
        <label>Denarius of M. Antonius / Fortuna (RRC 516.2) (owner: F. Veniero)</label>
      </monument>
    </monuments>
  </document>
  <document>
    <census-id>10170725</census-id>
    <name>fol. 011 r</name>
    <transcriptions>
      <transcription>
        <inscription>M ANT IMP AVG IIIVIR RPC M BARBAT Q F</inscription>
        <inscription-type>coin legend</inscription-type>
      </transcription>
    </transcriptions>
    <monuments>
      <monument>
        <census-id>10170716</census-id>
        <label>Aureus of M. Antonius / Octavianus (RRC 517.1a) (owner: J. Strada)</label>
      </monument>
      <monument>
        <census-id>10170788</census-id>
        <label>Denarius of M. Antonius / Head of L. Antonius (RRC 517.3) (owner: A. Conteschi)</label>
      </monument>
    </monuments>
  </document>
  <document>
    <census-id>10170932</census-id>
    <name>fol. 013 r</name>
    <transcriptions>
      <transcription>
        <inscription>M ANT IMP IIIVIR RPC</inscription>
        <inscription-type>coin legend</inscription-type>
      </transcription>
    </transcriptions>
    <monuments>
      <monument>
        <census-id>10169418</census-id>
        <label>Denarius of M. Antonius / Nude Male Figure With Sceptre (RRC 531.1b) (owner: A. Agust&#237;n)</label>
      </monument>
    </monuments>
  </document>
  <document>
    <census-id>10170572</census-id>
    <name>fol. 015 r</name>
    <transcriptions>
      <transcription>
        <inscription>ANTONI ARMENIA DEVICTA</inscription>
        <inscription-type>coin legend</inscription-type>
      </transcription>
    </transcriptions>
    <monuments>
      <monument>
        <census-id>10170563</census-id>
        <label>Denarius of M. Antonius / Cleopatra (RRC 543.1) (owner: A. Maffei)</label>
      </monument>
    </monuments>
  </document>
  <document>
    <census-id>10170575</census-id>
    <name>fol. 016 r</name>
    <transcriptions>
      <transcription>
        <inscription>CLEOPATRA REGINA REGVM FILIONVM REGVM </inscription>
        <inscription-type>coin legend</inscription-type>
      </transcription>
    </transcriptions>
    <monuments>
      <monument>
        <census-id>10170563</census-id>
        <label>Denarius of M. Antonius / Cleopatra (RRC 543.1) (owner: A. Maffei)</label>
      </monument>
    </monuments>
  </document>
  <document>
    <census-id>10170537</census-id>
    <name>fol. 017 r</name>
    <transcriptions>
      <transcription>
        <inscription>M ANT AVGVR III VIR R R P C</inscription>
        <inscription-type>coin legend</inscription-type>
      </transcription>
    </transcriptions>
    <monuments>
      <monument>
        <census-id>10170528</census-id>
        <label>Denarius of M. Antonius / Trophy (RRC 536.1) (owner: A. Maffei)</label>
      </monument>
    </monuments>
  </document>
  <document>
    <census-id>10170540</census-id>
    <name>fol. 018 r</name>
    <transcriptions>
      <transcription>
        <inscription>IMP TER</inscription>
        <inscription-type>coin legend</inscription-type>
      </transcription>
    </transcriptions>
    <monuments>
      <monument>
        <census-id>10170528</census-id>
        <label>Denarius of M. Antonius / Trophy (RRC 536.1) (owner: A. Maffei)</label>
      </monument>
    </monuments>
  </document>
  <document>
    <census-id>10170757</census-id>
    <name>fol. 021 r</name>
    <transcriptions>
      <transcription>
        <inscription>ANTON AVG IMP III COS DES III V RPC</inscription>
        <inscription-type>coin legend</inscription-type>
      </transcription>
    </transcriptions>
    <monuments>
      <monument>
        <census-id>10169184</census-id>
        <label>Denarius of M. Antonius / Legend (RRC 542.2) (owner: A. Maffei) </label>
      </monument>
    </monuments>
  </document>
  <document>
    <census-id>10170760</census-id>
    <name>fol. 022 r</name>
    <transcriptions>
      <transcription>
        <inscription>ANTONIVS AVG IMP III</inscription>
        <inscription-type>coin legend</inscription-type>
      </transcription>
    </transcriptions>
    <monuments>
      <monument>
        <census-id>10169184</census-id>
        <label>Denarius of M. Antonius / Legend (RRC 542.2) (owner: A. Maffei) </label>
      </monument>
    </monuments>
  </document>
  <document>
    <census-id>10170620</census-id>
    <name>fol. 023 r</name>
    <transcriptions>
      <transcription>
        <inscription>M ANTONIVS AVGVR COS</inscription>
        <inscription-type>coin legend</inscription-type>
      </transcription>
    </transcriptions>
    <monuments>
      <monument>
        <census-id>10170612</census-id>
        <label>Denarius of M. Antonius / Armenian Tiara (RRC 539.1) (owner: A. Maffei)</label>
      </monument>
    </monuments>
  </document>
  <document>
    <census-id>10170623</census-id>
    <name>fol. 024 r</name>
    <transcriptions>
      <transcription>
        <inscription>IMP TERTIO III VIR RPC</inscription>
        <inscription-type>coin legend</inscription-type>
      </transcription>
    </transcriptions>
    <monuments>
      <monument>
        <census-id>10170612</census-id>
        <label>Denarius of M. Antonius / Armenian Tiara (RRC 539.1) (owner: A. Maffei)</label>
      </monument>
    </monuments>
  </document>
  <document>
    <census-id>10170687</census-id>
    <name>fol. 025 r</name>
    <monuments>
      <monument>
        <census-id>10170676</census-id>
        <label>Quinarius of M. Antonius (Augural Instruments / Pontifical Instruments, RRC 489.3) (owner: A. Maffei)</label>
      </monument>
    </monuments>
  </document>
  <document>
    <census-id>10170684</census-id>
    <name>fol. 026 r</name>
    <transcriptions>
      <transcription>
        <inscription>MAT IMP</inscription>
        <inscription-type>coin legend</inscription-type>
      </transcription>
    </transcriptions>
    <monuments>
      <monument>
        <census-id>10170676</census-id>
        <label>Quinarius of M. Antonius (Augural Instruments / Pontifical Instruments, RRC 489.3) (owner: A. Maffei)</label>
      </monument>
    </monuments>
  </document>
  <document>
    <census-id>10170972</census-id>
    <name>fol. 029 r</name>
    <transcriptions>
      <transcription>
        <inscription>M ANTONIVS IMP III VIR RPC</inscription>
        <inscription-type>coin legend</inscription-type>
      </transcription>
    </transcriptions>
    <monuments>
      <monument>
        <census-id>10057150</census-id>
        <label>Denarius of M. Antonius / Pietas (RRC 516.5)</label>
      </monument>
    </monuments>
  </document>
  <document>
    <census-id>10170975</census-id>
    <name>fol. 030 r</name>
    <transcriptions>
      <transcription>
        <inscription>META CO</inscription>
        <inscription-type>coin legend</inscription-type>
      </transcription>
    </transcriptions>
    <monuments>
      <monument>
        <census-id>10057150</census-id>
        <label>Denarius of M. Antonius / Pietas (RRC 516.5)</label>
      </monument>
    </monuments>
  </document>
  <document>
    <census-id>10170795</census-id>
    <name>fol. 032 r</name>
    <monuments>
      <monument>
        <census-id>10170788</census-id>
        <label>Denarius of M. Antonius / Head of L. Antonius (RRC 517.3) (owner: A. Conteschi)</label>
      </monument>
    </monuments>
  </document>
  <document>
    <census-id>10170712</census-id>
    <name>fol. 035 r</name>
    <monuments>
      <monument>
        <census-id>10168725</census-id>
        <label>Denarius of M. Antonius / Radiate Head of Sol (RRC 496.2) (owner: A. Maffei)</label>
      </monument>
      <monument>
        <census-id>10170762</census-id>
        <label>Denarius of M. Antonius  / Radiate Head of Sol (RRC 496.2) (owner: G. Duchoul)</label>
      </monument>
    </monuments>
  </document>
  <document>
    <census-id>10170713</census-id>
    <name>fol. 036 r</name>
    <transcriptions>
      <transcription>
        <inscription>M ANTONIVS IIIVIR RPC</inscription>
        <inscription-type>coin legend</inscription-type>
      </transcription>
    </transcriptions>
    <monuments>
      <monument>
        <census-id>10168725</census-id>
        <label>Denarius of M. Antonius / Radiate Head of Sol (RRC 496.2) (owner: A. Maffei)</label>
      </monument>
      <monument>
        <census-id>10170762</census-id>
        <label>Denarius of M. Antonius  / Radiate Head of Sol (RRC 496.2) (owner: G. Duchoul)</label>
      </monument>
    </monuments>
  </document>
  <document>
    <census-id>10170979</census-id>
    <name>fol. 037 r</name>
    <transcriptions>
      <transcription>
        <inscription>RVST III VIR</inscription>
        <inscription-type>coin legend</inscription-type>
      </transcription>
    </transcriptions>
    <monuments>
      <monument>
        <census-id>10057353</census-id>
        <label>Quinarius of M. Antonius (Head of Concordia / Clasped Hands around Caduceus, RRC 529.4b)</label>
      </monument>
    </monuments>
  </document>
  <document>
    <census-id>10170983</census-id>
    <name>fol. 038 r</name>
    <transcriptions>
      <transcription>
        <inscription>M ANTON C CAESAR</inscription>
        <inscription-type>coin legend</inscription-type>
      </transcription>
    </transcriptions>
    <monuments>
      <monument>
        <census-id>10057353</census-id>
        <label>Quinarius of M. Antonius (Head of Concordia / Clasped Hands around Caduceus, RRC 529.4b)</label>
      </monument>
    </monuments>
  </document>
  <document>
    <census-id>10170988</census-id>
    <name>fol. 041 r</name>
    <transcriptions>
      <transcription>
        <inscription>M ANTONIVS IMP III VIR RPC</inscription>
        <inscription-type>coin legend</inscription-type>
      </transcription>
    </transcriptions>
    <monuments>
      <monument>
        <census-id>10170985</census-id>
        <label>Denarius of M. Antonius / Octavian (RRC 528.2a)</label>
      </monument>
    </monuments>
  </document>
  <document>
    <census-id>10170991</census-id>
    <name>fol. 042 r</name>
    <transcriptions>
      <transcription>
        <inscription>CAESAR IMP III VIR RPC</inscription>
        <inscription-type>coin legend</inscription-type>
      </transcription>
    </transcriptions>
    <monuments>
      <monument>
        <census-id>10170985</census-id>
        <label>Denarius of M. Antonius / Octavian (RRC 528.2a)</label>
      </monument>
    </monuments>
  </document>
  <document>
    <census-id>10170994</census-id>
    <name>fol. 043 r</name>
    <transcriptions>
      <transcription>
        <inscription>III VIR RPC</inscription>
        <inscription-type>coin legend</inscription-type>
      </transcription>
    </transcriptions>
    <monuments>
      <monument>
        <census-id>10057321</census-id>
        <label>Quinarius of M. Antonius (Bust of Victory / Lion, RRC 489.6)</label>
      </monument>
    </monuments>
  </document>
  <document>
    <census-id>10170997</census-id>
    <name>fol. 044 r</name>
    <transcriptions>
      <transcription>
        <inscription>ANTONI A XII IMP</inscription>
        <inscription-type>coin legend</inscription-type>
      </transcription>
    </transcriptions>
    <monuments>
      <monument>
        <census-id>10057321</census-id>
        <label>Quinarius of M. Antonius (Bust of Victory / Lion, RRC 489.6)</label>
      </monument>
    </monuments>
  </document>
  <document>
    <census-id>10171000</census-id>
    <name>fol. 045 r</name>
    <transcriptions>
      <transcription>
        <inscription>ERET T R III VIR</inscription>
        <inscription-type>coin legend</inscription-type>
      </transcription>
    </transcriptions>
    <monuments>
      <monument>
        <census-id>10057170</census-id>
        <label>Denarius of M. Antonius / Sol (RRC 533.2)</label>
      </monument>
    </monuments>
  </document>
  <document>
    <census-id>10171003</census-id>
    <name>fol. 046 r</name>
    <transcriptions>
      <transcription>
        <inscription>M ANTONIVS M F TR IV VIR IMP TER </inscription>
        <inscription-type>coin legend</inscription-type>
      </transcription>
    </transcriptions>
    <monuments>
      <monument>
        <census-id>10057170</census-id>
        <label>Denarius of M. Antonius / Sol (RRC 533.2)</label>
      </monument>
    </monuments>
  </document>
  <document>
    <census-id>10170874</census-id>
    <name>fol. 047 r</name>
    <transcriptions>
      <transcription>
        <inscription>M ANTONIVS IMP</inscription>
        <inscription-type>coin legend</inscription-type>
      </transcription>
    </transcriptions>
    <monuments>
      <monument>
        <census-id>10170866</census-id>
        <label>Denarius of M. Antonius  / Distyle Temple (RRC 496.1) (owner: J. Strada)</label>
      </monument>
    </monuments>
  </document>
  <document>
    <census-id>10170877</census-id>
    <name>fol. 048 r</name>
    <transcriptions>
      <transcription>
        <inscription>IIIVIR R P C</inscription>
        <inscription-type>coin legend</inscription-type>
      </transcription>
    </transcriptions>
    <monuments>
      <monument>
        <census-id>10170866</census-id>
        <label>Denarius of M. Antonius  / Distyle Temple (RRC 496.1) (owner: J. Strada)</label>
      </monument>
    </monuments>
  </document>
  <document>
    <census-id>10170658</census-id>
    <name>fol. 049 r</name>
    <monuments>
      <monument>
        <census-id>10170650</census-id>
        <label>Denarius of M. Antonius / Caduceus, Cornucopiae and Globe (RRC 520.1) (owner:  G. Duchoul)</label>
      </monument>
    </monuments>
  </document>
  <document>
    <census-id>10170660</census-id>
    <name>fol. 050 r</name>
    <transcriptions>
      <transcription>
        <inscription>M ANT IMP&#13;
III VIR R P C</inscription>
        <inscription-type>coin legend</inscription-type>
      </transcription>
    </transcriptions>
    <monuments>
      <monument>
        <census-id>10170650</census-id>
        <label>Denarius of M. Antonius / Caduceus, Cornucopiae and Globe (RRC 520.1) (owner:  G. Duchoul)</label>
      </monument>
    </monuments>
  </document>
  <document>
    <census-id>10170780</census-id>
    <name>fol. 051 r</name>
    <transcriptions>
      <transcription>
        <inscription>ANTON AVG IMP IIIVIR R P C</inscription>
        <inscription-type>coin legend</inscription-type>
      </transcription>
    </transcriptions>
    <monuments>
      <monument>
        <census-id>10170770</census-id>
        <label>Denarius of M. Antonius / Inscription (RRC 542.1) (owner: G. Duchoul)</label>
      </monument>
    </monuments>
  </document>
  <document>
    <census-id>10170785</census-id>
    <name>fol. 052 r</name>
    <transcriptions>
      <transcription>
        <inscription>ANTON AVG IMP IIIVIR R P C</inscription>
        <inscription-type>coin legend</inscription-type>
      </transcription>
    </transcriptions>
    <monuments>
      <monument>
        <census-id>10170770</census-id>
        <label>Denarius of M. Antonius / Inscription (RRC 542.1) (owner: G. Duchoul)</label>
      </monument>
    </monuments>
  </document>
  <document>
    <census-id>10171006</census-id>
    <name>fol. 053 r</name>
    <transcriptions>
      <transcription>
        <inscription>M ANT IMP AVG III VIR RPC L GELL Q F</inscription>
        <inscription-type>coin legend</inscription-type>
      </transcription>
    </transcriptions>
    <monuments>
      <monument>
        <census-id>10060127</census-id>
        <label>Denarius of L. Gellius and M. Antonius / Caesar (RRC 517.8)</label>
      </monument>
    </monuments>
  </document>
  <document>
    <census-id>10171011</census-id>
    <name>fol. 059 r</name>
    <transcriptions>
      <transcription>
        <inscription>M ANTON IMPER III</inscription>
        <inscription-type>coin legend</inscription-type>
      </transcription>
    </transcriptions>
    <monuments>
      <monument>
        <census-id>10057282</census-id>
        <label>Denarius of M. Antonius / Prow (RRC 521.2)</label>
      </monument>
    </monuments>
  </document>
  <document>
    <census-id>10171014</census-id>
    <name>fol. 060 r</name>
    <transcriptions>
      <transcription>
        <inscription>CN DOMIT AENOBARBVS IMP</inscription>
        <inscription-type>coin legend</inscription-type>
      </transcription>
    </transcriptions>
    <monuments>
      <monument>
        <census-id>10057282</census-id>
        <label>Denarius of M. Antonius / Prow (RRC 521.2)</label>
      </monument>
    </monuments>
  </document>
  <document>
    <census-id>10171073</census-id>
    <name>fol. 061 r</name>
    <transcriptions>
      <transcription>
        <inscription>III VIR R P C</inscription>
        <inscription-type>coin legend</inscription-type>
      </transcription>
    </transcriptions>
    <monuments>
      <monument>
        <census-id>10057353</census-id>
        <label>Quinarius of M. Antonius (Head of Concordia / Clasped Hands around Caduceus, RRC 529.4b)</label>
      </monument>
    </monuments>
  </document>
  <document>
    <census-id>10171077</census-id>
    <name>fol. 063 r</name>
    <transcriptions>
      <transcription>
        <inscription>ANTONIVS IMP III VIR RPC</inscription>
        <inscription-type>coin legend</inscription-type>
      </transcription>
    </transcriptions>
    <monuments>
      <monument>
        <census-id>10057150</census-id>
        <label>Denarius of M. Antonius / Pietas (RRC 516.5)</label>
      </monument>
    </monuments>
  </document>
  <document>
    <census-id>10171082</census-id>
    <name>fol. 064 r</name>
    <transcriptions>
      <transcription>
        <inscription>PIETAS COS</inscription>
        <inscription-type>coin legend</inscription-type>
      </transcription>
    </transcriptions>
    <monuments>
      <monument>
        <census-id>10057150</census-id>
        <label>Denarius of M. Antonius / Pietas (RRC 516.5)</label>
      </monument>
    </monuments>
  </document>
  <document>
    <census-id>10171087</census-id>
    <name>fol. 068 r</name>
    <transcriptions>
      <transcription>
        <inscription>C CAESAR IMP</inscription>
        <inscription-type>coin legend</inscription-type>
      </transcription>
    </transcriptions>
    <monuments>
      <monument>
        <census-id>10171094</census-id>
        <label>Denarius of  Octavian / Equestrian Statue (RRC 490.1)</label>
      </monument>
    </monuments>
  </document>
  <document>
    <census-id>10170862</census-id>
    <name>fol. 069 r</name>
    <monuments>
      <monument>
        <census-id>10170858</census-id>
        <label>Quinarius of M. Antonius (Bust of Victory / Lion, RRC 489.6) (owner: J. Strada)</label>
      </monument>
    </monuments>
  </document>
  <document>
    <census-id>10170864</census-id>
    <name>fol. 070 r</name>
    <transcriptions>
      <transcription>
        <inscription>ANTONI  A IMP&#13;
A XLI</inscription>
        <inscription-type>coin legend</inscription-type>
      </transcription>
    </transcriptions>
    <monuments>
      <monument>
        <census-id>10170858</census-id>
        <label>Quinarius of M. Antonius (Bust of Victory / Lion, RRC 489.6) (owner: J. Strada)</label>
      </monument>
    </monuments>
  </document>
  <document>
    <census-id>10171104</census-id>
    <name>fol. 074 r</name>
    <transcriptions>
      <transcription>
        <inscription>L MVSSIDIVS LONGVS</inscription>
        <inscription-type>coin legend</inscription-type>
      </transcription>
    </transcriptions>
    <monuments>
      <monument>
        <census-id>10171101</census-id>
        <label>Aureus of L. Mussidius Longus (M. Antonius / Cornucopia, RRC 494.14)</label>
      </monument>
    </monuments>
  </document>
  <document>
    <census-id>10171107</census-id>
    <name>fol. 075 r</name>
    <transcriptions>
      <transcription>
        <inscription>M ANTONIVS III VIR RPC</inscription>
        <inscription-type>coin legend</inscription-type>
      </transcription>
    </transcriptions>
    <monuments>
      <monument>
        <census-id>10171101</census-id>
        <label>Aureus of L. Mussidius Longus (M. Antonius / Cornucopia, RRC 494.14)</label>
      </monument>
    </monuments>
  </document>
  <document>
    <census-id>10173180</census-id>
    <name>fol. 076 r</name>
    <transcriptions>
      <transcription>
        <inscription>L MVSSIDIVS LONGVS</inscription>
        <inscription-type>coin legend</inscription-type>
      </transcription>
    </transcriptions>
    <monuments>
      <monument>
        <census-id>10171101</census-id>
        <label>Aureus of L. Mussidius Longus (M. Antonius / Cornucopia, RRC 494.14)</label>
      </monument>
    </monuments>
  </document>
  <document>
    <census-id>10171110</census-id>
    <name>fol. 077 r</name>
    <transcriptions>
      <transcription>
        <inscription>ANTONIVS IMP III VIR RPC</inscription>
        <inscription-type>coin legend</inscription-type>
      </transcription>
    </transcriptions>
    <monuments>
      <monument>
        <census-id>10057150</census-id>
        <label>Denarius of M. Antonius / Pietas (RRC 516.5)</label>
      </monument>
    </monuments>
  </document>
  <document>
    <census-id>10171113</census-id>
    <name>fol. 078 r</name>
    <transcriptions>
      <transcription>
        <inscription>ANTONIVS IMP III VIR RPC</inscription>
        <inscription-type>coin legend</inscription-type>
      </transcription>
    </transcriptions>
    <monuments>
      <monument>
        <census-id>10057150</census-id>
        <label>Denarius of M. Antonius / Pietas (RRC 516.5)</label>
      </monument>
    </monuments>
  </document>
  <document>
    <census-id>10171116</census-id>
    <name>fol. 081 r</name>
    <transcriptions>
      <transcription>
        <inscription>IMP ANT AVGVR III VIR RPC</inscription>
        <inscription-type>coin legend</inscription-type>
      </transcription>
    </transcriptions>
    <monuments>
      <monument>
        <census-id>10171122</census-id>
        <label>Denarius of M. Antonius  / Tropaeum (RRC 536.2)</label>
      </monument>
    </monuments>
  </document>
  <document>
    <census-id>10171119</census-id>
    <name>fol. 082 r</name>
    <transcriptions>
      <transcription>
        <inscription>IMP TER</inscription>
        <inscription-type>coin legend</inscription-type>
      </transcription>
    </transcriptions>
    <monuments>
      <monument>
        <census-id>10171122</census-id>
        <label>Denarius of M. Antonius  / Tropaeum (RRC 536.2)</label>
      </monument>
    </monuments>
  </document>
  <document>
    <census-id>10171128</census-id>
    <name>fol. 087 r</name>
    <transcriptions>
      <transcription>
        <inscription>L MVSSIDIVS LONGVS CONCORDIA</inscription>
        <inscription-type>coin legend</inscription-type>
      </transcription>
    </transcriptions>
    <monuments>
      <monument>
        <census-id>10057353</census-id>
        <label>Quinarius of M. Antonius (Head of Concordia / Clasped Hands around Caduceus, RRC 529.4b)</label>
      </monument>
    </monuments>
  </document>
  <document>
    <census-id>10171131</census-id>
    <name>fol. 088 r</name>
    <transcriptions>
      <transcription>
        <inscription>M ANTON C CAESAR </inscription>
        <inscription-type>coin legend</inscription-type>
      </transcription>
    </transcriptions>
    <monuments>
      <monument>
        <census-id>10057353</census-id>
        <label>Quinarius of M. Antonius (Head of Concordia / Clasped Hands around Caduceus, RRC 529.4b)</label>
      </monument>
    </monuments>
  </document>
  <document>
    <census-id>10171134</census-id>
    <name>fol. 089 r</name>
    <transcriptions>
      <transcription>
        <inscription>M ANTONIVS IMP III VIR RPC </inscription>
        <inscription-type>coin legend</inscription-type>
      </transcription>
    </transcriptions>
    <monuments>
      <monument>
        <census-id>10170985</census-id>
        <label>Denarius of M. Antonius / Octavian (RRC 528.2a)</label>
      </monument>
    </monuments>
  </document>
  <document>
    <census-id>10171137</census-id>
    <name>fol. 090 r</name>
    <transcriptions>
      <transcription>
        <inscription>CAESAR IMP PONT III VIR RPC</inscription>
        <inscription-type>coin legend</inscription-type>
      </transcription>
    </transcriptions>
    <monuments>
      <monument>
        <census-id>10170985</census-id>
        <label>Denarius of M. Antonius / Octavian (RRC 528.2a)</label>
      </monument>
    </monuments>
  </document>
  <document>
    <census-id>10170744</census-id>
    <name>fol. 091 r</name>
    <transcriptions>
      <transcription>
        <inscription>M ANTON IMP RPC</inscription>
        <inscription-type>coin legend</inscription-type>
      </transcription>
    </transcriptions>
    <monuments>
      <monument>
        <census-id>10169201</census-id>
        <label>Denarius of M. Antonius  and Lituus / Laureate Caesar and Sitella (RRC 488.2) (owner: A. Agust&#237;n)</label>
      </monument>
    </monuments>
  </document>
  <document>
    <census-id>10170741</census-id>
    <name>fol. 092 r</name>
    <transcriptions>
      <transcription>
        <inscription>CAESAR DICT</inscription>
        <inscription-type>coin legend</inscription-type>
      </transcription>
    </transcriptions>
    <monuments>
      <monument>
        <census-id>10169201</census-id>
        <label>Denarius of M. Antonius  and Lituus / Laureate Caesar and Sitella (RRC 488.2) (owner: A. Agust&#237;n)</label>
      </monument>
    </monuments>
  </document>
  <document>
    <census-id>10171143</census-id>
    <name>fol. 093 r</name>
    <transcriptions>
      <transcription>
        <inscription>ANTON IMP AVGVR </inscription>
        <inscription-type>coin legend</inscription-type>
      </transcription>
    </transcriptions>
    <monuments>
      <monument>
        <census-id>10062823</census-id>
        <label>Denarius of M. Antonius and M. Lepidus (Religious Instruments Raven / Religious Instruments, RRC 489.2)</label>
      </monument>
    </monuments>
  </document>
  <document>
    <census-id>10171146</census-id>
    <name>fol. 094 r</name>
    <transcriptions>
      <transcription>
        <inscription>LEPIDVS IMP PM  CAESAR IMP PONT</inscription>
        <inscription-type>coin legend</inscription-type>
      </transcription>
    </transcriptions>
    <monuments>
      <monument>
        <census-id>10062823</census-id>
        <label>Denarius of M. Antonius and M. Lepidus (Religious Instruments Raven / Religious Instruments, RRC 489.2)</label>
      </monument>
    </monuments>
  </document>
  <document>
    <census-id>10171149</census-id>
    <name>fol. 095 r</name>
    <monuments>
      <monument>
        <census-id>10173702</census-id>
        <label>Cistophorus of Gortyn (Cysta Mystica / Zeus with Serpents, RPC I 926)</label>
      </monument>
    </monuments>
  </document>
  <document>
    <census-id>10171151</census-id>
    <name>fol. 096 r</name>
    <transcriptions>
      <transcription>
        <inscription>KY&#916;A&#931; KPH&#931;T&#923;I &#937;N KPHTAPA&#931; </inscription>
        <inscription-type>coin legend</inscription-type>
      </transcription>
    </transcriptions>
    <monuments>
      <monument>
        <census-id>10173702</census-id>
        <label>Cistophorus of Gortyn (Cysta Mystica / Zeus with Serpents, RPC I 926)</label>
      </monument>
    </monuments>
  </document>
  <document>
    <census-id>10170697</census-id>
    <name>fol. 103 r</name>
    <transcriptions>
      <transcription>
        <inscription>M ANTON IMP IIIVIR RPC</inscription>
        <inscription-type>coin legend</inscription-type>
      </transcription>
    </transcriptions>
    <monuments>
      <monument>
        <census-id>10170688</census-id>
        <label>Denarius of  M. Antonius / Pietas (RRC 516.5) (owner: A. Conteschi)</label>
      </monument>
    </monuments>
  </document>
  <document>
    <census-id>10170700</census-id>
    <name>fol. 104 r</name>
    <transcriptions>
      <transcription>
        <inscription>PIETAS COS</inscription>
        <inscription-type>coin legend</inscription-type>
      </transcription>
    </transcriptions>
    <monuments>
      <monument>
        <census-id>10170688</census-id>
        <label>Denarius of  M. Antonius / Pietas (RRC 516.5) (owner: A. Conteschi)</label>
      </monument>
    </monuments>
  </document>
  <document>
    <census-id>10170642</census-id>
    <name>fol. 105 r</name>
    <transcriptions>
      <transcription>
        <inscription>MANTO COS III IMP IIII</inscription>
        <inscription-type>coin legend</inscription-type>
      </transcription>
    </transcriptions>
    <monuments>
      <monument>
        <census-id>10170625</census-id>
        <label>Denarius of M. Antonius (Jupiter Ammon / Victory, RRC 546.2c) (owner: R. Odoni)</label>
      </monument>
    </monuments>
  </document>
  <document>
    <census-id>10170645</census-id>
    <name>fol. 106 r</name>
    <transcriptions>
      <transcription>
        <inscription>SCARPVS IMP&#13;
ANTONIO AVG</inscription>
        <inscription-type>coin legend</inscription-type>
      </transcription>
    </transcriptions>
    <monuments>
      <monument>
        <census-id>10170625</census-id>
        <label>Denarius of M. Antonius (Jupiter Ammon / Victory, RRC 546.2c) (owner: R. Odoni)</label>
      </monument>
    </monuments>
  </document>
  <document>
    <census-id>10174103</census-id>
    <name>fol. 115 r</name>
    <transcriptions>
      <transcription>
        <inscription>M ANTONI III VIR R P C</inscription>
        <inscription-type>coin legend</inscription-type>
      </transcription>
    </transcriptions>
    <monuments>
      <monument>
        <census-id>10057874</census-id>
        <label>Denarius of P. Clodius (Head of M. Antonius / Mars, RRC 494.17)</label>
      </monument>
    </monuments>
  </document>
  <document>
    <census-id>10174107</census-id>
    <name>fol. 116 r</name>
    <transcriptions>
      <transcription>
        <inscription>P CLODIV M F</inscription>
        <inscription-type>coin legend</inscription-type>
      </transcription>
    </transcriptions>
    <monuments>
      <monument>
        <census-id>10057874</census-id>
        <label>Denarius of P. Clodius (Head of M. Antonius / Mars, RRC 494.17)</label>
      </monument>
    </monuments>
  </document>
  <document>
    <census-id>10171158</census-id>
    <name>fol. 117 r</name>
    <transcriptions>
      <transcription>
        <inscription>M ANT IMP RPC</inscription>
        <inscription-type>coin legend</inscription-type>
      </transcription>
    </transcriptions>
    <monuments>
      <monument>
        <census-id>10171227</census-id>
        <label>Denarius of M. Antonius and Lituus / Laureate Caesar and Sitella (RRC 488.2)</label>
      </monument>
    </monuments>
  </document>
  <document>
    <census-id>10171225</census-id>
    <name>fol. 118 r</name>
    <transcriptions>
      <transcription>
        <inscription>CAESAR DIC</inscription>
        <inscription-type>coin legend</inscription-type>
      </transcription>
    </transcriptions>
    <monuments>
      <monument>
        <census-id>10171227</census-id>
        <label>Denarius of M. Antonius and Lituus / Laureate Caesar and Sitella (RRC 488.2)</label>
      </monument>
    </monuments>
  </document>
  <document>
    <census-id>10173172</census-id>
    <name>fol. 121 r</name>
    <transcriptions>
      <transcription>
        <inscription>Alexandria</inscription>
        <inscription-type>coin legend</inscription-type>
      </transcription>
    </transcriptions>
    <monuments>
      <monument>
        <census-id>10066087</census-id>
        <label>Denarius of M. Lepidus (Alexandria / Togate Figures, RRC 419.2)</label>
      </monument>
    </monuments>
  </document>
  <document>
    <census-id>10171161</census-id>
    <name>fol. 122 r</name>
    <transcriptions>
      <transcription>
        <inscription>TVTOR REG M LEPIDVS PONT MAX EX S C</inscription>
        <inscription-type>coin legend</inscription-type>
      </transcription>
    </transcriptions>
    <monuments>
      <monument>
        <census-id>10066087</census-id>
        <label>Denarius of M. Lepidus (Alexandria / Togate Figures, RRC 419.2)</label>
      </monument>
    </monuments>
  </document>
  <document>
    <census-id>10171164</census-id>
    <name>fol. 127 r</name>
    <transcriptions>
      <transcription>
        <inscription>III VIR RPC</inscription>
        <inscription-type>coin legend</inscription-type>
      </transcription>
    </transcriptions>
    <monuments>
      <monument>
        <census-id>10057353</census-id>
        <label>Quinarius of M. Antonius (Head of Concordia / Clasped Hands around Caduceus, RRC 529.4b)</label>
      </monument>
    </monuments>
  </document>
  <document>
    <census-id>10171167</census-id>
    <name>fol. 128 r</name>
    <transcriptions>
      <transcription>
        <inscription>ANTONIVS IMP</inscription>
        <inscription-type>coin legend</inscription-type>
      </transcription>
    </transcriptions>
    <monuments>
      <monument>
        <census-id>10057353</census-id>
        <label>Quinarius of M. Antonius (Head of Concordia / Clasped Hands around Caduceus, RRC 529.4b)</label>
      </monument>
    </monuments>
  </document>
  <document>
    <census-id>10171170</census-id>
    <name>fol. 129 r</name>
    <transcriptions>
      <transcription>
        <inscription>L PLANCVS IMP ITER</inscription>
        <inscription-type>coin legend</inscription-type>
      </transcription>
    </transcriptions>
    <monuments>
      <monument>
        <census-id>10057303</census-id>
        <label>Denarius of M. Antonius (Religious instruments / Religious Instruments and Thunderbold, RRC 522.4)</label>
      </monument>
    </monuments>
  </document>
  <document>
    <census-id>10171175</census-id>
    <name>fol. 130 r</name>
    <transcriptions>
      <transcription>
        <inscription>M ANTON III VIR RPC</inscription>
        <inscription-type>coin legend</inscription-type>
      </transcription>
    </transcriptions>
    <monuments>
      <monument>
        <census-id>10057303</census-id>
        <label>Denarius of M. Antonius (Religious instruments / Religious Instruments and Thunderbold, RRC 522.4)</label>
      </monument>
    </monuments>
  </document>
  <document>
    <census-id>10170557</census-id>
    <name>fol. 131 r</name>
    <transcriptions>
      <transcription>
        <inscription>M ANTONIVS COS DESIG ITER ET TERT</inscription>
        <inscription-type>coin legend</inscription-type>
      </transcription>
    </transcriptions>
    <monuments>
      <monument>
        <census-id>10170546</census-id>
        <label>Cistophorus of Marc Antony, Ephesus (Head of M. Antonius / Bust of Octavia RPC I 2201) (owner:  G. Duchoul)</label>
      </monument>
    </monuments>
  </document>
  <document>
    <census-id>10170560</census-id>
    <name>fol. 132 r</name>
    <transcriptions>
      <transcription>
        <inscription>IIIVIR R P C</inscription>
        <inscription-type>coin legend</inscription-type>
      </transcription>
    </transcriptions>
    <monuments>
      <monument>
        <census-id>10170546</census-id>
        <label>Cistophorus of Marc Antony, Ephesus (Head of M. Antonius / Bust of Octavia RPC I 2201) (owner:  G. Duchoul)</label>
      </monument>
    </monuments>
  </document>
  <document>
    <census-id>10171181</census-id>
    <name>fol. 134 r</name>
    <transcriptions>
      <transcription>
        <inscription>IMP TER</inscription>
        <inscription-type>coin legend</inscription-type>
      </transcription>
    </transcriptions>
    <monuments>
      <monument>
        <census-id>10171122</census-id>
        <label>Denarius of M. Antonius  / Tropaeum (RRC 536.2)</label>
      </monument>
    </monuments>
  </document>
  <document>
    <census-id>10171184</census-id>
    <name>fol. 136 r</name>
    <transcriptions>
      <transcription>
        <inscription>L MVSSIDIVS T F LOGVS III VIR APF</inscription>
        <inscription-type>coin legend</inscription-type>
      </transcription>
    </transcriptions>
    <monuments>
      <monument>
        <census-id>10059459</census-id>
        <label>Denarius of L. Mussidius (Head of Concordia / Temple of Venus Cloacina, RRC 494.42a)</label>
      </monument>
    </monuments>
  </document>
  <document>
    <census-id>10170906</census-id>
    <name>fol. 138 r</name>
    <transcriptions>
      <transcription>
        <inscription>M LEPIDVS IIIVIR RPC</inscription>
        <inscription-type>coin legend</inscription-type>
      </transcription>
    </transcriptions>
    <monuments>
      <monument>
        <census-id>10168937</census-id>
        <label>Aureus of M. Lepidus and P. Clodius (Lepidus / Fortuna, RRC 494.4) (owner: J. Fugger)</label>
      </monument>
    </monuments>
  </document>
  <document>
    <census-id>10171188</census-id>
    <name>fol. 143 r</name>
    <transcriptions>
      <transcription>
        <inscription>M ANTONIVS IMP COS DESIG ITER ET TERT</inscription>
        <inscription-type>coin legend</inscription-type>
      </transcription>
    </transcriptions>
    <monuments>
      <monument>
        <census-id>10020407</census-id>
        <label>Cistophorus of M. Antonius and Octavia / Dionysus (RPC 2202)</label>
      </monument>
    </monuments>
  </document>
  <document>
    <census-id>10170587</census-id>
    <name>fol. 149 r</name>
    <transcriptions>
      <transcription>
        <inscription>M ANTONIVS COS DESIG ITER ET TERT</inscription>
        <inscription-type>coin legend</inscription-type>
      </transcription>
    </transcriptions>
    <monuments>
      <monument>
        <census-id>10170577</census-id>
        <label>Cistophorus of Marc Antony, Ephesus (Head of M. Antonius / Bust of Octavia RPC I 2201) (owner: G. Grimani)</label>
      </monument>
    </monuments>
  </document>
  <document>
    <census-id>10170590</census-id>
    <name>fol. 150 r</name>
    <transcriptions>
      <transcription>
        <inscription>IIIVIR R P C</inscription>
        <inscription-type>coin legend</inscription-type>
      </transcription>
    </transcriptions>
    <monuments>
      <monument>
        <census-id>10170577</census-id>
        <label>Cistophorus of Marc Antony, Ephesus (Head of M. Antonius / Bust of Octavia RPC I 2201) (owner: G. Grimani)</label>
      </monument>
    </monuments>
  </document>
  <document>
    <census-id>10170728</census-id>
    <name>fol. 152 r</name>
    <transcriptions>
      <transcription>
        <inscription>CAESAR IMP PONT IIIVIR RPC</inscription>
        <inscription-type>coin legend</inscription-type>
      </transcription>
    </transcriptions>
    <monuments>
      <monument>
        <census-id>10170716</census-id>
        <label>Aureus of M. Antonius / Octavianus (RRC 517.1a) (owner: J. Strada)</label>
      </monument>
    </monuments>
  </document>
  <document>
    <census-id>10171193</census-id>
    <name>fol. 161 r</name>
    <monuments>
      <monument>
        <census-id>10057170</census-id>
        <label>Denarius of M. Antonius / Sol (RRC 533.2)</label>
      </monument>
    </monuments>
  </document>
  <document>
    <census-id>10171196</census-id>
    <name>fol. 162 r</name>
    <transcriptions>
      <transcription>
        <inscription>M ANTONIVS M F TRIVMVIR IMP TER</inscription>
        <inscription-type>coin legend</inscription-type>
      </transcription>
    </transcriptions>
    <monuments>
      <monument>
        <census-id>10057170</census-id>
        <label>Denarius of M. Antonius / Sol (RRC 533.2)</label>
      </monument>
    </monuments>
  </document>
  <document>
    <census-id>10171203</census-id>
    <name>fol. 163 r</name>
    <monuments>
      <monument>
        <census-id>10171207</census-id>
        <label>Denarius of L. Mussidius Longus (Radiate Bust of Sol / Shrine of Venus Cloacina, RRC 494.43a)</label>
      </monument>
    </monuments>
  </document>
  <document>
    <census-id>10171199</census-id>
    <name>fol. 164 r</name>
    <transcriptions>
      <transcription>
        <inscription>L MVSSIDIVS LONGVS </inscription>
        <inscription-type>coin legend</inscription-type>
      </transcription>
    </transcriptions>
    <monuments>
      <monument>
        <census-id>10171207</census-id>
        <label>Denarius of L. Mussidius Longus (Radiate Bust of Sol / Shrine of Venus Cloacina, RRC 494.43a)</label>
      </monument>
    </monuments>
  </document>
  <document>
    <census-id>10171210</census-id>
    <name>fol. 180 r</name>
    <transcriptions>
      <transcription>
        <inscription>M ANTONIVS IMP COS DESIG ITER ET TERT</inscription>
        <inscription-type>coin legend</inscription-type>
      </transcription>
    </transcriptions>
    <monuments>
      <monument>
        <census-id>10020407</census-id>
        <label>Cistophorus of M. Antonius and Octavia / Dionysus (RPC 2202)</label>
      </monument>
    </monuments>
  </document>
  <document>
    <census-id>10170603</census-id>
    <name>fol. 186 r</name>
    <transcriptions>
      <transcription>
        <inscription>M ANTONIVS IMP COS DESIG ITER ET TERT</inscription>
        <inscription-type>coin legend</inscription-type>
      </transcription>
    </transcriptions>
    <monuments>
      <monument>
        <census-id>10170595</census-id>
        <label>Cistophorus of M. Antonius and Octavia / Dionysus (RPC I 2202) (owner: W. Imhoff)</label>
      </monument>
    </monuments>
  </document>
  <document>
    <census-id>10170605</census-id>
    <name>fol. 187 r</name>
    <transcriptions>
      <transcription>
        <inscription>IIIVIR R P C</inscription>
        <inscription-type>coin legend</inscription-type>
      </transcription>
    </transcriptions>
    <monuments>
      <monument>
        <census-id>10170595</census-id>
        <label>Cistophorus of M. Antonius and Octavia / Dionysus (RPC I 2202) (owner: W. Imhoff)</label>
      </monument>
    </monuments>
  </document>
  <document>
    <census-id>10170526</census-id>
    <name>fol. 188 r</name>
    <transcriptions>
      <transcription>
        <inscription>M ANTONIVS IMP COS DES ITER ET TERT</inscription>
        <inscription-type>coin legend</inscription-type>
      </transcription>
    </transcriptions>
    <monuments>
      <monument>
        <census-id>10170070</census-id>
        <label>Cistophorus of M. Antonius and Octavia / Dionysus (RPC 2202) (owner: G. Romano)</label>
      </monument>
    </monuments>
  </document>
  <document>
    <census-id>10201017</census-id>
    <name>fol. 190 r</name>
    <monuments>
      <monument>
        <census-id>10173704</census-id>
        <label>Bronze Dichalque of Tripolis (Dioscuri / Prow with Nike, RPC I 4515)</label>
      </monument>
    </monuments>
  </document>
  <document>
    <census-id>10171213</census-id>
    <name>fol. 195 r</name>
    <transcriptions>
      <transcription>
        <inscription>BA&#931;I&#923;I&#931;&#931;A K&#923;EO&#928;ATPA O&#931;&#931;AN&#931;O THPA</inscription>
        <inscription-type>coin legend</inscription-type>
      </transcription>
    </transcriptions>
    <monuments>
      <monument>
        <census-id>10060122</census-id>
        <label>Provincial Silver Coin (Head of Cleopatra / Head of M. Antonius, RPC I 4094)</label>
      </monument>
    </monuments>
  </document>
  <document>
    <census-id>10171217</census-id>
    <name>fol. 196 r</name>
    <transcriptions>
      <transcription>
        <inscription>M ANT&#969;NIO&#931; AYTOKPAT&#969;P OI&#969;NI&#931; TH&#931; TPI&#969;NAN &#916;P&#969;N</inscription>
        <inscription-type>coin legend</inscription-type>
      </transcription>
    </transcriptions>
    <monuments>
      <monument>
        <census-id>10060122</census-id>
        <label>Provincial Silver Coin (Head of Cleopatra / Head of M. Antonius, RPC I 4094)</label>
      </monument>
    </monuments>
  </document>
  <document>
    <census-id>10173709</census-id>
    <name>fol. 199 r</name>
    <transcriptions>
      <transcription>
        <inscription>TRI&#928;O&#916;IT&#937;N KOINONIA</inscription>
        <inscription-type>coin legend</inscription-type>
      </transcription>
    </transcriptions>
    <monuments>
      <monument>
        <census-id>10173704</census-id>
        <label>Bronze Dichalque of Tripolis (Dioscuri / Prow with Nike, RPC I 4515)</label>
      </monument>
    </monuments>
  </document>
  <document>
    <census-id>10173712</census-id>
    <name>fol. 201 r</name>
    <transcriptions>
      <transcription>
        <inscription>TRI&#928;O&#916;IT&#937;N KOINON &#928;POTH&#931;</inscription>
        <inscription-type>coin legend</inscription-type>
      </transcription>
    </transcriptions>
    <monuments>
      <monument>
        <census-id>10173704</census-id>
        <label>Bronze Dichalque of Tripolis (Dioscuri / Prow with Nike, RPC I 4515)</label>
      </monument>
    </monuments>
  </document>
</documents>
