<?xml version="1.0" encoding="utf-8"?>
<documents>
  <document>
    <census-id>10179664</census-id>
    <name>fol. 003 r</name>
    <transcriptions>
      <transcription>
        <inscription>DIVVS AVGVSTVS PATER</inscription>
        <inscription-type>coin legend</inscription-type>
      </transcription>
    </transcriptions>
    <monuments>
      <monument>
        <census-id>10179662</census-id>
        <label>Dupondius of Tiberius (Augustus / Temple Flanked by Calf and Lamb, RIC 75)</label>
      </monument>
    </monuments>
  </document>
  <document>
    <census-id>10179694</census-id>
    <name>fol. 004 r</name>
    <transcriptions>
      <transcription>
        <inscription>L SVRDINIVS III VIR AAA FF</inscription>
        <inscription-type>coin legend</inscription-type>
      </transcription>
      <transcription>
        <inscription>SC</inscription>
        <inscription-type>coin legend</inscription-type>
      </transcription>
    </transcriptions>
    <monuments>
      <monument>
        <census-id>10179690</census-id>
        <label>As of Augustus / Legend around SC (RIC 386)</label>
      </monument>
    </monuments>
  </document>
  <document>
    <census-id>10179699</census-id>
    <name>fol. 006 r</name>
    <transcriptions>
      <transcription>
        <inscription>PONTIF MAXIM TRIBVN POT XXX IIII</inscription>
        <inscription-type>coin legend</inscription-type>
      </transcription>
      <transcription>
        <inscription>SC</inscription>
        <inscription-type>coin legend</inscription-type>
      </transcription>
    </transcriptions>
    <monuments>
      <monument>
        <census-id>10025123</census-id>
        <label>As of Tiberius / SC (RIC 44)</label>
      </monument>
    </monuments>
  </document>
  <document>
    <census-id>10179704</census-id>
    <name>fol. 007 r</name>
    <transcriptions>
      <transcription>
        <inscription>DIVVS AVGVSTVS</inscription>
        <inscription-type>coin legend</inscription-type>
      </transcription>
      <transcription>
        <inscription>SC</inscription>
        <inscription-type>coin legend</inscription-type>
      </transcription>
    </transcriptions>
    <monuments>
      <monument>
        <census-id>10180990</census-id>
        <label>Dupondius of Gaius / Caligula (Augustus / Seated Augustus or Caligula) (RIC 56)</label>
      </monument>
    </monuments>
  </document>
  <document>
    <census-id>10175872</census-id>
    <name>fol. 008 r</name>
    <transcriptions>
      <transcription>
        <inscription>III VIR L MESCINIVS</inscription>
        <inscription-type>coin legend</inscription-type>
      </transcription>
      <transcription>
        <inscription>IMP CAES AVGV COMM CONS</inscription>
        <inscription-type>coin legend</inscription-type>
      </transcription>
    </transcriptions>
    <monuments>
      <monument>
        <census-id>10175876</census-id>
        <label>Denarius of Augustus / Cippus (RIC 358) (owner: A. Agust&#237;n)</label>
      </monument>
    </monuments>
  </document>
  <document>
    <census-id>10177031</census-id>
    <name>fol. 011 r</name>
    <transcriptions>
      <transcription>
        <inscription>AVG DIVVS</inscription>
        <inscription-type>coin legend</inscription-type>
      </transcription>
    </transcriptions>
    <monuments>
      <monument>
        <census-id>10177022</census-id>
        <label>Denarius of Civil Wars (Head of Augustus / Clasped Hands, RIC 113) (owner: G. Duchoul)</label>
      </monument>
    </monuments>
  </document>
  <document>
    <census-id>10177035</census-id>
    <name>fol. 012 r</name>
    <transcriptions>
      <transcription>
        <inscription>PAX</inscription>
        <inscription-type>coin legend</inscription-type>
      </transcription>
    </transcriptions>
    <monuments>
      <monument>
        <census-id>10177022</census-id>
        <label>Denarius of Civil Wars (Head of Augustus / Clasped Hands, RIC 113) (owner: G. Duchoul)</label>
      </monument>
    </monuments>
  </document>
  <document>
    <census-id>10179718</census-id>
    <name>fol. 013 r</name>
    <transcriptions>
      <transcription>
        <inscription>DIVUS AVGVST PAT</inscription>
        <inscription-type>coin legend</inscription-type>
      </transcription>
    </transcriptions>
    <monuments>
      <monument>
        <census-id>10179716</census-id>
        <label>Dupondius of Tiberius / Deified Augustus (RIC 91)</label>
      </monument>
    </monuments>
  </document>
  <document>
    <census-id>10172290</census-id>
    <name>fol. 016 r</name>
    <transcriptions>
      <transcription>
        <inscription>CONSENSV SENAT ET EQ ORDINI PQR</inscription>
        <inscription-type>coin legend</inscription-type>
      </transcription>
    </transcriptions>
    <monuments>
      <monument>
        <census-id>10025088</census-id>
        <label>Dupondius of Caligula (Augustus / Togate Figure on Curule Chair, RIC 56)</label>
      </monument>
    </monuments>
  </document>
  <document>
    <census-id>10172128</census-id>
    <name>fol. 017 r</name>
    <transcriptions>
      <transcription>
        <inscription>DIVVS AVGVSTVS SC</inscription>
        <inscription-type>coin legend</inscription-type>
      </transcription>
    </transcriptions>
    <monuments>
      <monument>
        <census-id>10025088</census-id>
        <label>Dupondius of Caligula (Augustus / Togate Figure on Curule Chair, RIC 56)</label>
      </monument>
    </monuments>
  </document>
  <document>
    <census-id>10188083</census-id>
    <name>fol. 019 r</name>
    <transcriptions>
      <transcription>
        <inscription>DIVVS AVGVSTVS CAES PATER PAT</inscription>
        <inscription-type>coin legend</inscription-type>
      </transcription>
    </transcriptions>
    <monuments>
      <monument>
        <census-id>10066347</census-id>
        <label>Contorniate (Augustus / Divine gathering, Alf&#246;ldi 117)</label>
      </monument>
    </monuments>
  </document>
  <document>
    <census-id>10188086</census-id>
    <name>fol. 020 r</name>
    <monuments>
      <monument>
        <census-id>10066347</census-id>
        <label>Contorniate (Augustus / Divine gathering, Alf&#246;ldi 117)</label>
      </monument>
    </monuments>
  </document>
  <document>
    <census-id>10204005</census-id>
    <name>fol. 027 r</name>
    <monuments>
      <monument>
        <census-id>10203842</census-id>
        <label>Bronze Tessera of Augustus / XIII</label>
      </monument>
    </monuments>
  </document>
  <document>
    <census-id>10204007</census-id>
    <name>fol. 028 r</name>
    <transcriptions>
      <transcription>
        <inscription>XIII</inscription>
        <inscription-type>coin legend</inscription-type>
      </transcription>
    </transcriptions>
    <monuments>
      <monument>
        <census-id>10203842</census-id>
        <label>Bronze Tessera of Augustus / XIII</label>
      </monument>
    </monuments>
  </document>
  <document>
    <census-id>10204010</census-id>
    <name>fol. 029 r</name>
    <monuments>
      <monument>
        <census-id>10203839</census-id>
        <label>Bronze Tessera of Augustus / III</label>
      </monument>
    </monuments>
  </document>
  <document>
    <census-id>10204012</census-id>
    <name>fol. 030 r</name>
    <transcriptions>
      <transcription>
        <inscription>IIX</inscription>
        <inscription-type>coin legend</inscription-type>
      </transcription>
    </transcriptions>
    <monuments>
      <monument>
        <census-id>10203839</census-id>
        <label>Bronze Tessera of Augustus / III</label>
      </monument>
    </monuments>
  </document>
  <document>
    <census-id>10172130</census-id>
    <name>fol. 033 r</name>
    <transcriptions>
      <transcription>
        <inscription>DIVVS AVGVSTVS PATER</inscription>
        <inscription-type>coin legend</inscription-type>
      </transcription>
    </transcriptions>
    <monuments>
      <monument>
        <census-id>10044359</census-id>
        <label>Dupondius of Tiberius (Augustus / Victory, RIC 77)</label>
      </monument>
    </monuments>
  </document>
  <document>
    <census-id>10179778</census-id>
    <name>fol. 034 r</name>
    <transcriptions>
      <transcription>
        <inscription>SC</inscription>
        <inscription-type>coin legend</inscription-type>
      </transcription>
      <transcription>
        <inscription>SPQR</inscription>
        <inscription-type>coin legend</inscription-type>
      </transcription>
    </transcriptions>
    <monuments>
      <monument>
        <census-id>10044359</census-id>
        <label>Dupondius of Tiberius (Augustus / Victory, RIC 77)</label>
      </monument>
    </monuments>
  </document>
  <document>
    <census-id>10172134</census-id>
    <name>fol. 037 r</name>
    <transcriptions>
      <transcription>
        <inscription>DIVVS AVGVSTVS PATER</inscription>
        <inscription-type>coin legend</inscription-type>
      </transcription>
    </transcriptions>
    <monuments>
      <monument>
        <census-id>10025387</census-id>
        <label>As of Tiberius (Augustus / Female Figure Seated, RIC 72)</label>
      </monument>
    </monuments>
  </document>
  <document>
    <census-id>10172137</census-id>
    <name>fol. 038 r</name>
    <transcriptions>
      <transcription>
        <inscription>SC</inscription>
        <inscription-type>coin legend</inscription-type>
      </transcription>
    </transcriptions>
    <monuments>
      <monument>
        <census-id>10025387</census-id>
        <label>As of Tiberius (Augustus / Female Figure Seated, RIC 72)</label>
      </monument>
    </monuments>
  </document>
  <document>
    <census-id>10177409</census-id>
    <name>fol. 043 r</name>
    <transcriptions>
      <transcription>
        <inscription>CAESAR AVGVSTVS DIVI F PATER PATRIAE</inscription>
        <inscription-type>coin legend</inscription-type>
      </transcription>
    </transcriptions>
    <monuments>
      <monument>
        <census-id>10177393</census-id>
        <label>Aureus of Augustus / Gaius and Lucius Caesar (RIC 206) (owner: G. Romano)</label>
      </monument>
    </monuments>
  </document>
  <document>
    <census-id>10169218</census-id>
    <name>fol. 044 r</name>
    <transcriptions>
      <transcription>
        <inscription>ROM ET AVG</inscription>
        <inscription-type>coin legend</inscription-type>
      </transcription>
    </transcriptions>
    <monuments>
      <monument>
        <census-id>10025720</census-id>
        <label>As of Augustus / Altar (RIC 230)</label>
      </monument>
      <monument>
        <census-id>10025800</census-id>
        <label>Sestertius of Augustus / Altar (RIC 229)</label>
      </monument>
    </monuments>
  </document>
  <document>
    <census-id>10172140</census-id>
    <name>fol. 045 r</name>
    <transcriptions>
      <transcription>
        <inscription>DIVVS AVGVSTVS PATER</inscription>
        <inscription-type>coin legend</inscription-type>
      </transcription>
    </transcriptions>
    <monuments>
      <monument>
        <census-id>10044331</census-id>
        <label>As of Tiberius (Augustus / Eagle, RIC 82)</label>
      </monument>
    </monuments>
  </document>
  <document>
    <census-id>10172156</census-id>
    <name>fol. 046 r</name>
    <transcriptions>
      <transcription>
        <inscription>SC</inscription>
        <inscription-type>coin legend</inscription-type>
      </transcription>
    </transcriptions>
    <monuments>
      <monument>
        <census-id>10044331</census-id>
        <label>As of Tiberius (Augustus / Eagle, RIC 82)</label>
      </monument>
    </monuments>
  </document>
  <document>
    <census-id>10172220</census-id>
    <name>fol. 047 r</name>
    <transcriptions>
      <transcription>
        <inscription>DIVVS AVGVSTVS PATER</inscription>
        <inscription-type>coin legend</inscription-type>
      </transcription>
    </transcriptions>
    <monuments>
      <monument>
        <census-id>10044338</census-id>
        <label>As of Tiberius (Augustus / Thunderbolt, RIC 83)</label>
      </monument>
    </monuments>
  </document>
  <document>
    <census-id>10169405</census-id>
    <name>fol. 048 r</name>
    <transcriptions>
      <transcription>
        <inscription>SC</inscription>
        <inscription-type>coin legend</inscription-type>
      </transcription>
    </transcriptions>
    <monuments>
      <monument>
        <census-id>10044338</census-id>
        <label>As of Tiberius (Augustus / Thunderbolt, RIC 83)</label>
      </monument>
    </monuments>
  </document>
  <document>
    <census-id>10169957</census-id>
    <name>fol. 051 r</name>
    <transcriptions>
      <transcription>
        <inscription>DIVVS AVGVSTVS PATER</inscription>
        <inscription-type>coin legend</inscription-type>
      </transcription>
    </transcriptions>
    <monuments>
      <monument>
        <census-id>10025414</census-id>
        <label>Dupondius of Tiberius (Augustus / SC, RIC 79)</label>
      </monument>
    </monuments>
  </document>
  <document>
    <census-id>10171292</census-id>
    <name>fol. 052 r</name>
    <transcriptions>
      <transcription>
        <inscription>SC</inscription>
        <inscription-type>coin legend</inscription-type>
      </transcription>
    </transcriptions>
    <monuments>
      <monument>
        <census-id>10025414</census-id>
        <label>Dupondius of Tiberius (Augustus / SC, RIC 79)</label>
      </monument>
    </monuments>
  </document>
  <document>
    <census-id>10169629</census-id>
    <name>fol. 055 r</name>
    <transcriptions>
      <transcription>
        <inscription>DIVVS AVGVSTVS PATER</inscription>
        <inscription-type>coin legend</inscription-type>
      </transcription>
    </transcriptions>
    <monuments>
      <monument>
        <census-id>10044305</census-id>
        <label>As of Tiberius (Augustus / Altar, RIC 81)</label>
      </monument>
    </monuments>
  </document>
  <document>
    <census-id>10171862</census-id>
    <name>fol. 056 r</name>
    <transcriptions>
      <transcription>
        <inscription>SC PROVIDENTIA</inscription>
        <inscription-type>coin legend</inscription-type>
      </transcription>
    </transcriptions>
    <monuments>
      <monument>
        <census-id>10044305</census-id>
        <label>As of Tiberius (Augustus / Altar, RIC 81)</label>
      </monument>
    </monuments>
  </document>
  <document>
    <census-id>10206512</census-id>
    <name>fol. 065 r</name>
    <transcriptions>
      <transcription>
        <inscription>ANT AVG III VIR R P C</inscription>
        <inscription-type>coin legend</inscription-type>
      </transcription>
    </transcriptions>
    <monuments>
      <monument>
        <census-id>10058035</census-id>
        <label>Denarius of M. Antonius (Ship / Legionary Standards, RRC 544.9)</label>
      </monument>
    </monuments>
  </document>
  <document>
    <census-id>10206517</census-id>
    <name>fol. 066 r</name>
    <transcriptions>
      <transcription>
        <inscription>LEG XII ANTIQVAE</inscription>
        <inscription-type>coin legend</inscription-type>
      </transcription>
    </transcriptions>
    <monuments>
      <monument>
        <census-id>10058035</census-id>
        <label>Denarius of M. Antonius (Ship / Legionary Standards, RRC 544.9)</label>
      </monument>
    </monuments>
  </document>
  <document>
    <census-id>10206500</census-id>
    <name>fol. 067 r</name>
    <transcriptions>
      <transcription>
        <inscription>ANT AVG III VIR R P C</inscription>
        <inscription-type>coin legend</inscription-type>
      </transcription>
    </transcriptions>
    <monuments>
      <monument>
        <census-id>10206445</census-id>
        <label>Aureus of M. Antonius  (Ship / Legionary Standards, RRC 544.1) (owner: H. Agninus)</label>
      </monument>
    </monuments>
  </document>
  <document>
    <census-id>10206505</census-id>
    <name>fol. 068 r</name>
    <transcriptions>
      <transcription>
        <inscription>COHORTIVM PRAETORIANORVM</inscription>
        <inscription-type>coin legend</inscription-type>
      </transcription>
    </transcriptions>
    <monuments>
      <monument>
        <census-id>10206445</census-id>
        <label>Aureus of M. Antonius  (Ship / Legionary Standards, RRC 544.1) (owner: H. Agninus)</label>
      </monument>
    </monuments>
  </document>
  <document>
    <census-id>10206463</census-id>
    <name>fol. 069 r</name>
    <transcriptions>
      <transcription>
        <inscription>ANT AVG III VIR R P C</inscription>
        <inscription-type>coin legend</inscription-type>
      </transcription>
    </transcriptions>
    <monuments>
      <monument>
        <census-id>10206448</census-id>
        <label>Aureus of M. Antonius  (Ship / Legionary Standards, RRC 544.4) (owner: H. Agninus)</label>
      </monument>
    </monuments>
  </document>
  <document>
    <census-id>10206460</census-id>
    <name>fol. 070 r</name>
    <transcriptions>
      <transcription>
        <inscription>LEG II</inscription>
        <inscription-type>coin legend</inscription-type>
      </transcription>
    </transcriptions>
    <monuments>
      <monument>
        <census-id>10206448</census-id>
        <label>Aureus of M. Antonius  (Ship / Legionary Standards, RRC 544.4) (owner: H. Agninus)</label>
      </monument>
    </monuments>
  </document>
  <document>
    <census-id>10206525</census-id>
    <name>fol. 071 r</name>
    <transcriptions>
      <transcription>
        <inscription>LEG XVIII LYBICAE</inscription>
        <inscription-type>coin legend</inscription-type>
      </transcription>
    </transcriptions>
    <monuments>
      <monument>
        <census-id>10058083</census-id>
        <label>Denarius of M. Antonius (Ship / Legionary Standards, RRC 544.11)</label>
      </monument>
    </monuments>
  </document>
  <document>
    <census-id>10206530</census-id>
    <name>fol. 072 r</name>
    <transcriptions>
      <transcription>
        <inscription>ANT AVG III VIR R P C</inscription>
        <inscription-type>coin legend</inscription-type>
      </transcription>
    </transcriptions>
    <monuments>
      <monument>
        <census-id>10058083</census-id>
        <label>Denarius of M. Antonius (Ship / Legionary Standards, RRC 544.11)</label>
      </monument>
    </monuments>
  </document>
  <document>
    <census-id>10206482</census-id>
    <name>fol. 075 r</name>
    <transcriptions>
      <transcription>
        <inscription>ANT AVG III VIR R P C</inscription>
        <inscription-type>coin legend</inscription-type>
      </transcription>
    </transcriptions>
    <monuments>
      <monument>
        <census-id>10206440</census-id>
        <label>Denarius of M. Antonius (Ship / Legionary Standards, RRC 544.9) (owner: H. Agninus)</label>
      </monument>
    </monuments>
  </document>
  <document>
    <census-id>10206489</census-id>
    <name>fol. 076 r</name>
    <transcriptions>
      <transcription>
        <inscription>LEGIO XVI ANTIQVAE</inscription>
        <inscription-type>coin legend</inscription-type>
      </transcription>
    </transcriptions>
    <monuments>
      <monument>
        <census-id>10206440</census-id>
        <label>Denarius of M. Antonius (Ship / Legionary Standards, RRC 544.9) (owner: H. Agninus)</label>
      </monument>
    </monuments>
  </document>
  <document>
    <census-id>10206544</census-id>
    <name>fol. 077 r</name>
    <transcriptions>
      <transcription>
        <inscription>ANT AVG III VIR R P C</inscription>
        <inscription-type>coin legend</inscription-type>
      </transcription>
    </transcriptions>
    <monuments>
      <monument>
        <census-id>10057941</census-id>
        <label>Denarius of M. Antonius (Ship / Legionary Standards, RRC 544.12)</label>
      </monument>
    </monuments>
  </document>
  <document>
    <census-id>10206547</census-id>
    <name>fol. 078 r</name>
    <transcriptions>
      <transcription>
        <inscription>COHORTIS SPECVLATORVM</inscription>
        <inscription-type>coin legend</inscription-type>
      </transcription>
    </transcriptions>
    <monuments>
      <monument>
        <census-id>10057941</census-id>
        <label>Denarius of M. Antonius (Ship / Legionary Standards, RRC 544.12)</label>
      </monument>
    </monuments>
  </document>
  <document>
    <census-id>10177756</census-id>
    <name>fol. 087 r</name>
    <transcriptions>
      <transcription>
        <inscription>&#931;EBASTO&#931; KAI&#931;AP</inscription>
        <inscription-type>coin legend</inscription-type>
      </transcription>
    </transcriptions>
    <monuments>
      <monument>
        <census-id>10177749</census-id>
        <label>Bronze Coin of Syria  (Head of Augustus / Wreath, RPC I 4250) (owner: P. Ramez)</label>
      </monument>
    </monuments>
  </document>
  <document>
    <census-id>10177992</census-id>
    <name>fol. 113 r</name>
    <transcriptions>
      <transcription>
        <inscription>BA&#931;TOY KAI&#931;APO&#931; &#931;E</inscription>
        <inscription-type>coin legend</inscription-type>
      </transcription>
    </transcriptions>
    <monuments>
      <monument>
        <census-id>10177963</census-id>
        <label>Silver Tetradrachm of Antioch (Laureate Head / Tyche Holding Palm Branch and River God, RPC I 4158) (owner: F. Veniero)</label>
      </monument>
    </monuments>
  </document>
  <document>
    <census-id>10177996</census-id>
    <name>fol. 132 r</name>
    <transcriptions>
      <transcription>
        <inscription>&#923;NTIOXE&#937; &#923;E&#937;&#931;</inscription>
        <inscription-type>coin legend</inscription-type>
      </transcription>
      <transcription>
        <inscription>R&#923;&#916;N&#13;
VAT</inscription>
        <inscription-type>coin legend</inscription-type>
      </transcription>
    </transcriptions>
    <monuments>
      <monument>
        <census-id>10177963</census-id>
        <label>Silver Tetradrachm of Antioch (Laureate Head / Tyche Holding Palm Branch and River God, RPC I 4158) (owner: F. Veniero)</label>
      </monument>
    </monuments>
  </document>
  <document>
    <census-id>10180964</census-id>
    <name>fol. 139 r</name>
    <transcriptions>
      <transcription>
        <inscription>AYT</inscription>
        <inscription-type>coin legend</inscription-type>
      </transcription>
    </transcriptions>
    <monuments>
      <monument>
        <census-id>10177823</census-id>
        <label>Bronze Coin of Antioch (Bare Head / Laurel Wreath and Greek Legend, RPC I 4270) (owner: P. Ramez) </label>
      </monument>
    </monuments>
  </document>
  <document>
    <census-id>10180970</census-id>
    <name>fol. 140 r</name>
    <transcriptions>
      <transcription>
        <inscription>&#923;...&#931;IE&#928;I&#931;Y..AN...ANTIOX&#1013;&#937;N</inscription>
        <inscription-type>coin legend</inscription-type>
      </transcription>
    </transcriptions>
    <monuments>
      <monument>
        <census-id>10177823</census-id>
        <label>Bronze Coin of Antioch (Bare Head / Laurel Wreath and Greek Legend, RPC I 4270) (owner: P. Ramez) </label>
      </monument>
    </monuments>
  </document>
  <document>
    <census-id>10177834</census-id>
    <name>fol. 141 r</name>
    <transcriptions>
      <transcription>
        <inscription>&#931;EBA&#931;TO&#931;</inscription>
        <inscription-type>coin legend</inscription-type>
      </transcription>
    </transcriptions>
    <monuments>
      <monument>
        <census-id>10177823</census-id>
        <label>Bronze Coin of Antioch (Bare Head / Laurel Wreath and Greek Legend, RPC I 4270) (owner: P. Ramez) </label>
      </monument>
    </monuments>
  </document>
  <document>
    <census-id>10177839</census-id>
    <name>fol. 142 r</name>
    <transcriptions>
      <transcription>
        <inscription>A &#915;&#928;I&#931;I &#923;ANOY ANTIOXEON</inscription>
        <inscription-type>coin legend</inscription-type>
      </transcription>
    </transcriptions>
    <monuments>
      <monument>
        <census-id>10177823</census-id>
        <label>Bronze Coin of Antioch (Bare Head / Laurel Wreath and Greek Legend, RPC I 4270) (owner: P. Ramez) </label>
      </monument>
    </monuments>
  </document>
  <document>
    <census-id>10177719</census-id>
    <name>fol. 143 r</name>
    <transcriptions>
      <transcription>
        <inscription>CAESAR AVGVSTVS DIVI F PATER PATRIAE</inscription>
        <inscription-type>coin legend</inscription-type>
      </transcription>
    </transcriptions>
    <monuments>
      <monument>
        <census-id>10177708</census-id>
        <label>Bronze Coin of Cos (Laureate Head / Heracles, RPC I 2733) (owner: A. Agust&#237;n) </label>
      </monument>
    </monuments>
  </document>
  <document>
    <census-id>10177723</census-id>
    <name>fol. 144 r</name>
    <monuments>
      <monument>
        <census-id>10177708</census-id>
        <label>Bronze Coin of Cos (Laureate Head / Heracles, RPC I 2733) (owner: A. Agust&#237;n) </label>
      </monument>
    </monuments>
  </document>
  <document>
    <census-id>10177739</census-id>
    <name>fol. 149 r</name>
    <monuments>
      <monument>
        <census-id>10177727</census-id>
        <label>Bronze Coin of Alexandria (Augustus / Capricorn, RPC I 5034) (owner: R. Odoni)</label>
      </monument>
    </monuments>
  </document>
  <document>
    <census-id>10177742</census-id>
    <name>fol. 150 r</name>
    <transcriptions>
      <transcription>
        <inscription>LAH &#931;EBASTOY</inscription>
        <inscription-type>coin legend</inscription-type>
      </transcription>
    </transcriptions>
    <monuments>
      <monument>
        <census-id>10177727</census-id>
        <label>Bronze Coin of Alexandria (Augustus / Capricorn, RPC I 5034) (owner: R. Odoni)</label>
      </monument>
    </monuments>
  </document>
  <document>
    <census-id>10178295</census-id>
    <name>fol. 153 r</name>
    <transcriptions>
      <transcription>
        <inscription>HP&#937; HP&#928; &#931;HNO&#916;H</inscription>
        <inscription-type>coin legend</inscription-type>
      </transcription>
    </transcriptions>
    <monuments>
      <monument>
        <census-id>10178286</census-id>
        <label>Bronze Coin of Chalkis (Head of Octavianus / Head of Zenodorus, RPC I 4774) (owner: G. Grimani)</label>
      </monument>
    </monuments>
  </document>
  <document>
    <census-id>10178299</census-id>
    <name>fol. 154 r</name>
    <transcriptions>
      <transcription>
        <inscription>HN LBHX</inscription>
        <inscription-type>coin legend</inscription-type>
      </transcription>
    </transcriptions>
    <monuments>
      <monument>
        <census-id>10178286</census-id>
        <label>Bronze Coin of Chalkis (Head of Octavianus / Head of Zenodorus, RPC I 4774) (owner: G. Grimani)</label>
      </monument>
    </monuments>
  </document>
  <document>
    <census-id>10177814</census-id>
    <name>fol. 155 r</name>
    <transcriptions>
      <transcription>
        <inscription>KAI&#931;AP</inscription>
        <inscription-type>coin legend</inscription-type>
      </transcription>
    </transcriptions>
    <monuments>
      <monument>
        <census-id>10177804</census-id>
        <label>Bronze Coin of Cydonia (Divus Augustus / Hexastyle Temple, RPC I 1013) (owner: A. Grimani)</label>
      </monument>
    </monuments>
  </document>
  <document>
    <census-id>10177818</census-id>
    <name>fol. 156 r</name>
    <transcriptions>
      <transcription>
        <inscription>&#928;I&#923;E</inscription>
        <inscription-type>coin legend</inscription-type>
      </transcription>
    </transcriptions>
    <monuments>
      <monument>
        <census-id>10177804</census-id>
        <label>Bronze Coin of Cydonia (Divus Augustus / Hexastyle Temple, RPC I 1013) (owner: A. Grimani)</label>
      </monument>
    </monuments>
  </document>
  <document>
    <census-id>10177855</census-id>
    <name>fol. 159 r</name>
    <transcriptions>
      <transcription>
        <inscription>AYT</inscription>
        <inscription-type>coin legend</inscription-type>
      </transcription>
    </transcriptions>
    <monuments>
      <monument>
        <census-id>10177846</census-id>
        <label>Bronze Coin of Pergamum (Augustus and Tiberius / Livia, RPC 2368) (owner: S. Erizzo) </label>
      </monument>
    </monuments>
  </document>
  <document>
    <census-id>10177919</census-id>
    <name>fol. 160 r</name>
    <transcriptions>
      <transcription>
        <inscription>&#916; MHNO&#931; K</inscription>
        <inscription-type>coin legend</inscription-type>
      </transcription>
    </transcriptions>
    <monuments>
      <monument>
        <census-id>10177846</census-id>
        <label>Bronze Coin of Pergamum (Augustus and Tiberius / Livia, RPC 2368) (owner: S. Erizzo) </label>
      </monument>
    </monuments>
  </document>
  <document>
    <census-id>10177933</census-id>
    <name>fol. 165 r</name>
    <monuments>
      <monument>
        <census-id>10177924</census-id>
        <label>Bronze Coin of Alexandria (Laureate Head of Augustus / Europa Riding on Bull, RPC I 4609) (owner: J. Strada)</label>
      </monument>
    </monuments>
  </document>
  <document>
    <census-id>10177936</census-id>
    <name>fol. 166 r</name>
    <transcriptions>
      <transcription>
        <inscription>&#920;&#926;I</inscription>
        <inscription-type>coin legend</inscription-type>
      </transcription>
      <transcription>
        <inscription>&#931;I&#916;&#937;N &#937;&#931; </inscription>
        <inscription-type>coin legend</inscription-type>
      </transcription>
    </transcriptions>
    <monuments>
      <monument>
        <census-id>10177924</census-id>
        <label>Bronze Coin of Alexandria (Laureate Head of Augustus / Europa Riding on Bull, RPC I 4609) (owner: J. Strada)</label>
      </monument>
    </monuments>
  </document>
  <document>
    <census-id>10177957</census-id>
    <name>fol. 174 r</name>
    <transcriptions>
      <transcription>
        <inscription>&#920; EAPCOMH IEPACNPH</inscription>
        <inscription-type>coin legend</inscription-type>
      </transcription>
      <transcription>
        <inscription>IAI</inscription>
        <inscription-type>coin legend</inscription-type>
      </transcription>
    </transcriptions>
    <monuments>
      <monument>
        <census-id>10177941</census-id>
        <label>Bronze Coin of Ilium (Bust of Caligula and Divus Augustus / Bust of Roma and Senate, Statue of Athena Ilias, RPC I 2312) (owner: J. Strada)</label>
      </monument>
    </monuments>
  </document>
  <document>
    <census-id>10177953</census-id>
    <name>fol. 175 r</name>
    <transcriptions>
      <transcription>
        <inscription>AIOC KAICAP &#920;EOC AYTOKPAT&#969;R CEBACTO&#915;</inscription>
        <inscription-type>coin legend</inscription-type>
      </transcription>
    </transcriptions>
    <monuments>
      <monument>
        <census-id>10177941</census-id>
        <label>Bronze Coin of Ilium (Bust of Caligula and Divus Augustus / Bust of Roma and Senate, Statue of Athena Ilias, RPC I 2312) (owner: J. Strada)</label>
      </monument>
    </monuments>
  </document>
</documents>
