<?xml version="1.0" encoding="utf-8"?>
<documents>
  <document>
    <census-id>10183160</census-id>
    <name>fol. 009 r</name>
    <transcriptions>
      <transcription>
        <inscription>C CAESAR AVG GERMANICVS S PON M TR PO</inscription>
        <inscription-type>coin legend</inscription-type>
      </transcription>
    </transcriptions>
    <monuments>
      <monument>
        <census-id>10184762</census-id>
        <label>Sestertius of Caligula (Head of Caligula / 3 Sisters, RIC 33) (owner: J. Strada)</label>
      </monument>
    </monuments>
  </document>
  <document>
    <census-id>10183163</census-id>
    <name>fol. 010 r</name>
    <transcriptions>
      <transcription>
        <inscription>AGRIPPINA DRUSILLA IVLIA S C</inscription>
        <inscription-type>coin legend</inscription-type>
      </transcription>
    </transcriptions>
    <monuments>
      <monument>
        <census-id>10184762</census-id>
        <label>Sestertius of Caligula (Head of Caligula / 3 Sisters, RIC 33) (owner: J. Strada)</label>
      </monument>
    </monuments>
  </document>
  <document>
    <census-id>10183177</census-id>
    <name>fol. 011 r</name>
    <transcriptions>
      <transcription>
        <inscription>C CAESAR GERMANICVS PON M TR POT</inscription>
        <inscription-type>coin legend</inscription-type>
      </transcription>
    </transcriptions>
    <monuments>
      <monument>
        <census-id>10025292</census-id>
        <label>Sestertius of Caligula (Head of Caligula / Adlocutio, RIC 32)</label>
      </monument>
      <monument>
        <census-id>10184765</census-id>
        <label>Sestertius of Caligula (Head of Caligula / Adlocutio, RIC 32) (owner: J. Strada)</label>
      </monument>
    </monuments>
  </document>
  <document>
    <census-id>10183180</census-id>
    <name>fol. 012 r</name>
    <transcriptions>
      <transcription>
        <inscription>ADLOCV&#13;
COH</inscription>
        <inscription-type>coin legend</inscription-type>
      </transcription>
    </transcriptions>
    <monuments>
      <monument>
        <census-id>10025292</census-id>
        <label>Sestertius of Caligula (Head of Caligula / Adlocutio, RIC 32)</label>
      </monument>
      <monument>
        <census-id>10184765</census-id>
        <label>Sestertius of Caligula (Head of Caligula / Adlocutio, RIC 32) (owner: J. Strada)</label>
      </monument>
    </monuments>
  </document>
  <document>
    <census-id>10183201</census-id>
    <name>fol. 013 r</name>
    <transcriptions>
      <transcription>
        <inscription>NERO ET DRVSVS CAESARES</inscription>
        <inscription-type>coin legend</inscription-type>
      </transcription>
    </transcriptions>
    <monuments>
      <monument>
        <census-id>10183188</census-id>
        <label>Dupondius of Caligula (Nero and Drusus riding / SC, RIC 34) (owner: A. Agust&#237;n)</label>
      </monument>
      <monument>
        <census-id>10185388</census-id>
        <label>Dupondius of Caligula (Nero and Drusus riding / SC, RIC 34) (owner: G. Romano)</label>
      </monument>
    </monuments>
  </document>
  <document>
    <census-id>10183197</census-id>
    <name>fol. 014 r</name>
    <transcriptions>
      <transcription>
        <inscription>CCAESAR AVG GERMANICVS PON M TR POT  S C </inscription>
        <inscription-type>coin legend</inscription-type>
      </transcription>
    </transcriptions>
    <monuments>
      <monument>
        <census-id>10183188</census-id>
        <label>Dupondius of Caligula (Nero and Drusus riding / SC, RIC 34) (owner: A. Agust&#237;n)</label>
      </monument>
      <monument>
        <census-id>10185388</census-id>
        <label>Dupondius of Caligula (Nero and Drusus riding / SC, RIC 34) (owner: G. Romano)</label>
      </monument>
    </monuments>
  </document>
  <document>
    <census-id>10183353</census-id>
    <name>fol. 015 r</name>
    <transcriptions>
      <transcription>
        <inscription>C. CAESAR AVG GERMANICVS PON M TR POT</inscription>
        <inscription-type>coin legend</inscription-type>
      </transcription>
    </transcriptions>
    <monuments>
      <monument>
        <census-id>10043089</census-id>
        <label>As of Caligula (Caligula/ Vesta (RIC 38)</label>
      </monument>
      <monument>
        <census-id>10183344</census-id>
        <label>As of Caligula (Caligula/ Vesta (RIC 38) (owner: J. Strada)</label>
      </monument>
    </monuments>
  </document>
  <document>
    <census-id>10185329</census-id>
    <name>fol. 016 r</name>
    <transcriptions>
      <transcription>
        <inscription>C CAESAR AVG GERMANICVS PONT M TR POT</inscription>
        <inscription-type>coin legend</inscription-type>
      </transcription>
    </transcriptions>
    <monuments>
      <monument>
        <census-id>10051177</census-id>
        <label>As of Caligula (Germanicus / SC, RIC 35)</label>
      </monument>
      <monument>
        <census-id>10051192</census-id>
        <label>Dupondius of Caligula (Nero and Drusus riding / SC, RIC 34)</label>
      </monument>
    </monuments>
  </document>
  <document>
    <census-id>10185333</census-id>
    <name>fol. 017 r</name>
    <transcriptions>
      <transcription>
        <inscription>C CAESAR AVG GERM P M TR POT COS</inscription>
        <inscription-type>coin legend</inscription-type>
      </transcription>
    </transcriptions>
    <monuments>
      <monument>
        <census-id>10043046</census-id>
        <label>Denarius of Caligula (Head of Caligula / Augustus, RIC 2)</label>
      </monument>
    </monuments>
  </document>
  <document>
    <census-id>10185343</census-id>
    <name>fol. 018 r</name>
    <transcriptions>
      <transcription>
        <inscription>C CAESAR AVG GERM P M TR POT</inscription>
        <inscription-type>coin legend</inscription-type>
      </transcription>
    </transcriptions>
    <monuments>
      <monument>
        <census-id>10185340</census-id>
        <label>Denarius of Caligula (Head of Caligula / Head of Augustus, RIC 12)</label>
      </monument>
    </monuments>
  </document>
  <document>
    <census-id>10183397</census-id>
    <name>fol. 019 r</name>
    <transcriptions>
      <transcription>
        <inscription>C CAESAR AVG GERM P M TR POT COS</inscription>
        <inscription-type>coin legend</inscription-type>
      </transcription>
    </transcriptions>
    <monuments>
      <monument>
        <census-id>10183387</census-id>
        <label>Aureus of Caligula (Caligula / Augustus within Stars, RIC 1) (owner: A. Conteschi)</label>
      </monument>
    </monuments>
  </document>
  <document>
    <census-id>10183401</census-id>
    <name>fol. 020 r</name>
    <monuments>
      <monument>
        <census-id>10183387</census-id>
        <label>Aureus of Caligula (Caligula / Augustus within Stars, RIC 1) (owner: A. Conteschi)</label>
      </monument>
    </monuments>
  </document>
  <document>
    <census-id>10183234</census-id>
    <name>fol. 021 r</name>
    <transcriptions>
      <transcription>
        <inscription>C CAESAR AVG GERM P M TR POT COS</inscription>
        <inscription-type>coin legend</inscription-type>
      </transcription>
    </transcriptions>
    <monuments>
      <monument>
        <census-id>10043089</census-id>
        <label>As of Caligula (Caligula/ Vesta (RIC 38)</label>
      </monument>
      <monument>
        <census-id>10183223</census-id>
        <label>As of Caligula (Caligula/ Vesta (RIC 38) (owner: A. Agust&#237;n)</label>
      </monument>
      <monument>
        <census-id>10183344</census-id>
        <label>As of Caligula (Caligula/ Vesta (RIC 38) (owner: J. Strada)</label>
      </monument>
    </monuments>
  </document>
  <document>
    <census-id>10183237</census-id>
    <name>fol. 022 r</name>
    <transcriptions>
      <transcription>
        <inscription>VESTA S C</inscription>
        <inscription-type>coin legend</inscription-type>
      </transcription>
    </transcriptions>
    <monuments>
      <monument>
        <census-id>10043089</census-id>
        <label>As of Caligula (Caligula/ Vesta (RIC 38)</label>
      </monument>
      <monument>
        <census-id>10183223</census-id>
        <label>As of Caligula (Caligula/ Vesta (RIC 38) (owner: A. Agust&#237;n)</label>
      </monument>
      <monument>
        <census-id>10183344</census-id>
        <label>As of Caligula (Caligula/ Vesta (RIC 38) (owner: J. Strada)</label>
      </monument>
    </monuments>
  </document>
  <document>
    <census-id>10183424</census-id>
    <name>fol. 023 r</name>
    <monuments>
      <monument>
        <census-id>10183404</census-id>
        <label>Bronze Coin of Sidon, Tyre (Laureate Head/ Europa riding on Bull, RPC 4613) (owner: P. Ramez)</label>
      </monument>
    </monuments>
  </document>
  <document>
    <census-id>10183426</census-id>
    <name>fol. 024 r</name>
    <transcriptions>
      <transcription>
        <inscription>&#931;&#921;&#916;&#937;&#925;&#927;&#931;</inscription>
        <inscription-type>coin legend</inscription-type>
      </transcription>
    </transcriptions>
    <monuments>
      <monument>
        <census-id>10183404</census-id>
        <label>Bronze Coin of Sidon, Tyre (Laureate Head/ Europa riding on Bull, RPC 4613) (owner: P. Ramez)</label>
      </monument>
    </monuments>
  </document>
  <document>
    <census-id>10183296</census-id>
    <name>fol. 025 r</name>
    <transcriptions>
      <transcription>
        <inscription>C CAESAR AVG GERMANICVS IMP</inscription>
        <inscription-type>coin legend</inscription-type>
      </transcription>
    </transcriptions>
    <monuments>
      <monument>
        <census-id>10183287</census-id>
        <label>Copper Coin of Caesaraugusta (Caligula/ Priest ploughing, RPC 371) (owner: A. Agust&#237;n)</label>
      </monument>
    </monuments>
  </document>
  <document>
    <census-id>10183299</census-id>
    <name>fol. 026 r</name>
    <transcriptions>
      <transcription>
        <inscription>C C A LICINIANO ET GERMANO II VIR</inscription>
        <inscription-type>coin legend</inscription-type>
      </transcription>
    </transcriptions>
    <monuments>
      <monument>
        <census-id>10183287</census-id>
        <label>Copper Coin of Caesaraugusta (Caligula/ Priest ploughing, RPC 371) (owner: A. Agust&#237;n)</label>
      </monument>
    </monuments>
  </document>
  <document>
    <census-id>10183261</census-id>
    <name>fol. 029 r</name>
    <transcriptions>
      <transcription>
        <inscription>PIETAS C CAESAR DIVI AVG PRON AVG P M TR P III PP</inscription>
        <inscription-type>coin legend</inscription-type>
      </transcription>
    </transcriptions>
    <monuments>
      <monument>
        <census-id>10183247</census-id>
        <label>Sestertius of Caligula (Pietas seated / Hexastyle temple, RIC 36) (owner: A. Agust&#237;n)</label>
      </monument>
      <monument>
        <census-id>10183250</census-id>
        <label>Sestertius of Caligula (Pietas seated / Hexastyle temple, RIC 36) (owner: J. Strada)</label>
      </monument>
      <monument>
        <census-id>10184773</census-id>
        <label>Sestertius of Caligula (Pietas seated / Hexastyle temple, RIC 36)</label>
      </monument>
    </monuments>
  </document>
  <document>
    <census-id>10183264</census-id>
    <name>fol. 030 r</name>
    <transcriptions>
      <transcription>
        <inscription>DIVO AVG</inscription>
        <inscription-type>coin legend</inscription-type>
      </transcription>
    </transcriptions>
    <monuments>
      <monument>
        <census-id>10183247</census-id>
        <label>Sestertius of Caligula (Pietas seated / Hexastyle temple, RIC 36) (owner: A. Agust&#237;n)</label>
      </monument>
      <monument>
        <census-id>10183250</census-id>
        <label>Sestertius of Caligula (Pietas seated / Hexastyle temple, RIC 36) (owner: J. Strada)</label>
      </monument>
      <monument>
        <census-id>10184773</census-id>
        <label>Sestertius of Caligula (Pietas seated / Hexastyle temple, RIC 36)</label>
      </monument>
    </monuments>
  </document>
  <document>
    <census-id>10185353</census-id>
    <name>fol. 034 r</name>
    <transcriptions>
      <transcription>
        <inscription>VICTORIA AVGVST</inscription>
        <inscription-type>coin legend</inscription-type>
      </transcription>
    </transcriptions>
    <monuments>
      <monument>
        <census-id>10185350</census-id>
        <label>Dupondius of Nero (Head of Nero / Victoria flying, RIC 116)</label>
      </monument>
    </monuments>
  </document>
  <document>
    <census-id>10185372</census-id>
    <name>fol. 035 r</name>
    <transcriptions>
      <transcription>
        <inscription>C CAES AVG GERM GERMANICVS CAES P</inscription>
        <inscription-type>coin legend</inscription-type>
      </transcription>
    </transcriptions>
    <monuments>
      <monument>
        <census-id>10043046</census-id>
        <label>Denarius of Caligula (Head of Caligula / Augustus, RIC 2)</label>
      </monument>
    </monuments>
  </document>
  <document>
    <census-id>10185375</census-id>
    <name>fol. 036 r</name>
    <monuments>
      <monument>
        <census-id>10043046</census-id>
        <label>Denarius of Caligula (Head of Caligula / Augustus, RIC 2)</label>
      </monument>
    </monuments>
  </document>
  <document>
    <census-id>10183315</census-id>
    <name>fol. 037 r</name>
    <transcriptions>
      <transcription>
        <inscription>C CAESAR DIVI AVG PRON AVG P M TR POT III P P</inscription>
        <inscription-type>coin legend</inscription-type>
      </transcription>
    </transcriptions>
    <monuments>
      <monument>
        <census-id>10183340</census-id>
        <label>Dupondius of Caligula (Nero and Drusus Caesar Riding/ S C, RIC 42) (owner: J. Strada)</label>
      </monument>
    </monuments>
  </document>
  <document>
    <census-id>10183318</census-id>
    <name>fol. 038 r</name>
    <transcriptions>
      <transcription>
        <inscription>EX SC P P OB CIVES SERVATOS</inscription>
        <inscription-type>coin legend</inscription-type>
      </transcription>
    </transcriptions>
    <monuments>
      <monument>
        <census-id>10183305</census-id>
        <label>Sestertius of Claudius (Claudius / Oak-wreath, RIC 96) (owner: J. Strada)</label>
      </monument>
    </monuments>
  </document>
  <document>
    <census-id>10185364</census-id>
    <name>fol. 041 r</name>
    <transcriptions>
      <transcription>
        <inscription>C CAESAR AVG GERM P M TR POT</inscription>
        <inscription-type>coin legend</inscription-type>
      </transcription>
    </transcriptions>
    <monuments>
      <monument>
        <census-id>10185360</census-id>
        <label>Aureus of Caligula (Head of Caligula / Agrippina Maior, RIC 7)</label>
      </monument>
    </monuments>
  </document>
  <document>
    <census-id>10185367</census-id>
    <name>fol. 042 r</name>
    <transcriptions>
      <transcription>
        <inscription>AGRIPPINA MAT C CAES AVG GERM</inscription>
        <inscription-type>coin legend</inscription-type>
      </transcription>
    </transcriptions>
    <monuments>
      <monument>
        <census-id>10185360</census-id>
        <label>Aureus of Caligula (Head of Caligula / Agrippina Maior, RIC 7)</label>
      </monument>
    </monuments>
  </document>
  <document>
    <census-id>10183217</census-id>
    <name>fol. 043 r</name>
    <transcriptions>
      <transcription>
        <inscription>C CAESAR DIVI AVG PRON AVG S C</inscription>
        <inscription-type>coin legend</inscription-type>
      </transcription>
    </transcriptions>
    <monuments>
      <monument>
        <census-id>10183207</census-id>
        <label>Quadrans of Caligula (Pileus between SC / R CC, RIC 39) (owner: A. Maffei)</label>
      </monument>
    </monuments>
  </document>
  <document>
    <census-id>10183220</census-id>
    <name>fol. 044 r</name>
    <transcriptions>
      <transcription>
        <inscription>PON M TRBVN POTIIIIP P COS TERT RCC</inscription>
        <inscription-type>coin legend</inscription-type>
      </transcription>
    </transcriptions>
    <monuments>
      <monument>
        <census-id>10183207</census-id>
        <label>Quadrans of Caligula (Pileus between SC / R CC, RIC 39) (owner: A. Maffei)</label>
      </monument>
    </monuments>
  </document>
  <document>
    <census-id>10185384</census-id>
    <name>fol. 045 r</name>
    <transcriptions>
      <transcription>
        <inscription>C CAESAR AVG GERM</inscription>
        <inscription-type>coin legend</inscription-type>
      </transcription>
    </transcriptions>
    <monuments>
      <monument>
        <census-id>10185381</census-id>
        <label>Aureus of Caligula (Head of Caligula / Draped Victoria on Globe, RIC 20)</label>
      </monument>
    </monuments>
  </document>
  <document>
    <census-id>10185397</census-id>
    <name>fol. 047 r</name>
    <transcriptions>
      <transcription>
        <inscription>&#915; KAI&#931;&#913;P &#915;EPM APX &#923;&#917;&#915; &#916;&#919;&#924;E&#931;OY&#931;IA&#931; Y&#928;&#913;&#932;</inscription>
        <inscription-type>coin legend</inscription-type>
      </transcription>
    </transcriptions>
    <monuments>
      <monument>
        <census-id>10184586</census-id>
        <label>Copper Coin of Cnossus (Head of Nero / Heads of Nero and Octavia, RPC I 1005)</label>
      </monument>
    </monuments>
  </document>
  <document>
    <census-id>10185401</census-id>
    <name>fol. 048 r</name>
    <transcriptions>
      <transcription>
        <inscription>IOCIAW&#923;I</inscription>
        <inscription-type>coin legend</inscription-type>
      </transcription>
    </transcriptions>
    <monuments>
      <monument>
        <census-id>10184586</census-id>
        <label>Copper Coin of Cnossus (Head of Nero / Heads of Nero and Octavia, RPC I 1005)</label>
      </monument>
    </monuments>
  </document>
  <document>
    <census-id>10185407</census-id>
    <name>fol. 049 r</name>
    <transcriptions>
      <transcription>
        <inscription>&#915; &#922;&#913;&#906;&#931;&#913;&#929; &#915;&#917;&#929;&#924;&#913;&#925;&#921;&#922;&#908;&#931; &#931;&#917;&#914;&#913;&#931;&#932;&#908;&#931;</inscription>
        <inscription-type>coin legend</inscription-type>
      </transcription>
    </transcriptions>
    <monuments>
      <monument>
        <census-id>10185405</census-id>
        <label>Bronze Coin of Macedonia (Head of Caligula / Artemis Tauropoulos, RPC 1629)</label>
      </monument>
    </monuments>
  </document>
  <document>
    <census-id>10185415</census-id>
    <name>fol. 050 r</name>
    <transcriptions>
      <transcription>
        <inscription>&#913;&#924;&#934;&#906;&#928;&#927;&#923;E&#921;&#932;&#911;&#925;</inscription>
        <inscription-type>coin legend</inscription-type>
      </transcription>
    </transcriptions>
    <monuments>
      <monument>
        <census-id>10185405</census-id>
        <label>Bronze Coin of Macedonia (Head of Caligula / Artemis Tauropoulos, RPC 1629)</label>
      </monument>
    </monuments>
  </document>
  <document>
    <census-id>10185420</census-id>
    <name>fol. 051 r</name>
    <transcriptions>
      <transcription>
        <inscription>&#915;&#902;&#921;&#927;&#931; &#922;&#913;&#906;&#931;&#913;&#929; &#922;&#908; &#916;&#919;&#924; &#917;&#931;&#927;KY&#928;A</inscription>
        <inscription-type>coin legend</inscription-type>
      </transcription>
    </transcriptions>
    <monuments>
      <monument>
        <census-id>10185419</census-id>
        <label>Silver Coin of Crete (Head of Caligula / Augustus seated with Patera and Sceptre, RPC 964)</label>
      </monument>
    </monuments>
  </document>
  <document>
    <census-id>10185423</census-id>
    <name>fol. 052 r</name>
    <monuments>
      <monument>
        <census-id>10185419</census-id>
        <label>Silver Coin of Crete (Head of Caligula / Augustus seated with Patera and Sceptre, RPC 964)</label>
      </monument>
    </monuments>
  </document>
  <document>
    <census-id>10183445</census-id>
    <name>fol. 053 r</name>
    <transcriptions>
      <transcription>
        <inscription>&#915; &#922;&#913;&#921;&#931;&#913;&#929; &#931; &#915;</inscription>
        <inscription-type>coin legend</inscription-type>
      </transcription>
    </transcriptions>
    <monuments>
      <monument>
        <census-id>10183434</census-id>
        <label>Drachme of Cyrenaica/Crete (Head of Caligula/ Augustus and Stars, RPC 965) (owner: P. Ramez)</label>
      </monument>
    </monuments>
  </document>
  <document>
    <census-id>10183448</census-id>
    <name>fol. 054 r</name>
    <monuments>
      <monument>
        <census-id>10183434</census-id>
        <label>Drachme of Cyrenaica/Crete (Head of Caligula/ Augustus and Stars, RPC 965) (owner: P. Ramez)</label>
      </monument>
    </monuments>
  </document>
  <document>
    <census-id>10185431</census-id>
    <name>fol. 063 r</name>
    <transcriptions>
      <transcription>
        <inscription>GERMANICVS CAESAR TI AVG F DIVI AVG N</inscription>
        <inscription-type>coin legend</inscription-type>
      </transcription>
    </transcriptions>
    <monuments>
      <monument>
        <census-id>10185429</census-id>
        <label>As of Caligula (Head of Germanicus / Legend surrounding SC, RIC 50)</label>
      </monument>
    </monuments>
  </document>
  <document>
    <census-id>10185434</census-id>
    <name>fol. 064 r</name>
    <transcriptions>
      <transcription>
        <inscription>C CAESAR DIVI AVG PRON AVG PM TR P IIII P P</inscription>
        <inscription-type>coin legend</inscription-type>
      </transcription>
    </transcriptions>
    <monuments>
      <monument>
        <census-id>10185429</census-id>
        <label>As of Caligula (Head of Germanicus / Legend surrounding SC, RIC 50)</label>
      </monument>
    </monuments>
  </document>
  <document>
    <census-id>10185536</census-id>
    <name>fol. 067 r</name>
    <transcriptions>
      <transcription>
        <inscription>GERMANICVS CAESAR ARTI AVG F DIVI AVG N</inscription>
        <inscription-type>coin legend</inscription-type>
      </transcription>
    </transcriptions>
    <monuments>
      <monument>
        <census-id>10051177</census-id>
        <label>As of Caligula (Germanicus / SC, RIC 35)</label>
      </monument>
      <monument>
        <census-id>10185429</census-id>
        <label>As of Caligula (Head of Germanicus / Legend surrounding SC, RIC 50)</label>
      </monument>
    </monuments>
  </document>
  <document>
    <census-id>10185539</census-id>
    <name>fol. 069 r</name>
    <transcriptions>
      <transcription>
        <inscription>GERMANICVS CAESAR TI AVG F DIVI AVG N</inscription>
        <inscription-type>coin legend</inscription-type>
      </transcription>
    </transcriptions>
    <monuments>
      <monument>
        <census-id>10051177</census-id>
        <label>As of Caligula (Germanicus / SC, RIC 35)</label>
      </monument>
      <monument>
        <census-id>10185429</census-id>
        <label>As of Caligula (Head of Germanicus / Legend surrounding SC, RIC 50)</label>
      </monument>
    </monuments>
  </document>
  <document>
    <census-id>10185542</census-id>
    <name>fol. 071 r</name>
    <transcriptions>
      <transcription>
        <inscription>GERMANICVS CAESAR TI AVG F DIVI AVG N</inscription>
        <inscription-type>coin legend</inscription-type>
      </transcription>
    </transcriptions>
    <monuments>
      <monument>
        <census-id>10051177</census-id>
        <label>As of Caligula (Germanicus / SC, RIC 35)</label>
      </monument>
      <monument>
        <census-id>10185429</census-id>
        <label>As of Caligula (Head of Germanicus / Legend surrounding SC, RIC 50)</label>
      </monument>
    </monuments>
  </document>
  <document>
    <census-id>10185545</census-id>
    <name>fol. 072 r</name>
    <transcriptions>
      <transcription>
        <inscription>TI CLAVDIVS CAESAR AVGGERM PM TR P IMP PP&#13;
SC</inscription>
        <inscription-type>coin legend</inscription-type>
      </transcription>
    </transcriptions>
    <monuments>
      <monument>
        <census-id>10025006</census-id>
        <label>Sestertius of Claudius (Agrippina Maior / SC, RIC 102)</label>
      </monument>
    </monuments>
  </document>
  <document>
    <census-id>10185550</census-id>
    <name>fol. 073 r</name>
    <transcriptions>
      <transcription>
        <inscription>GERMANICVS CAESAR</inscription>
        <inscription-type>coin legend</inscription-type>
      </transcription>
    </transcriptions>
    <monuments>
      <monument>
        <census-id>10185548</census-id>
        <label>Dupondius of Caligula (Germanicus / Germanicus, RIC 57)</label>
      </monument>
    </monuments>
  </document>
  <document>
    <census-id>10185553</census-id>
    <name>fol. 074 r</name>
    <transcriptions>
      <transcription>
        <inscription>SIGNIS RECEPT DEVICTIS GERM</inscription>
        <inscription-type>coin legend</inscription-type>
      </transcription>
    </transcriptions>
    <monuments>
      <monument>
        <census-id>10185548</census-id>
        <label>Dupondius of Caligula (Germanicus / Germanicus, RIC 57)</label>
      </monument>
    </monuments>
  </document>
  <document>
    <census-id>10185558</census-id>
    <name>fol. 077 r</name>
    <transcriptions>
      <transcription>
        <inscription>&#915;&#917;&#929;&#924;&#913;&#925;&#921;&#922;&#908;C</inscription>
        <inscription-type>coin legend</inscription-type>
      </transcription>
    </transcriptions>
    <monuments>
      <monument>
        <census-id>10185557</census-id>
        <label>Leaded Bronze Coin of Tanagra (Head of Germanicus / Apollo Naked, RPC 1318)</label>
      </monument>
    </monuments>
  </document>
  <document>
    <census-id>10185561</census-id>
    <name>fol. 078 r</name>
    <transcriptions>
      <transcription>
        <inscription>NA</inscription>
        <inscription-type>coin legend</inscription-type>
      </transcription>
    </transcriptions>
    <monuments>
      <monument>
        <census-id>10185557</census-id>
        <label>Leaded Bronze Coin of Tanagra (Head of Germanicus / Apollo Naked, RPC 1318)</label>
      </monument>
    </monuments>
  </document>
  <document>
    <census-id>10185566</census-id>
    <name>fol. 079 r</name>
    <transcriptions>
      <transcription>
        <inscription>&#915;&#917;&#929;&#924;&#913;&#925;&#921;&#922;ON &#922;&#913;&#906;&#931;&#913;&#929; A&#917;&#928;&#906; &#913;&#933;&#915;&#927;&#933;&#929;&#917;&#921;&#925;&#911; &#915;&#908;&#929;I</inscription>
        <inscription-type>coin legend</inscription-type>
      </transcription>
    </transcriptions>
    <monuments>
      <monument>
        <census-id>10185565</census-id>
        <label>Bronze Coin of Gortyn (Laureate Head / Laureate Head of Germanicus, RPC 1022)  </label>
      </monument>
    </monuments>
  </document>
  <document>
    <census-id>10185575</census-id>
    <name>fol. 080 r</name>
    <transcriptions>
      <transcription>
        <inscription>&#915;&#913;&#921;O&#925; &#922;&#913;&#906;&#931;&#913;&#929; &#915;&#917;&#929;&#924;&#913;&#925;&#921;&#922;O&#925; &#931;&#917;&#914;&#913;&#931;&#932;O&#925;</inscription>
        <inscription-type>coin legend</inscription-type>
      </transcription>
    </transcriptions>
    <monuments>
      <monument>
        <census-id>10185565</census-id>
        <label>Bronze Coin of Gortyn (Laureate Head / Laureate Head of Germanicus, RPC 1022)  </label>
      </monument>
    </monuments>
  </document>
  <document>
    <census-id>10202795</census-id>
    <name>fol. 084 r</name>
    <transcriptions>
      <transcription>
        <inscription>FELICITAS AVG</inscription>
        <inscription-type>coin legend</inscription-type>
      </transcription>
    </transcriptions>
    <monuments>
      <monument>
        <census-id>10202783</census-id>
        <label>Dupondius of Hadrian (Laureate Bust of Hadrian / Felicitas, RIC 598B) (owner: A. Maffei)</label>
      </monument>
    </monuments>
  </document>
  <document>
    <census-id>10185183</census-id>
    <name>fol. 086 r</name>
    <transcriptions>
      <transcription>
        <inscription>TI CLAVDIVS CAESAR AVG GERM P M TR P IMP P P &#13;
S C</inscription>
        <inscription-type>coin legend</inscription-type>
      </transcription>
    </transcriptions>
    <monuments>
      <monument>
        <census-id>10185164</census-id>
        <label>Sestertius of Claudius (Agrippina Maior / SC, RIC 102) (owner: A. Maffei)</label>
      </monument>
    </monuments>
  </document>
  <document>
    <census-id>10185578</census-id>
    <name>fol. 094 r</name>
    <transcriptions>
      <transcription>
        <inscription>TI CLAVDIVS CAESAR AVG P M TRP IMP P P</inscription>
        <inscription-type>coin legend</inscription-type>
      </transcription>
    </transcriptions>
    <monuments>
      <monument>
        <census-id>10050170</census-id>
        <label>As of Claudius / Libertas (RIC 113)</label>
      </monument>
    </monuments>
  </document>
  <document>
    <census-id>10185581</census-id>
    <name>fol. 095 r</name>
    <transcriptions>
      <transcription>
        <inscription>LIBERTAS AVGVSTI S C</inscription>
        <inscription-type>coin legend</inscription-type>
      </transcription>
    </transcriptions>
    <monuments>
      <monument>
        <census-id>10050170</census-id>
        <label>As of Claudius / Libertas (RIC 113)</label>
      </monument>
    </monuments>
  </document>
  <document>
    <census-id>10185085</census-id>
    <name>fol. 096 r</name>
    <transcriptions>
      <transcription>
        <inscription>TI CLAVDIVS CAESAR AVG</inscription>
        <inscription-type>coin legend</inscription-type>
      </transcription>
    </transcriptions>
    <monuments>
      <monument>
        <census-id>10185076</census-id>
        <label>Bronze Coin of Cyprus (Head of Claudius / Laurel Wreath, RPC 3930) (owner: F. Veniero)</label>
      </monument>
    </monuments>
  </document>
  <document>
    <census-id>10185089</census-id>
    <name>fol. 097 r</name>
    <transcriptions>
      <transcription>
        <inscription>KOINON KI&#928;PI</inscription>
        <inscription-type>coin legend</inscription-type>
      </transcription>
    </transcriptions>
    <monuments>
      <monument>
        <census-id>10185076</census-id>
        <label>Bronze Coin of Cyprus (Head of Claudius / Laurel Wreath, RPC 3930) (owner: F. Veniero)</label>
      </monument>
    </monuments>
  </document>
  <document>
    <census-id>10184598</census-id>
    <name>fol. 098 r</name>
    <transcriptions>
      <transcription>
        <inscription>TI CLAVDIVS CAESAR AVG P M TR IMP P P</inscription>
        <inscription-type>coin legend</inscription-type>
      </transcription>
    </transcriptions>
    <monuments>
      <monument>
        <census-id>10184589</census-id>
        <label>Bronze Coin of Cyprus (Head of Claudius/ &#922;&#927;&#921;&#925;O&#925; &#922;&#933;&#928;&#929;&#906;W&#925;, RPC 3929) (owner: J. Strada) </label>
      </monument>
    </monuments>
  </document>
  <document>
    <census-id>10184601</census-id>
    <name>fol. 099 r</name>
    <transcriptions>
      <transcription>
        <inscription>KOINON &#922;&#933;&#928;&#929;&#906;W&#925;</inscription>
        <inscription-type>coin legend</inscription-type>
      </transcription>
    </transcriptions>
    <monuments>
      <monument>
        <census-id>10184589</census-id>
        <label>Bronze Coin of Cyprus (Head of Claudius/ &#922;&#927;&#921;&#925;O&#925; &#922;&#933;&#928;&#929;&#906;W&#925;, RPC 3929) (owner: J. Strada) </label>
      </monument>
    </monuments>
  </document>
  <document>
    <census-id>10183474</census-id>
    <name>fol. 100 r</name>
    <transcriptions>
      <transcription>
        <inscription>TI CLAVDIVS CAESAR AVG P M TR P IMP P P</inscription>
        <inscription-type>coin legend</inscription-type>
      </transcription>
    </transcriptions>
    <monuments>
      <monument>
        <census-id>10050173</census-id>
        <label>Sestertius of Claudius (Claudius/ Triumphal Arch, RIC 98)</label>
      </monument>
      <monument>
        <census-id>10183456</census-id>
        <label>Sestertius of Claudius (Claudius/ Triumphal Arch, RIC 98) (owner: A. Conteschi)</label>
      </monument>
      <monument>
        <census-id>10183462</census-id>
        <label>Sestertius of Claudius (Claudius/ Triumphal Arch, RIC 98) (owner: A. Agust&#237;n)</label>
      </monument>
    </monuments>
  </document>
  <document>
    <census-id>10183531</census-id>
    <name>fol. 101 r</name>
    <transcriptions>
      <transcription>
        <inscription>EX SC P P OB CIVES SERVATOS</inscription>
        <inscription-type>coin legend</inscription-type>
      </transcription>
    </transcriptions>
    <monuments>
      <monument>
        <census-id>10183517</census-id>
        <label>Sestertius of Claudius (Claudius / Legend in Oak Wreath, RIC 112) (owner: A. Agust&#237;n)</label>
      </monument>
    </monuments>
  </document>
  <document>
    <census-id>10184530</census-id>
    <name>fol. 104 r</name>
    <transcriptions>
      <transcription>
        <inscription>CAESAR AVG GER TI CLAVDIVS</inscription>
        <inscription-type>coin legend</inscription-type>
      </transcription>
    </transcriptions>
    <monuments>
      <monument>
        <census-id>10184522</census-id>
        <label>Copper Coin of Patras (Claudius / Aquila and Standards, RPC I 1256) (owner: P. A. Manilio)</label>
      </monument>
    </monuments>
  </document>
  <document>
    <census-id>10184534</census-id>
    <name>fol. 105 r</name>
    <transcriptions>
      <transcription>
        <inscription>COL A A PATR X - XII</inscription>
        <inscription-type>coin legend</inscription-type>
      </transcription>
    </transcriptions>
    <monuments>
      <monument>
        <census-id>10184522</census-id>
        <label>Copper Coin of Patras (Claudius / Aquila and Standards, RPC I 1256) (owner: P. A. Manilio)</label>
      </monument>
    </monuments>
  </document>
  <document>
    <census-id>10183685</census-id>
    <name>fol. 106 r</name>
    <transcriptions>
      <transcription>
        <inscription>TI CLAVD CAESAR</inscription>
        <inscription-type>coin legend</inscription-type>
      </transcription>
    </transcriptions>
    <monuments>
      <monument>
        <census-id>10183676</census-id>
        <label>Bronze Monument of Sidon (Claudius / Aquilae, RPC 4547) (owner: J. Strada)</label>
      </monument>
    </monuments>
  </document>
  <document>
    <census-id>10183688</census-id>
    <name>fol. 107 r</name>
    <transcriptions>
      <transcription>
        <inscription>V - VIII</inscription>
        <inscription-type>coin legend</inscription-type>
      </transcription>
    </transcriptions>
    <monuments>
      <monument>
        <census-id>10183676</census-id>
        <label>Bronze Monument of Sidon (Claudius / Aquilae, RPC 4547) (owner: J. Strada)</label>
      </monument>
    </monuments>
  </document>
  <document>
    <census-id>10184546</census-id>
    <name>fol. 108 r</name>
    <transcriptions>
      <transcription>
        <inscription>TI CLAVD CAESAR</inscription>
        <inscription-type>coin legend</inscription-type>
      </transcription>
    </transcriptions>
    <monuments>
      <monument>
        <census-id>10184538</census-id>
        <label>Copper Coin of Patras (Claudius / Aquila and Standards, RPC I 1256) (owner: S. Erizzo)</label>
      </monument>
    </monuments>
  </document>
  <document>
    <census-id>10184549</census-id>
    <name>fol. 109 r</name>
    <transcriptions>
      <transcription>
        <inscription>COL A A PATR X XII</inscription>
        <inscription-type>coin legend</inscription-type>
      </transcription>
    </transcriptions>
    <monuments>
      <monument>
        <census-id>10184538</census-id>
        <label>Copper Coin of Patras (Claudius / Aquila and Standards, RPC I 1256) (owner: S. Erizzo)</label>
      </monument>
    </monuments>
  </document>
  <document>
    <census-id>10183508</census-id>
    <name>fol. 110 r</name>
    <transcriptions>
      <transcription>
        <inscription>TI CLAVDIVS CAESAR AVG P M TR P IMP</inscription>
        <inscription-type>coin legend</inscription-type>
      </transcription>
    </transcriptions>
    <monuments>
      <monument>
        <census-id>10184456</census-id>
        <label>As of Claudius (Head of Claudius / Libertas, RIC 97) (owner: A. Agust&#237;n)</label>
      </monument>
      <monument>
        <census-id>10184458</census-id>
        <label>As of Claudius (Head of Claudius / Libertas, RIC 97) (owner: J. Strada)</label>
      </monument>
    </monuments>
  </document>
  <document>
    <census-id>10183511</census-id>
    <name>fol. 111 r</name>
    <transcriptions>
      <transcription>
        <inscription>LIBERTAS AVGVSTA SC</inscription>
        <inscription-type>coin legend</inscription-type>
      </transcription>
    </transcriptions>
    <monuments>
      <monument>
        <census-id>10184456</census-id>
        <label>As of Claudius (Head of Claudius / Libertas, RIC 97) (owner: A. Agust&#237;n)</label>
      </monument>
      <monument>
        <census-id>10184458</census-id>
        <label>As of Claudius (Head of Claudius / Libertas, RIC 97) (owner: J. Strada)</label>
      </monument>
    </monuments>
  </document>
  <document>
    <census-id>10185588</census-id>
    <name>fol. 112 r</name>
    <transcriptions>
      <transcription>
        <inscription>T CLAVDIVS CAES AVG GERM P M TR P IMP PP</inscription>
        <inscription-type>coin legend</inscription-type>
      </transcription>
    </transcriptions>
    <monuments>
      <monument>
        <census-id>10050192</census-id>
        <label>Sestertius of Claudius(Head of Claudius / Arch, RIC 114)</label>
      </monument>
      <monument>
        <census-id>10050378</census-id>
        <label>Sestertius of Claudius / Spes (RIC 115)</label>
      </monument>
      <monument>
        <census-id>10050429</census-id>
        <label>Sestertius of Claudius (Claudius / Legend in Oak Wreath, RIC 112)</label>
      </monument>
    </monuments>
  </document>
  <document>
    <census-id>10184684</census-id>
    <name>fol. 114 r</name>
    <transcriptions>
      <transcription>
        <inscription>TI CLAVD CAES</inscription>
        <inscription-type>coin legend</inscription-type>
      </transcription>
    </transcriptions>
    <monuments>
      <monument>
        <census-id>10184675</census-id>
        <label>Cistophorus of Claudius (Head of Claudius/ Temple) (RIC 118) (owner: P. Ramez)</label>
      </monument>
    </monuments>
  </document>
  <document>
    <census-id>10184688</census-id>
    <name>fol. 115 r</name>
    <transcriptions>
      <transcription>
        <inscription>DIAN EPHE</inscription>
        <inscription-type>coin legend</inscription-type>
      </transcription>
    </transcriptions>
    <monuments>
      <monument>
        <census-id>10184675</census-id>
        <label>Cistophorus of Claudius (Head of Claudius/ Temple) (RIC 118) (owner: P. Ramez)</label>
      </monument>
    </monuments>
  </document>
  <document>
    <census-id>10184667</census-id>
    <name>fol. 116 r</name>
    <transcriptions>
      <transcription>
        <inscription>TI CLAVDIVS CAESAR AVG</inscription>
        <inscription-type>coin legend</inscription-type>
      </transcription>
    </transcriptions>
    <monuments>
      <monument>
        <census-id>10184658</census-id>
        <label>Quadrans of Claudius (Modius / SC, RIC 88) (owner: J. Strada)</label>
      </monument>
    </monuments>
  </document>
  <document>
    <census-id>10184670</census-id>
    <name>fol. 117 r</name>
    <transcriptions>
      <transcription>
        <inscription>PON M TR P IMP COS II &#13;
S C</inscription>
        <inscription-type>coin legend</inscription-type>
      </transcription>
    </transcriptions>
    <monuments>
      <monument>
        <census-id>10184658</census-id>
        <label>Quadrans of Claudius (Modius / SC, RIC 88) (owner: J. Strada)</label>
      </monument>
    </monuments>
  </document>
  <document>
    <census-id>10185015</census-id>
    <name>fol. 118 r</name>
    <transcriptions>
      <transcription>
        <inscription>TI CLAVD CAESAR AVG P M TR P</inscription>
        <inscription-type>coin legend</inscription-type>
      </transcription>
    </transcriptions>
    <monuments>
      <monument>
        <census-id>10185002</census-id>
        <label>Aureus of Claudius (Head of Claudius / Claudius and Praetor Armatus, RIC 11) (owner: J. J. Fugger)</label>
      </monument>
    </monuments>
  </document>
  <document>
    <census-id>10185018</census-id>
    <name>fol. 119 r</name>
    <transcriptions>
      <transcription>
        <inscription>PRAETOR RECEPT</inscription>
        <inscription-type>coin legend</inscription-type>
      </transcription>
    </transcriptions>
    <monuments>
      <monument>
        <census-id>10185002</census-id>
        <label>Aureus of Claudius (Head of Claudius / Claudius and Praetor Armatus, RIC 11) (owner: J. J. Fugger)</label>
      </monument>
    </monuments>
  </document>
  <document>
    <census-id>10184636</census-id>
    <name>fol. 120 r</name>
    <transcriptions>
      <transcription>
        <inscription>TI CLAVDIVS CAESAR AVG GERM IMP</inscription>
        <inscription-type>coin legend</inscription-type>
      </transcription>
    </transcriptions>
    <monuments>
      <monument>
        <census-id>10184628</census-id>
        <label>Bronze Coin of Sidon (Head of Claudius / Founder Ploughing, RPC I 4546) (owner: J. Strada) </label>
      </monument>
    </monuments>
  </document>
  <document>
    <census-id>10184639</census-id>
    <name>fol. 121 r</name>
    <transcriptions>
      <transcription>
        <inscription>AVG AVG</inscription>
        <inscription-type>coin legend</inscription-type>
      </transcription>
    </transcriptions>
    <monuments>
      <monument>
        <census-id>10184628</census-id>
        <label>Bronze Coin of Sidon (Head of Claudius / Founder Ploughing, RPC I 4546) (owner: J. Strada) </label>
      </monument>
    </monuments>
  </document>
  <document>
    <census-id>10183668</census-id>
    <name>fol. 124 r</name>
    <transcriptions>
      <transcription>
        <inscription>TI CLAVDIVS CAESAR AVG P M TR P IMP</inscription>
        <inscription-type>coin legend</inscription-type>
      </transcription>
    </transcriptions>
    <monuments>
      <monument>
        <census-id>10183642</census-id>
        <label>Sestertius of Claudius (Claudius / Oak-wreath, RIC 96) (owner: A. Agust&#237;n)</label>
      </monument>
      <monument>
        <census-id>10184889</census-id>
        <label>Sestertius of Claudius (Claudius / Oak-wreath, RIC 96)</label>
      </monument>
    </monuments>
  </document>
  <document>
    <census-id>10183671</census-id>
    <name>fol. 125 r</name>
    <transcriptions>
      <transcription>
        <inscription>EX S C&#13;
OB&#13;
CIVES&#13;
SERVATOS</inscription>
        <inscription-type>coin legend</inscription-type>
      </transcription>
    </transcriptions>
    <monuments>
      <monument>
        <census-id>10183642</census-id>
        <label>Sestertius of Claudius (Claudius / Oak-wreath, RIC 96) (owner: A. Agust&#237;n)</label>
      </monument>
      <monument>
        <census-id>10184889</census-id>
        <label>Sestertius of Claudius (Claudius / Oak-wreath, RIC 96)</label>
      </monument>
    </monuments>
  </document>
  <document>
    <census-id>10183891</census-id>
    <name>fol. 126 r</name>
    <transcriptions>
      <transcription>
        <inscription>TI CLAVDIVS CAESAR AVG PM TR P IMP PP</inscription>
        <inscription-type>coin legend</inscription-type>
      </transcription>
    </transcriptions>
    <monuments>
      <monument>
        <census-id>10065073</census-id>
        <label>Sestertius of Titus (Claudius / Spes with flower, RIC 475) (owner: J. Strada)</label>
      </monument>
      <monument>
        <census-id>10183480</census-id>
        <label>Sestertius of Titus (Claudius / Spes with flower, RIC 475) (owner: A. Agust&#237;n)</label>
      </monument>
      <monument>
        <census-id>10184897</census-id>
        <label>Sestertius of Titus (Claudius / Spes with flower, RIC 475)</label>
      </monument>
    </monuments>
  </document>
  <document>
    <census-id>10183900</census-id>
    <name>fol. 127 r</name>
    <transcriptions>
      <transcription>
        <inscription>IMP T VESP AVG REST&#13;
S C</inscription>
        <inscription-type>coin legend</inscription-type>
      </transcription>
    </transcriptions>
    <monuments>
      <monument>
        <census-id>10065073</census-id>
        <label>Sestertius of Titus (Claudius / Spes with flower, RIC 475) (owner: J. Strada)</label>
      </monument>
      <monument>
        <census-id>10183480</census-id>
        <label>Sestertius of Titus (Claudius / Spes with flower, RIC 475) (owner: A. Agust&#237;n)</label>
      </monument>
      <monument>
        <census-id>10184897</census-id>
        <label>Sestertius of Titus (Claudius / Spes with flower, RIC 475)</label>
      </monument>
    </monuments>
  </document>
  <document>
    <census-id>10185600</census-id>
    <name>fol. 128 r</name>
    <transcriptions>
      <transcription>
        <inscription>TI CLAVDIVS CAESAR AVG P M TR P IMP</inscription>
        <inscription-type>coin legend</inscription-type>
      </transcription>
    </transcriptions>
    <monuments>
      <monument>
        <census-id>10185598</census-id>
        <label>Dupondius of Claudius (Head of Claudius / Ceres Augusta, RIC 94)</label>
      </monument>
    </monuments>
  </document>
  <document>
    <census-id>10185196</census-id>
    <name>fol. 129 r</name>
    <transcriptions>
      <transcription>
        <inscription>CERES AVGVSTA SC</inscription>
        <inscription-type>coin legend</inscription-type>
      </transcription>
    </transcriptions>
    <monuments>
      <monument>
        <census-id>10185187</census-id>
        <label>Dupondius of Claudius (Head of Claudius / Ceres Augusta, RIC 110) (owner: J. Strada)</label>
      </monument>
    </monuments>
  </document>
  <document>
    <census-id>10184576</census-id>
    <name>fol. 130 r</name>
    <transcriptions>
      <transcription>
        <inscription>TI CLAVDIVS CAES AVG GER</inscription>
        <inscription-type>coin legend</inscription-type>
      </transcription>
    </transcriptions>
    <monuments>
      <monument>
        <census-id>10184565</census-id>
        <label>Copper Coin of Patras (Claudius / Aquila and Standards, RPC I 1256) (owner: R. Odoni)</label>
      </monument>
    </monuments>
  </document>
  <document>
    <census-id>10184579</census-id>
    <name>fol. 131 r</name>
    <transcriptions>
      <transcription>
        <inscription>COL A A PATR X XII</inscription>
        <inscription-type>coin legend</inscription-type>
      </transcription>
    </transcriptions>
    <monuments>
      <monument>
        <census-id>10184565</census-id>
        <label>Copper Coin of Patras (Claudius / Aquila and Standards, RPC I 1256) (owner: R. Odoni)</label>
      </monument>
    </monuments>
  </document>
  <document>
    <census-id>10185591</census-id>
    <name>fol. 134 r</name>
    <transcriptions>
      <transcription>
        <inscription>TI CLAVD CAESAR AVG GERM P M TR POT PP</inscription>
        <inscription-type>coin legend</inscription-type>
      </transcription>
    </transcriptions>
    <monuments>
      <monument>
        <census-id>10030489</census-id>
        <label>Denarius of Claudius (Head of Claudius/ Agrippina Augusta, RIC 81)</label>
      </monument>
      <monument>
        <census-id>10045169</census-id>
        <label>Aureus of Claudius / Nero (RIC 82)</label>
      </monument>
    </monuments>
  </document>
  <document>
    <census-id>10185254</census-id>
    <name>fol. 135 r</name>
    <transcriptions>
      <transcription>
        <inscription>DE GERMANIS</inscription>
        <inscription-type>coin legend</inscription-type>
      </transcription>
    </transcriptions>
    <monuments>
      <monument>
        <census-id>10185243</census-id>
        <label>Denarius of Claudius (Nero Claudius Drusus / Shields, RIC 74) (owner: Anonymous Venetian Collector)</label>
      </monument>
    </monuments>
  </document>
  <document>
    <census-id>10185614</census-id>
    <name>fol. 136 r</name>
    <transcriptions>
      <transcription>
        <inscription>TI CLAVDIVS CAESAR P M TR P</inscription>
        <inscription-type>coin legend</inscription-type>
      </transcription>
    </transcriptions>
    <monuments>
      <monument>
        <census-id>10185606</census-id>
        <label>Bronze Coin of Achaea (Head of Claudius / Palm Tree, RPC 1398)</label>
      </monument>
    </monuments>
  </document>
  <document>
    <census-id>10185617</census-id>
    <name>fol. 137 r</name>
    <transcriptions>
      <transcription>
        <inscription>C C  I P  D D </inscription>
        <inscription-type>coin legend</inscription-type>
      </transcription>
    </transcriptions>
    <monuments>
      <monument>
        <census-id>10185606</census-id>
        <label>Bronze Coin of Achaea (Head of Claudius / Palm Tree, RPC 1398)</label>
      </monument>
    </monuments>
  </document>
  <document>
    <census-id>10184700</census-id>
    <name>fol. 138 r</name>
    <transcriptions>
      <transcription>
        <inscription>TI CLAVD CAES AVG P MTR P X IMP XVIII&#13;
</inscription>
        <inscription-type>coin legend</inscription-type>
      </transcription>
    </transcriptions>
    <monuments>
      <monument>
        <census-id>10184691</census-id>
        <label>Denarius of Claudius (Head of Claudius/ Pax pointing to Snake with Caducaeus, RIC 58) (owner: A. Agust&#237;n)</label>
      </monument>
      <monument>
        <census-id>10184709</census-id>
        <label>Denarius of Claudius (Head of Claudius / Pax-Nemesis, RIC 52) (owner: A. Agust&#237;n)</label>
      </monument>
    </monuments>
  </document>
  <document>
    <census-id>10184703</census-id>
    <name>fol. 139 r</name>
    <transcriptions>
      <transcription>
        <inscription>PACI AVGVSTAE&#13;
</inscription>
        <inscription-type>coin legend</inscription-type>
      </transcription>
    </transcriptions>
    <monuments>
      <monument>
        <census-id>10184691</census-id>
        <label>Denarius of Claudius (Head of Claudius/ Pax pointing to Snake with Caducaeus, RIC 58) (owner: A. Agust&#237;n)</label>
      </monument>
      <monument>
        <census-id>10184709</census-id>
        <label>Denarius of Claudius (Head of Claudius / Pax-Nemesis, RIC 52) (owner: A. Agust&#237;n)</label>
      </monument>
    </monuments>
  </document>
  <document>
    <census-id>10185620</census-id>
    <name>fol. 140 r</name>
    <transcriptions>
      <transcription>
        <inscription>TI CLAVDIVS CAE AVG PM TR P IMP PP</inscription>
        <inscription-type>coin legend</inscription-type>
      </transcription>
    </transcriptions>
    <monuments>
      <monument>
        <census-id>10050421</census-id>
        <label>As of Claudius (Head of Claudius/ Minerva, RIC 100)</label>
      </monument>
    </monuments>
  </document>
  <document>
    <census-id>10185623</census-id>
    <name>fol. 141 r</name>
    <transcriptions>
      <transcription>
        <inscription>S C</inscription>
        <inscription-type>coin legend</inscription-type>
      </transcription>
    </transcriptions>
    <monuments>
      <monument>
        <census-id>10050421</census-id>
        <label>As of Claudius (Head of Claudius/ Minerva, RIC 100)</label>
      </monument>
    </monuments>
  </document>
  <document>
    <census-id>10185626</census-id>
    <name>fol. 144 r</name>
    <transcriptions>
      <transcription>
        <inscription>TI CLAVD CAESAR AVG P M TR P</inscription>
        <inscription-type>coin legend</inscription-type>
      </transcription>
    </transcriptions>
    <monuments>
      <monument>
        <census-id>10064020</census-id>
        <label>Aureus of Claudius (Head of Claudius / Constantia, RIC 13)</label>
      </monument>
    </monuments>
  </document>
  <document>
    <census-id>10183639</census-id>
    <name>fol. 145 r</name>
    <transcriptions>
      <transcription>
        <inscription>SPES AVGVSTA S C</inscription>
        <inscription-type>coin legend</inscription-type>
      </transcription>
    </transcriptions>
    <monuments>
      <monument>
        <census-id>10025028</census-id>
        <label>Sestertius of Claudius (Claudius / Spes Augusta, RIC 99)</label>
      </monument>
      <monument>
        <census-id>10183620</census-id>
        <label>Sestertius of Claudius (Claudius / Spes Augusta, RIC 99) (owner: A. Conteschi)</label>
      </monument>
      <monument>
        <census-id>10183626</census-id>
        <label>Sestertius of Claudius (Claudius / Spes Augusta, RIC 99) (owner: A. Agust&#237;n)</label>
      </monument>
    </monuments>
  </document>
  <document>
    <census-id>10183844</census-id>
    <name>fol. 146 r</name>
    <transcriptions>
      <transcription>
        <inscription>TI CLAVDIVS CAESAR AVG P M TR P IMP P P</inscription>
        <inscription-type>coin legend</inscription-type>
      </transcription>
    </transcriptions>
    <monuments>
      <monument>
        <census-id>10044336</census-id>
        <label>As of Claudius (Head of Claudius / Constantia (RIC 95)</label>
      </monument>
      <monument>
        <census-id>10183626</census-id>
        <label>Sestertius of Claudius (Claudius / Spes Augusta, RIC 99) (owner: A. Agust&#237;n)</label>
      </monument>
      <monument>
        <census-id>10183813</census-id>
        <label>As of Claudius (Head of Claudius / Constantia, RIC 95) (owner: A. Agust&#237;n)</label>
      </monument>
      <monument>
        <census-id>10183816</census-id>
        <label>As of Claudius (Head of Claudius / Constantia, RIC 95) (owner: J. Strada)</label>
      </monument>
    </monuments>
  </document>
  <document>
    <census-id>10183850</census-id>
    <name>fol. 147 r</name>
    <transcriptions>
      <transcription>
        <inscription>LIBERTAS - AVGVSTI</inscription>
        <inscription-type>coin legend</inscription-type>
      </transcription>
    </transcriptions>
    <monuments>
      <monument>
        <census-id>10044336</census-id>
        <label>As of Claudius (Head of Claudius / Constantia (RIC 95)</label>
      </monument>
      <monument>
        <census-id>10050154</census-id>
        <label>As of Claudius (Head of Claudius / Libertas, RIC 97)</label>
      </monument>
      <monument>
        <census-id>10183813</census-id>
        <label>As of Claudius (Head of Claudius / Constantia, RIC 95) (owner: A. Agust&#237;n)</label>
      </monument>
      <monument>
        <census-id>10183816</census-id>
        <label>As of Claudius (Head of Claudius / Constantia, RIC 95) (owner: J. Strada)</label>
      </monument>
    </monuments>
  </document>
  <document>
    <census-id>10185269</census-id>
    <name>fol. 149 r</name>
    <transcriptions>
      <transcription>
        <inscription>ROM ET AVG&#13;
COM ASI</inscription>
        <inscription-type>coin legend</inscription-type>
      </transcription>
    </transcriptions>
    <monuments>
      <monument>
        <census-id>10185258</census-id>
        <label>Cistophorus of Claudius (Head of Claudius / Temple, RIC 120) (owner: P. Ramez)</label>
      </monument>
    </monuments>
  </document>
  <document>
    <census-id>10185227</census-id>
    <name>fol. 151 r</name>
    <monuments>
      <monument>
        <census-id>10185220</census-id>
        <label>Silver Coin of Crete (Head of Nero / Zeus, Thunderbolt and Stars, RPC 975) (owner: P. Ramez)</label>
      </monument>
    </monuments>
  </document>
  <document>
    <census-id>10185214</census-id>
    <name>fol. 153 r</name>
    <transcriptions>
      <transcription>
        <inscription>CONSTANTIAE AVGVSTI</inscription>
        <inscription-type>coin legend</inscription-type>
      </transcription>
    </transcriptions>
    <monuments>
      <monument>
        <census-id>10183813</census-id>
        <label>As of Claudius (Head of Claudius / Constantia, RIC 95) (owner: A. Agust&#237;n)</label>
      </monument>
      <monument>
        <census-id>10185200</census-id>
        <label>As of Claudius (Head of Claudius / Constantia, RIC 111) (owner: A. Agust&#237;n)</label>
      </monument>
    </monuments>
  </document>
  <document>
    <census-id>10183636</census-id>
    <name>fol. 154 r</name>
    <transcriptions>
      <transcription>
        <inscription>TI CLAVDIVS CAESAR AVG P M TR P IMP</inscription>
        <inscription-type>coin legend</inscription-type>
      </transcription>
    </transcriptions>
    <monuments>
      <monument>
        <census-id>10025028</census-id>
        <label>Sestertius of Claudius (Claudius / Spes Augusta, RIC 99)</label>
      </monument>
      <monument>
        <census-id>10183620</census-id>
        <label>Sestertius of Claudius (Claudius / Spes Augusta, RIC 99) (owner: A. Conteschi)</label>
      </monument>
      <monument>
        <census-id>10183626</census-id>
        <label>Sestertius of Claudius (Claudius / Spes Augusta, RIC 99) (owner: A. Agust&#237;n)</label>
      </monument>
    </monuments>
  </document>
  <document>
    <census-id>10185633</census-id>
    <name>fol. 155 r</name>
    <transcriptions>
      <transcription>
        <inscription>SPES AVGVSTI</inscription>
        <inscription-type>coin legend</inscription-type>
      </transcription>
    </transcriptions>
    <monuments>
      <monument>
        <census-id>10025028</census-id>
        <label>Sestertius of Claudius (Claudius / Spes Augusta, RIC 99)</label>
      </monument>
      <monument>
        <census-id>10050378</census-id>
        <label>Sestertius of Claudius / Spes (RIC 115)</label>
      </monument>
    </monuments>
  </document>
  <document>
    <census-id>10184622</census-id>
    <name>fol. 156 r</name>
    <transcriptions>
      <transcription>
        <inscription>TI CLAVDIVS CAESAR AVG P M TR P IMP P P</inscription>
        <inscription-type>coin legend</inscription-type>
      </transcription>
    </transcriptions>
    <monuments>
      <monument>
        <census-id>10184607</census-id>
        <label>Dupondius of Claudius (Head of Claudius / Minerva, RIC 100) (owner: A. Agust&#237;n)</label>
      </monument>
    </monuments>
  </document>
  <document>
    <census-id>10184625</census-id>
    <name>fol. 157 r</name>
    <transcriptions>
      <transcription>
        <inscription>S C</inscription>
        <inscription-type>coin legend</inscription-type>
      </transcription>
    </transcriptions>
    <monuments>
      <monument>
        <census-id>10184607</census-id>
        <label>Dupondius of Claudius (Head of Claudius / Minerva, RIC 100) (owner: A. Agust&#237;n)</label>
      </monument>
    </monuments>
  </document>
  <document>
    <census-id>10185283</census-id>
    <name>fol. 159 r</name>
    <transcriptions>
      <transcription>
        <inscription>DE BRITANNIS</inscription>
        <inscription-type>coin legend</inscription-type>
      </transcription>
    </transcriptions>
    <monuments>
      <monument>
        <census-id>10185273</census-id>
        <label>Aureus of Claudius (Head of Claudius / Triumphal Arch, RIC 33) (owner: G. Grimani)</label>
      </monument>
    </monuments>
  </document>
  <document>
    <census-id>10185676</census-id>
    <name>fol. 160 r</name>
    <transcriptions>
      <transcription>
        <inscription>TI CLAVDIVS CAESAR AVG PM TR P IMP</inscription>
        <inscription-type>coin legend</inscription-type>
      </transcription>
    </transcriptions>
    <monuments>
      <monument>
        <census-id>10044336</census-id>
        <label>As of Claudius (Head of Claudius / Constantia (RIC 95)</label>
      </monument>
      <monument>
        <census-id>10050154</census-id>
        <label>As of Claudius (Head of Claudius / Libertas, RIC 97)</label>
      </monument>
      <monument>
        <census-id>10050421</census-id>
        <label>As of Claudius (Head of Claudius/ Minerva, RIC 100)</label>
      </monument>
      <monument>
        <census-id>10185598</census-id>
        <label>Dupondius of Claudius (Head of Claudius / Ceres Augusta, RIC 94)</label>
      </monument>
    </monuments>
  </document>
  <document>
    <census-id>10185682</census-id>
    <name>fol. 161 r</name>
    <transcriptions>
      <transcription>
        <inscription>DECVRSIO</inscription>
        <inscription-type>coin legend</inscription-type>
      </transcription>
    </transcriptions>
    <monuments>
      <monument>
        <census-id>10053308</census-id>
        <label>Sestertius of Nero / Decursio (RIC 107)</label>
      </monument>
    </monuments>
  </document>
  <document>
    <census-id>10183477</census-id>
    <name>fol. 163 r</name>
    <transcriptions>
      <transcription>
        <inscription>NERO CLAVDIVS DRVSVS GERM IMP</inscription>
        <inscription-type>coin legend</inscription-type>
      </transcription>
    </transcriptions>
    <monuments>
      <monument>
        <census-id>10050173</census-id>
        <label>Sestertius of Claudius (Claudius/ Triumphal Arch, RIC 98)</label>
      </monument>
      <monument>
        <census-id>10183456</census-id>
        <label>Sestertius of Claudius (Claudius/ Triumphal Arch, RIC 98) (owner: A. Conteschi)</label>
      </monument>
      <monument>
        <census-id>10183462</census-id>
        <label>Sestertius of Claudius (Claudius/ Triumphal Arch, RIC 98) (owner: A. Agust&#237;n)</label>
      </monument>
    </monuments>
  </document>
  <document>
    <census-id>10185694</census-id>
    <name>fol. 164 r</name>
    <transcriptions>
      <transcription>
        <inscription>TI CLAVDIVS CAESAR AVG P M TR P IMP</inscription>
        <inscription-type>coin legend</inscription-type>
      </transcription>
    </transcriptions>
    <monuments>
      <monument>
        <census-id>10050151</census-id>
        <label>As of Claudius (Head of Claudius / Constantia, RIC 111)</label>
      </monument>
      <monument>
        <census-id>10050170</census-id>
        <label>As of Claudius / Libertas (RIC 113)</label>
      </monument>
      <monument>
        <census-id>10185688</census-id>
        <label>Dupondius of Claudius (Head of Claudius / Ceres Augusta, RIC 110)</label>
      </monument>
    </monuments>
  </document>
  <document>
    <census-id>10185700</census-id>
    <name>fol. 165 r</name>
    <transcriptions>
      <transcription>
        <inscription>EX S C P P OB CIVES SERVATOS</inscription>
        <inscription-type>coin legend</inscription-type>
      </transcription>
    </transcriptions>
    <monuments>
      <monument>
        <census-id>10050429</census-id>
        <label>Sestertius of Claudius (Claudius / Legend in Oak Wreath, RIC 112)</label>
      </monument>
    </monuments>
  </document>
  <document>
    <census-id>10184992</census-id>
    <name>fol. 166 r</name>
    <transcriptions>
      <transcription>
        <inscription>TI CLAVD CAESAR AVG GERM P M TR POT P P</inscription>
        <inscription-type>coin legend</inscription-type>
      </transcription>
    </transcriptions>
    <monuments>
      <monument>
        <census-id>10184982</census-id>
        <label>Aureus of Claudius (Claudius / Agrippina, RIC 80) (owner: A. Agust&#237;n)</label>
      </monument>
    </monuments>
  </document>
  <document>
    <census-id>10184995</census-id>
    <name>fol. 167 r</name>
    <transcriptions>
      <transcription>
        <inscription>AGRIPPINAE AVGVSTAE</inscription>
        <inscription-type>coin legend</inscription-type>
      </transcription>
    </transcriptions>
    <monuments>
      <monument>
        <census-id>10184982</census-id>
        <label>Aureus of Claudius (Claudius / Agrippina, RIC 80) (owner: A. Agust&#237;n)</label>
      </monument>
    </monuments>
  </document>
  <document>
    <census-id>10184652</census-id>
    <name>fol. 168 r</name>
    <transcriptions>
      <transcription>
        <inscription>TI CLAVD CAESAR AVG GERM P M TR POT P P </inscription>
        <inscription-type>coin legend</inscription-type>
      </transcription>
    </transcriptions>
    <monuments>
      <monument>
        <census-id>10025047</census-id>
        <label>Denarius of Claudius (Head of Claudius/ Agrippina Augusta, RIC 81) (owner: A. Agust&#237;n)</label>
      </monument>
    </monuments>
  </document>
  <document>
    <census-id>10184655</census-id>
    <name>fol. 169 r</name>
    <transcriptions>
      <transcription>
        <inscription>AGRIPPINAE AVGVSTAE </inscription>
        <inscription-type>coin legend</inscription-type>
      </transcription>
    </transcriptions>
    <monuments>
      <monument>
        <census-id>10025047</census-id>
        <label>Denarius of Claudius (Head of Claudius/ Agrippina Augusta, RIC 81) (owner: A. Agust&#237;n)</label>
      </monument>
    </monuments>
  </document>
  <document>
    <census-id>10185120</census-id>
    <name>fol. 174 r</name>
    <transcriptions>
      <transcription>
        <inscription>TI CLAVDIVS CAESAR AVG</inscription>
        <inscription-type>coin legend</inscription-type>
      </transcription>
    </transcriptions>
    <monuments>
      <monument>
        <census-id>10185105</census-id>
        <label>Copper coin of Crete (Claudius / Messalina, RPC I 1001) (owner: S. Erizzo)</label>
      </monument>
      <monument>
        <census-id>10185123</census-id>
        <label>Copper coin of Crete (Claudius / Messalina, RPC I 1002) (owner: S. Erizzo)</label>
      </monument>
    </monuments>
  </document>
  <document>
    <census-id>10185117</census-id>
    <name>fol. 175 r</name>
    <transcriptions>
      <transcription>
        <inscription>VALERIA MESSALL&#13;
AVG</inscription>
        <inscription-type>coin legend</inscription-type>
      </transcription>
    </transcriptions>
    <monuments>
      <monument>
        <census-id>10185105</census-id>
        <label>Copper coin of Crete (Claudius / Messalina, RPC I 1001) (owner: S. Erizzo)</label>
      </monument>
      <monument>
        <census-id>10185123</census-id>
        <label>Copper coin of Crete (Claudius / Messalina, RPC I 1002) (owner: S. Erizzo)</label>
      </monument>
    </monuments>
  </document>
  <document>
    <census-id>10185703</census-id>
    <name>fol. 177 r</name>
    <transcriptions>
      <transcription>
        <inscription>AGRIPPINAE AVGVSTA</inscription>
        <inscription-type>coin legend</inscription-type>
      </transcription>
    </transcriptions>
    <monuments>
      <monument>
        <census-id>10030489</census-id>
        <label>Denarius of Claudius (Head of Claudius/ Agrippina Augusta, RIC 81)</label>
      </monument>
      <monument>
        <census-id>10050134</census-id>
        <label>Aureus of Claudius (Claudius / Agrippina, RIC 80)</label>
      </monument>
    </monuments>
  </document>
  <document>
    <census-id>10184976</census-id>
    <name>fol. 178 r</name>
    <transcriptions>
      <transcription>
        <inscription>DIVVS CLAVDIVS AVGVSTVS</inscription>
        <inscription-type>coin legend</inscription-type>
      </transcription>
    </transcriptions>
    <monuments>
      <monument>
        <census-id>10184964</census-id>
        <label>Aureus of Nero (Claudius / Quadriga of Horses, RIC 4) (owner: W. Imhoff)</label>
      </monument>
    </monuments>
  </document>
  <document>
    <census-id>10184979</census-id>
    <name>fol. 179 r</name>
    <monuments>
      <monument>
        <census-id>10184964</census-id>
        <label>Aureus of Nero (Claudius / Quadriga of Horses, RIC 4) (owner: W. Imhoff)</label>
      </monument>
    </monuments>
  </document>
  <document>
    <census-id>10185723</census-id>
    <name>fol. 182 r</name>
    <transcriptions>
      <transcription>
        <inscription>NERO CLAVD </inscription>
        <inscription-type>coin legend</inscription-type>
      </transcription>
    </transcriptions>
    <monuments>
      <monument>
        <census-id>10081377</census-id>
        <label>Copper coin of Crete (Nero / Octavia and Nero, RPC I 1006)</label>
      </monument>
      <monument>
        <census-id>10184586</census-id>
        <label>Copper Coin of Cnossus (Head of Nero / Heads of Nero and Octavia, RPC I 1005)</label>
      </monument>
    </monuments>
  </document>
  <document>
    <census-id>10180046</census-id>
    <name>fol. 183 r</name>
    <transcriptions>
      <transcription>
        <inscription>TI NERO CLAVD CAES AVGT IMP OCTAVIA</inscription>
        <inscription-type>coin legend</inscription-type>
      </transcription>
    </transcriptions>
    <monuments>
      <monument>
        <census-id>10026231</census-id>
        <label>Copper Coin of Cnossus (Head of Nero / Heads of Nero and Octavia, RPC I 1005) (owner: P. Ramez)</label>
      </monument>
      <monument>
        <census-id>10030746</census-id>
        <label>Copper Coin of Cnossus (Head of Nero / Heads of Nero and Octavia, RPC I 1005) (owner: E. Vico)</label>
      </monument>
    </monuments>
  </document>
  <document>
    <census-id>10185720</census-id>
    <name>fol. 184 r</name>
    <transcriptions>
      <transcription>
        <inscription>CLAVDIVS</inscription>
        <inscription-type>coin legend</inscription-type>
      </transcription>
    </transcriptions>
    <monuments>
      <monument>
        <census-id>10081377</census-id>
        <label>Copper coin of Crete (Nero / Octavia and Nero, RPC I 1006)</label>
      </monument>
      <monument>
        <census-id>10184586</census-id>
        <label>Copper Coin of Cnossus (Head of Nero / Heads of Nero and Octavia, RPC I 1005)</label>
      </monument>
    </monuments>
  </document>
  <document>
    <census-id>10185713</census-id>
    <name>fol. 185 r</name>
    <monuments>
      <monument>
        <census-id>10081377</census-id>
        <label>Copper coin of Crete (Nero / Octavia and Nero, RPC I 1006)</label>
      </monument>
      <monument>
        <census-id>10184586</census-id>
        <label>Copper Coin of Cnossus (Head of Nero / Heads of Nero and Octavia, RPC I 1005)</label>
      </monument>
    </monuments>
  </document>
  <document>
    <census-id>10180042</census-id>
    <name>fol. 186 r</name>
    <transcriptions>
      <transcription>
        <inscription>&#925;&#917;&#929;&#937; &#922;&#923;&#913; &#931;&#917;&#914;</inscription>
        <inscription-type>coin legend</inscription-type>
      </transcription>
    </transcriptions>
    <monuments>
      <monument>
        <census-id>10185732</census-id>
        <label>Tetradrachm of Alexandria (Nero / Poppaea, RPC I 5275)</label>
      </monument>
    </monuments>
  </document>
  <document>
    <census-id>10185743</census-id>
    <name>fol. 187 r</name>
    <transcriptions>
      <transcription>
        <inscription>&#913;&#931;&#931;&#917;&#914;&#913;&#931;&#932;&#919; H</inscription>
        <inscription-type>coin legend</inscription-type>
      </transcription>
    </transcriptions>
    <monuments>
      <monument>
        <census-id>10185732</census-id>
        <label>Tetradrachm of Alexandria (Nero / Poppaea, RPC I 5275)</label>
      </monument>
    </monuments>
  </document>
  <document>
    <census-id>10185099</census-id>
    <name>fol. 188 r</name>
    <transcriptions>
      <transcription>
        <inscription>&#922;&#923;&#913;&#933;&#916;&#921;&#927;&#931; &#922;&#913;&#921;&#931;&#913;&#929; &#915;&#917;&#929;&#924;</inscription>
        <inscription-type>coin legend</inscription-type>
      </transcription>
    </transcriptions>
    <monuments>
      <monument>
        <census-id>10030356</census-id>
        <label>Copper Coin of Crete (Head of Claudius / Antonia Minor and Nero Drusus, RPC I 1031) (owner: P. Ramez)</label>
      </monument>
    </monuments>
  </document>
  <document>
    <census-id>10185102</census-id>
    <name>fol. 189 r</name>
    <transcriptions>
      <transcription>
        <inscription>PIETAS CLAV&#13;
ANTONIA</inscription>
        <inscription-type>coin legend</inscription-type>
      </transcription>
    </transcriptions>
    <monuments>
      <monument>
        <census-id>10030356</census-id>
        <label>Copper Coin of Crete (Head of Claudius / Antonia Minor and Nero Drusus, RPC I 1031) (owner: P. Ramez)</label>
      </monument>
    </monuments>
  </document>
  <document>
    <census-id>10185038</census-id>
    <name>fol. 190 r</name>
    <transcriptions>
      <transcription>
        <inscription>&#922;&#923;&#913;&#933;&#916;. &#931;&#917;&#914;&#913;&#931;&#932;&#927;&#931; &#913;&#915;&#929;&#921;&#928;&#928;&#921;&#925;&#913;. CEBACTH.</inscription>
        <inscription-type>coin legend</inscription-type>
      </transcription>
    </transcriptions>
    <monuments>
      <monument>
        <census-id>10185025</census-id>
        <label>Bronze Coin of Smyrna (Agrippina Minor facing Nero / Nemesis pointing at Snake with Caducaeus, RPC 2479) (owner: S. Erizzo)</label>
      </monument>
    </monuments>
  </document>
  <document>
    <census-id>10185043</census-id>
    <name>fol. 191 r</name>
    <transcriptions>
      <transcription>
        <inscription>&#932;&#917;&#931;&#931;&#921;&#927;&#931; Y&#921;&#923;&#927;&#928;&#913;&#932;&#929;&#921;&#931; &#13;
ZMY</inscription>
        <inscription-type>coin legend</inscription-type>
      </transcription>
    </transcriptions>
    <monuments>
      <monument>
        <census-id>10185025</census-id>
        <label>Bronze Coin of Smyrna (Agrippina Minor facing Nero / Nemesis pointing at Snake with Caducaeus, RPC 2479) (owner: S. Erizzo)</label>
      </monument>
    </monuments>
  </document>
  <document>
    <census-id>10185782</census-id>
    <name>fol. 192 r</name>
    <transcriptions>
      <transcription>
        <inscription>&#932;&#921;&#914;&#904;&#929;&#921;&#927;&#931; &#922;&#923;&#913;&#910;&#916;&#921;&#927;&#931; &#922;&#913;&#921;&#931;&#913;&#929; &#931;&#917;&#914;&#913;&#931;&#932;&#927;&#931;</inscription>
        <inscription-type>coin legend</inscription-type>
      </transcription>
    </transcriptions>
    <monuments>
      <monument>
        <census-id>10185781</census-id>
        <label>Bronze Coin of Lycian League (Head of Tiberius / Apollo Patroes, RPC 3340)</label>
      </monument>
    </monuments>
  </document>
  <document>
    <census-id>10185785</census-id>
    <name>fol. 193 r</name>
    <transcriptions>
      <transcription>
        <inscription>&#928;&#913;&#932;&#905;&#929; &#928;&#913;&#932;&#929;&#906;&#916;&#927;&#931; &#915;&#917;&#929;&#924;&#913;&#925;&#921;&#922;&#908;&#931; &#913;&#933;&#932;&#927;&#922;&#929;&#902;&#932;&#937;&#929;</inscription>
        <inscription-type>coin legend</inscription-type>
      </transcription>
    </transcriptions>
    <monuments>
      <monument>
        <census-id>10185781</census-id>
        <label>Bronze Coin of Lycian League (Head of Tiberius / Apollo Patroes, RPC 3340)</label>
      </monument>
    </monuments>
  </document>
  <document>
    <census-id>10185152</census-id>
    <name>fol. 194 r</name>
    <transcriptions>
      <transcription>
        <inscription>TI &#922;&#923;&#913;</inscription>
        <inscription-type>coin legend</inscription-type>
      </transcription>
    </transcriptions>
    <monuments>
      <monument>
        <census-id>10185005</census-id>
        <label>Bronze Coin of Koinon (Head of Claudius / Messalina, RPC 1032) (owner: S. Magno) </label>
      </monument>
    </monuments>
  </document>
  <document>
    <census-id>10185155</census-id>
    <name>fol. 195 r</name>
    <transcriptions>
      <transcription>
        <inscription>E. &#924;&#917;&#931;&#931;&#913;&#923;I&#925;&#913;</inscription>
        <inscription-type>coin legend</inscription-type>
      </transcription>
    </transcriptions>
    <monuments>
      <monument>
        <census-id>10185005</census-id>
        <label>Bronze Coin of Koinon (Head of Claudius / Messalina, RPC 1032) (owner: S. Magno) </label>
      </monument>
    </monuments>
  </document>
  <document>
    <census-id>10185792</census-id>
    <name>fol. 196 r</name>
    <transcriptions>
      <transcription>
        <inscription>&#921;L &#922;&#923;&#913; &#922;&#913;&#921;</inscription>
        <inscription-type>coin legend</inscription-type>
      </transcription>
    </transcriptions>
    <monuments>
      <monument>
        <census-id>10185791</census-id>
        <label>Bronze Coin of Alexandria (Head of Claudius / Eagle on Thunderbolt, RPC 5193)</label>
      </monument>
    </monuments>
  </document>
  <document>
    <census-id>10185795</census-id>
    <name>fol. 197 r</name>
    <transcriptions>
      <transcription>
        <inscription>AYTO L H</inscription>
        <inscription-type>coin legend</inscription-type>
      </transcription>
    </transcriptions>
    <monuments>
      <monument>
        <census-id>10185791</census-id>
        <label>Bronze Coin of Alexandria (Head of Claudius / Eagle on Thunderbolt, RPC 5193)</label>
      </monument>
    </monuments>
  </document>
  <document>
    <census-id>10185800</census-id>
    <name>fol. 198 r</name>
    <transcriptions>
      <transcription>
        <inscription>&#932;&#921; &#922;&#923;&#913;Y &#922;&#913;&#906;</inscription>
        <inscription-type>coin legend</inscription-type>
      </transcription>
    </transcriptions>
    <monuments>
      <monument>
        <census-id>10185799</census-id>
        <label>Bronze Coin of Alexandria (Head of Claudius / Hand Holding Corn-Ears and Poppies, RPC 5184)</label>
      </monument>
    </monuments>
  </document>
  <document>
    <census-id>10185810</census-id>
    <name>fol. 199 r</name>
    <transcriptions>
      <transcription>
        <inscription>AVT OKPA LA</inscription>
        <inscription-type>coin legend</inscription-type>
      </transcription>
    </transcriptions>
    <monuments>
      <monument>
        <census-id>10185799</census-id>
        <label>Bronze Coin of Alexandria (Head of Claudius / Hand Holding Corn-Ears and Poppies, RPC 5184)</label>
      </monument>
    </monuments>
  </document>
  <document>
    <census-id>10185803</census-id>
    <name>fol. 200 r</name>
    <transcriptions>
      <transcription>
        <inscription>&#932;&#921; &#922;&#923;&#913;&#910; &#931;E&#929; &#915;&#917;&#929;&#924;&#913;&#925;&#921;&#922;&#908;&#931;</inscription>
        <inscription-type>coin legend</inscription-type>
      </transcription>
    </transcriptions>
    <monuments>
      <monument>
        <census-id>10185807</census-id>
        <label>Bronze Coin of Alexandria (Head of Claudius / Bust of Agrippina Minor, RPC 1034)</label>
      </monument>
    </monuments>
  </document>
  <document>
    <census-id>10185808</census-id>
    <name>fol. 201 r</name>
    <monuments>
      <monument>
        <census-id>10185807</census-id>
        <label>Bronze Coin of Alexandria (Head of Claudius / Bust of Agrippina Minor, RPC 1034)</label>
      </monument>
    </monuments>
  </document>
  <document>
    <census-id>10185812</census-id>
    <name>fol. 202 r</name>
    <transcriptions>
      <transcription>
        <inscription>&#932;&#921; &#922;&#923;&#913;&#933;&#916;&#921;&#927;&#931; &#922;&#913;&#921;&#931;&#913;&#929;</inscription>
        <inscription-type>coin legend</inscription-type>
      </transcription>
    </transcriptions>
    <monuments>
      <monument>
        <census-id>10063929</census-id>
        <label>Copper Coin of Thessaloniki (Head of Claudius / Macedonian Shield, RPC I 1612)</label>
      </monument>
    </monuments>
  </document>
  <document>
    <census-id>10185815</census-id>
    <name>fol. 203 r</name>
    <transcriptions>
      <transcription>
        <inscription>&#931;&#917;&#914;&#913;&#931;&#932;&#927;&#931; &#924;&#913;&#922;&#917;&#916;&#927;&#925;&#937;&#925;</inscription>
        <inscription-type>coin legend</inscription-type>
      </transcription>
    </transcriptions>
    <monuments>
      <monument>
        <census-id>10063929</census-id>
        <label>Copper Coin of Thessaloniki (Head of Claudius / Macedonian Shield, RPC I 1612)</label>
      </monument>
    </monuments>
  </document>
  <document>
    <census-id>10204048</census-id>
    <name>fol. 206 r</name>
    <transcriptions>
      <transcription>
        <inscription>&#937;EIA</inscription>
        <inscription-type>coin legend</inscription-type>
      </transcription>
    </transcriptions>
    <monuments>
      <monument>
        <census-id>10204042</census-id>
        <label>Brass Spintria (Symphlegma scene / VIII)</label>
      </monument>
    </monuments>
  </document>
  <document>
    <census-id>10204054</census-id>
    <name>fol. 207 r</name>
    <transcriptions>
      <transcription>
        <inscription>VIII</inscription>
        <inscription-type>coin legend</inscription-type>
      </transcription>
    </transcriptions>
    <monuments>
      <monument>
        <census-id>10204042</census-id>
        <label>Brass Spintria (Symphlegma scene / VIII)</label>
      </monument>
    </monuments>
  </document>
  <document>
    <census-id>10185295</census-id>
    <name>fol. 215 r</name>
    <transcriptions>
      <transcription>
        <inscription>AYT K&#923;&#913;</inscription>
        <inscription-type>coin legend</inscription-type>
      </transcription>
    </transcriptions>
    <monuments>
      <monument>
        <census-id>10185288</census-id>
        <label>Bronze Coin of Alexandria (Laureate Head / Nilus, RPC 5174) (owner: A. Lauredan)</label>
      </monument>
    </monuments>
  </document>
  <document>
    <census-id>10185063</census-id>
    <name>fol. 216 r</name>
    <transcriptions>
      <transcription>
        <inscription>TI.K&#923;AY. KAI. CEBA&#931;&#932;&#927;&#931;. PAT.</inscription>
        <inscription-type>coin legend</inscription-type>
      </transcription>
    </transcriptions>
    <monuments>
      <monument>
        <census-id>10185050</census-id>
        <label>Tetradrachme of Alexandria (Claudius / Hippopotamus, RPC 5124) (owner: G. Calestano)</label>
      </monument>
    </monuments>
  </document>
  <document>
    <census-id>10185067</census-id>
    <name>fol. 217 r</name>
    <transcriptions>
      <transcription>
        <inscription>AYTOKPA L R</inscription>
        <inscription-type>coin legend</inscription-type>
      </transcription>
    </transcriptions>
    <monuments>
      <monument>
        <census-id>10185050</census-id>
        <label>Tetradrachme of Alexandria (Claudius / Hippopotamus, RPC 5124) (owner: G. Calestano)</label>
      </monument>
    </monuments>
  </document>
  <document>
    <census-id>10183750</census-id>
    <name>fol. 221 r</name>
    <transcriptions>
      <transcription>
        <inscription>OIA</inscription>
        <inscription-type>coin legend</inscription-type>
      </transcription>
    </transcriptions>
    <monuments>
      <monument>
        <census-id>10183734</census-id>
        <label>Cistophorus of Claudius (Claudius / Diana of Ephesos, RIC 119) (owner: A. Agust&#237;n)</label>
      </monument>
    </monuments>
  </document>
  <document>
    <census-id>10185310</census-id>
    <name>fol. 222 r</name>
    <transcriptions>
      <transcription>
        <inscription>TI &#922;&#923;&#913;&#910;&#916;&#921;&#927;&#931; KAIC CEBAC</inscription>
        <inscription-type>coin legend</inscription-type>
      </transcription>
    </transcriptions>
    <monuments>
      <monument>
        <census-id>10185299</census-id>
        <label>Silver Coin of Byzantium (Head of Augustus / Livia, RPC 1779)</label>
      </monument>
    </monuments>
  </document>
  <document>
    <census-id>10185313</census-id>
    <name>fol. 223 r</name>
    <transcriptions>
      <transcription>
        <inscription>&#920;&#917;A &#931;&#917;&#914;&#913;&#931;&#932;H</inscription>
        <inscription-type>coin legend</inscription-type>
      </transcription>
    </transcriptions>
    <monuments>
      <monument>
        <census-id>10185299</census-id>
        <label>Silver Coin of Byzantium (Head of Augustus / Livia, RPC 1779)</label>
      </monument>
    </monuments>
  </document>
</documents>
