<?xml version="1.0" encoding="utf-8"?>
<documents>
  <document>
    <census-id>10174368</census-id>
    <name>fol. 004 r</name>
    <transcriptions>
      <transcription>
        <inscription>CAESAR AVGVSTVS</inscription>
        <inscription-type>coin legend</inscription-type>
      </transcription>
    </transcriptions>
    <monuments>
      <monument>
        <census-id>10065387</census-id>
        <label>Denarius of Augustus / Temple (RIC 39a)</label>
      </monument>
    </monuments>
  </document>
  <document>
    <census-id>10178102</census-id>
    <name>fol. 005 r</name>
    <transcriptions>
      <transcription>
        <inscription>COL IVL</inscription>
        <inscription-type>coin legend</inscription-type>
      </transcription>
    </transcriptions>
    <monuments>
      <monument>
        <census-id>10178094</census-id>
        <label>Copper Coin of Berytus (Head of Tiberius / Veiled Figure Ploughing with Oxen, RPC I 4543) (owner:  A. Agust&#237;n)</label>
      </monument>
    </monuments>
  </document>
  <document>
    <census-id>10168895</census-id>
    <name>fol. 010 r</name>
    <transcriptions>
      <transcription>
        <inscription>CAESARI AVG COS X I TR POT III S P Q R IMP</inscription>
        <inscription-type>coin legend</inscription-type>
      </transcription>
    </transcriptions>
    <monuments>
      <monument>
        <census-id>10060140</census-id>
        <label>Aureus of Augustus / Quadriga and Triumphal Arch (RIC 131)</label>
      </monument>
    </monuments>
  </document>
  <document>
    <census-id>10178678</census-id>
    <name>fol. 011 r</name>
    <transcriptions>
      <transcription>
        <inscription>CIVIB ET SIGN APARTHIS REST</inscription>
        <inscription-type>coin legend</inscription-type>
      </transcription>
    </transcriptions>
    <monuments>
      <monument>
        <census-id>10060140</census-id>
        <label>Aureus of Augustus / Quadriga and Triumphal Arch (RIC 131)</label>
      </monument>
    </monuments>
  </document>
  <document>
    <census-id>10178692</census-id>
    <name>fol. 012 r</name>
    <transcriptions>
      <transcription>
        <inscription>SPQR IMP CAESAR</inscription>
        <inscription-type>coin legend</inscription-type>
      </transcription>
    </transcriptions>
    <monuments>
      <monument>
        <census-id>10178682</census-id>
        <label>Denarius of Augustus / Mars (RIC 148)</label>
      </monument>
    </monuments>
  </document>
  <document>
    <census-id>10178699</census-id>
    <name>fol. 013 r</name>
    <transcriptions>
      <transcription>
        <inscription>VOTA P SVSC PRO SALET RED IOM SACR</inscription>
        <inscription-type>coin legend</inscription-type>
      </transcription>
    </transcriptions>
    <monuments>
      <monument>
        <census-id>10178682</census-id>
        <label>Denarius of Augustus / Mars (RIC 148)</label>
      </monument>
    </monuments>
  </document>
  <document>
    <census-id>10178706</census-id>
    <name>fol. 014 r</name>
    <transcriptions>
      <transcription>
        <inscription>AVGVSTVS</inscription>
        <inscription-type>coin legend</inscription-type>
      </transcription>
    </transcriptions>
    <monuments>
      <monument>
        <census-id>10063997</census-id>
        <label>Denarius of Augustus / Bisellium (RIC 417)</label>
      </monument>
    </monuments>
  </document>
  <document>
    <census-id>10178712</census-id>
    <name>fol. 015 r</name>
    <transcriptions>
      <transcription>
        <inscription>L GALLVS III VIR TR POT</inscription>
        <inscription-type>coin legend</inscription-type>
      </transcription>
    </transcriptions>
    <monuments>
      <monument>
        <census-id>10063997</census-id>
        <label>Denarius of Augustus / Bisellium (RIC 417)</label>
      </monument>
    </monuments>
  </document>
  <document>
    <census-id>10178730</census-id>
    <name>fol. 018 r</name>
    <transcriptions>
      <transcription>
        <inscription>AVGVSTVS IMP CAESAR</inscription>
        <inscription-type>coin legend</inscription-type>
      </transcription>
    </transcriptions>
    <monuments>
      <monument>
        <census-id>10044815</census-id>
        <label>Denarius of Augustus / Trophy (RIC 2a)</label>
      </monument>
    </monuments>
  </document>
  <document>
    <census-id>10178734</census-id>
    <name>fol. 019 r</name>
    <transcriptions>
      <transcription>
        <inscription>P CARISIVS LEG PRO P</inscription>
        <inscription-type>coin legend</inscription-type>
      </transcription>
    </transcriptions>
    <monuments>
      <monument>
        <census-id>10044815</census-id>
        <label>Denarius of Augustus / Trophy (RIC 2a)</label>
      </monument>
    </monuments>
  </document>
  <document>
    <census-id>10180982</census-id>
    <name>fol. 020 r</name>
    <transcriptions>
      <transcription>
        <inscription>CAESAR AVGVSTVS</inscription>
        <inscription-type>coin legend</inscription-type>
      </transcription>
    </transcriptions>
    <monuments>
      <monument>
        <census-id>10065387</census-id>
        <label>Denarius of Augustus / Temple (RIC 39a)</label>
      </monument>
    </monuments>
  </document>
  <document>
    <census-id>10178936</census-id>
    <name>fol. 021 r</name>
    <transcriptions>
      <transcription>
        <inscription>PVBLIVS SEPVLLIVS</inscription>
        <inscription-type>coin legend</inscription-type>
      </transcription>
    </transcriptions>
    <monuments>
      <monument>
        <census-id>10024178</census-id>
        <label>Denarius of Augustus / Trophy (RIC 265a)</label>
      </monument>
      <monument>
        <census-id>10178761</census-id>
        <label>Denarius of Augustus / Trophy on Prow (RIC 265b)</label>
      </monument>
    </monuments>
  </document>
  <document>
    <census-id>10178746</census-id>
    <name>fol. 023 r</name>
    <transcriptions>
      <transcription>
        <inscription>CASEAR F AVGVSTO</inscription>
        <inscription-type>coin legend</inscription-type>
      </transcription>
    </transcriptions>
    <monuments>
      <monument>
        <census-id>10042874</census-id>
        <label>Denarius of Augustus (Toga Picta / Quadriga, RIC 99)</label>
      </monument>
      <monument>
        <census-id>10178755</census-id>
        <label>Denarius of Augustus (Honorary Attributes / Quadriga, RIC 101)</label>
      </monument>
    </monuments>
  </document>
  <document>
    <census-id>10180986</census-id>
    <name>fol. 026 r</name>
    <transcriptions>
      <transcription>
        <inscription>CAESAR AVGVSTVS</inscription>
        <inscription-type>coin legend</inscription-type>
      </transcription>
    </transcriptions>
    <monuments>
      <monument>
        <census-id>10065387</census-id>
        <label>Denarius of Augustus / Temple (RIC 39a)</label>
      </monument>
    </monuments>
  </document>
  <document>
    <census-id>10178742</census-id>
    <name>fol. 030 r</name>
    <transcriptions>
      <transcription>
        <inscription>SALVS GENERIS HVMANI</inscription>
        <inscription-type>coin legend</inscription-type>
      </transcription>
      <transcription>
        <inscription>30</inscription>
        <inscription-type>coin legend</inscription-type>
      </transcription>
    </transcriptions>
    <monuments>
      <monument>
        <census-id>10169395</census-id>
        <label>Denarius of Civil Wars (Victory on Globe / Aquila, Standards and Altar, RIC 70a)</label>
      </monument>
    </monuments>
  </document>
  <document>
    <census-id>10173997</census-id>
    <name>fol. 031 r</name>
    <transcriptions>
      <transcription>
        <inscription>OB CIVIS SERVATOS</inscription>
        <inscription-type>coin legend</inscription-type>
      </transcription>
      <transcription>
        <inscription>SPQR CL V</inscription>
        <inscription-type>coin legend</inscription-type>
      </transcription>
    </transcriptions>
    <monuments>
      <monument>
        <census-id>10173991</census-id>
        <label>Denarius of Augustus /  Shield in Oak-wreath (RIC 79b) (owner: A. Maffei)</label>
      </monument>
    </monuments>
  </document>
  <document>
    <census-id>10173995</census-id>
    <name>fol. 032 r</name>
    <transcriptions>
      <transcription>
        <inscription>CAESAR AVGVSTVS</inscription>
        <inscription-type>coin legend</inscription-type>
      </transcription>
    </transcriptions>
    <monuments>
      <monument>
        <census-id>10025214</census-id>
        <label>Denarius of Augustus / Lion and Deer (RIC 318)</label>
      </monument>
      <monument>
        <census-id>10173991</census-id>
        <label>Denarius of Augustus /  Shield in Oak-wreath (RIC 79b) (owner: A. Maffei)</label>
      </monument>
    </monuments>
  </document>
  <document>
    <census-id>10178940</census-id>
    <name>fol. 033 r</name>
    <transcriptions>
      <transcription>
        <inscription>M THERMIVS III VIR</inscription>
        <inscription-type>coin legend</inscription-type>
      </transcription>
    </transcriptions>
    <monuments>
      <monument>
        <census-id>10025214</census-id>
        <label>Denarius of Augustus / Lion and Deer (RIC 318)</label>
      </monument>
    </monuments>
  </document>
  <document>
    <census-id>10174148</census-id>
    <name>fol. 034 r</name>
    <transcriptions>
      <transcription>
        <inscription>CAESAR AVGVSTVS</inscription>
        <inscription-type>coin legend</inscription-type>
      </transcription>
    </transcriptions>
    <monuments>
      <monument>
        <census-id>10174144</census-id>
        <label>Denarius of Augustus / Tarpeia (RIC 299) (owner: G. Kandler)</label>
      </monument>
    </monuments>
  </document>
  <document>
    <census-id>10174151</census-id>
    <name>fol. 035 r</name>
    <transcriptions>
      <transcription>
        <inscription>SVPILIANVS III VIR</inscription>
        <inscription-type>coin legend</inscription-type>
      </transcription>
    </transcriptions>
    <monuments>
      <monument>
        <census-id>10174144</census-id>
        <label>Denarius of Augustus / Tarpeia (RIC 299) (owner: G. Kandler)</label>
      </monument>
    </monuments>
  </document>
  <document>
    <census-id>10178950</census-id>
    <name>fol. 036 r</name>
    <transcriptions>
      <transcription>
        <inscription>CAESAR AVGVSTVS</inscription>
        <inscription-type>coin legend</inscription-type>
      </transcription>
    </transcriptions>
    <monuments>
      <monument>
        <census-id>10178947</census-id>
        <label>Denarius of Augustus / Legend and Oak-Wreath (RIC 75a)</label>
      </monument>
    </monuments>
  </document>
  <document>
    <census-id>10178954</census-id>
    <name>fol. 037 r</name>
    <transcriptions>
      <transcription>
        <inscription>OBCIVES SERVATOS</inscription>
        <inscription-type>coin legend</inscription-type>
      </transcription>
    </transcriptions>
    <monuments>
      <monument>
        <census-id>10178947</census-id>
        <label>Denarius of Augustus / Legend and Oak-Wreath (RIC 75a)</label>
      </monument>
    </monuments>
  </document>
  <document>
    <census-id>10174233</census-id>
    <name>fol. 038 r</name>
    <transcriptions>
      <transcription>
        <inscription>AVGVSTVS IMP CAESAR</inscription>
        <inscription-type>coin legend</inscription-type>
      </transcription>
    </transcriptions>
    <monuments>
      <monument>
        <census-id>10174229</census-id>
        <label>Denarius of Augustus / Shield (RIC 3) (owner: A. Agust&#237;n)</label>
      </monument>
      <monument>
        <census-id>10174386</census-id>
        <label>Denarius of Augustus / Helmet between Dagger and Bipennis (RIC 8) (owner: G. Kandler)</label>
      </monument>
    </monuments>
  </document>
  <document>
    <census-id>10174389</census-id>
    <name>fol. 039 r</name>
    <transcriptions>
      <transcription>
        <inscription>P CARISIVS L F G P ROPR</inscription>
        <inscription-type>coin legend</inscription-type>
      </transcription>
    </transcriptions>
    <monuments>
      <monument>
        <census-id>10174386</census-id>
        <label>Denarius of Augustus / Helmet between Dagger and Bipennis (RIC 8) (owner: G. Kandler)</label>
      </monument>
    </monuments>
  </document>
  <document>
    <census-id>10174606</census-id>
    <name>fol. 040 r</name>
    <transcriptions>
      <transcription>
        <inscription>CAESAR AVGVSTVS</inscription>
        <inscription-type>coin legend</inscription-type>
      </transcription>
    </transcriptions>
    <monuments>
      <monument>
        <census-id>10174594</census-id>
        <label>Denarius of Augustus / Oak-Wreath (RIC 40) (owner: J. Strada)</label>
      </monument>
      <monument>
        <census-id>10174633</census-id>
        <label>Denarius of Augustus / Shield (RIC 42) (owner: J. Strada)</label>
      </monument>
    </monuments>
  </document>
  <document>
    <census-id>10174583</census-id>
    <name>fol. 044 r</name>
    <transcriptions>
      <transcription>
        <inscription>CAESAR AVGVSTVS</inscription>
        <inscription-type>coin legend</inscription-type>
      </transcription>
    </transcriptions>
    <monuments>
      <monument>
        <census-id>10178961</census-id>
        <label>Denarius of Augustus / Domed Temple (RIC 103)</label>
      </monument>
    </monuments>
  </document>
  <document>
    <census-id>10178964</census-id>
    <name>fol. 045 r</name>
    <transcriptions>
      <transcription>
        <inscription>MAR VLT</inscription>
        <inscription-type>coin legend</inscription-type>
      </transcription>
    </transcriptions>
    <monuments>
      <monument>
        <census-id>10178961</census-id>
        <label>Denarius of Augustus / Domed Temple (RIC 103)</label>
      </monument>
    </monuments>
  </document>
  <document>
    <census-id>10178970</census-id>
    <name>fol. 046 r</name>
    <transcriptions>
      <transcription>
        <inscription>CAESAR AVGVSTVS</inscription>
        <inscription-type>coin legend</inscription-type>
      </transcription>
    </transcriptions>
    <monuments>
      <monument>
        <census-id>10178968</census-id>
        <label>Denarius of Civil Wars  (Augustus / Gaius and Lucius, RIC 87)</label>
      </monument>
    </monuments>
  </document>
  <document>
    <census-id>10173798</census-id>
    <name>fol. 048 r</name>
    <transcriptions>
      <transcription>
        <inscription>IMP CAESAR AVGVSTVS</inscription>
        <inscription-type>coin legend</inscription-type>
      </transcription>
    </transcriptions>
    <monuments>
      <monument>
        <census-id>10173795</census-id>
        <label>Denarius of Augustus / City Wall (RIC 9b) (owner: J. Fugger)</label>
      </monument>
    </monuments>
  </document>
  <document>
    <census-id>10173800</census-id>
    <name>fol. 049 r</name>
    <transcriptions>
      <transcription>
        <inscription>P CARISIVS LEG PROPR</inscription>
        <inscription-type>coin legend</inscription-type>
      </transcription>
      <transcription>
        <inscription>EMERITA</inscription>
        <inscription-type>coin legend</inscription-type>
      </transcription>
    </transcriptions>
    <monuments>
      <monument>
        <census-id>10173795</census-id>
        <label>Denarius of Augustus / City Wall (RIC 9b) (owner: J. Fugger)</label>
      </monument>
    </monuments>
  </document>
  <document>
    <census-id>10178974</census-id>
    <name>fol. 050 r</name>
    <transcriptions>
      <transcription>
        <inscription>IMP CAESAR AVGVST</inscription>
        <inscription-type>coin legend</inscription-type>
      </transcription>
    </transcriptions>
    <monuments>
      <monument>
        <census-id>10065090</census-id>
        <label>Denarius of Augustus / City Wall (RIC 9b)</label>
      </monument>
    </monuments>
  </document>
  <document>
    <census-id>10082700</census-id>
    <name>fol. 051 r</name>
    <transcriptions>
      <transcription>
        <inscription>CAESAR</inscription>
        <inscription-type>coin legend</inscription-type>
      </transcription>
    </transcriptions>
    <monuments>
      <monument>
        <census-id>10174260</census-id>
        <label>Denarius of Augustus (Mars / Shield, RIC 274) (owner: A. Agust&#237;n)</label>
      </monument>
    </monuments>
  </document>
  <document>
    <census-id>10178978</census-id>
    <name>fol. 052 r</name>
    <transcriptions>
      <transcription>
        <inscription>IMP CAESAR AVGVST</inscription>
        <inscription-type>coin legend</inscription-type>
      </transcription>
    </transcriptions>
    <monuments>
      <monument>
        <census-id>10065090</census-id>
        <label>Denarius of Augustus / City Wall (RIC 9b)</label>
      </monument>
    </monuments>
  </document>
  <document>
    <census-id>10177243</census-id>
    <name>fol. 053 r</name>
    <transcriptions>
      <transcription>
        <inscription>IMP X CAESAR</inscription>
        <inscription-type>coin legend</inscription-type>
      </transcription>
    </transcriptions>
    <monuments>
      <monument>
        <census-id>10041803</census-id>
        <label>Denarius of Augustus / Apollo (RIC 171a)</label>
      </monument>
      <monument>
        <census-id>10177235</census-id>
        <label>Aureus of Augustus / Apollo (RIC 170) (owner: A. Maffei)</label>
      </monument>
      <monument>
        <census-id>10177560</census-id>
        <label>Denarius of Augustus / Apollo (RIC 171a) (owner: A. Maffei)</label>
      </monument>
      <monument>
        <census-id>10199441</census-id>
        <label>Denarius of Augustus / Apollo (RIC 171a) (owner: A. Agust&#237;n)</label>
      </monument>
    </monuments>
  </document>
  <document>
    <census-id>10176580</census-id>
    <name>fol. 059 r</name>
    <transcriptions>
      <transcription>
        <inscription>DIVVS IVLIVS</inscription>
        <inscription-type>coin legend</inscription-type>
      </transcription>
    </transcriptions>
    <monuments>
      <monument>
        <census-id>10174260</census-id>
        <label>Denarius of Augustus (Mars / Shield, RIC 274) (owner: A. Agust&#237;n)</label>
      </monument>
      <monument>
        <census-id>10176571</census-id>
        <label>Denarius of Augustus / Comet (RIC 38) (owner: J. Strada)</label>
      </monument>
    </monuments>
  </document>
  <document>
    <census-id>10178982</census-id>
    <name>fol. 061 r</name>
    <transcriptions>
      <transcription>
        <inscription>IMP CAESAR</inscription>
        <inscription-type>coin legend</inscription-type>
      </transcription>
    </transcriptions>
    <monuments>
      <monument>
        <census-id>10049840</census-id>
        <label>Denarius of Augustus / Terminal Figure (RIC 269a)</label>
      </monument>
      <monument>
        <census-id>10178989</census-id>
        <label>Denarius of Augustus / Terminal Figure (RIC 269b)</label>
      </monument>
    </monuments>
  </document>
  <document>
    <census-id>10174579</census-id>
    <name>fol. 062 r</name>
    <transcriptions>
      <transcription>
        <inscription>CAESAR AVGVSTVS</inscription>
        <inscription-type>coin legend</inscription-type>
      </transcription>
    </transcriptions>
    <monuments>
      <monument>
        <census-id>10174397</census-id>
        <label>Denarius of Augustus / Armenia Capta (RIC 516) (owner: G. Grimani)</label>
      </monument>
      <monument>
        <census-id>10174873</census-id>
        <label>Denarius of Augustus / Temple (RIC 472) (owner: J. Strada)</label>
      </monument>
    </monuments>
  </document>
  <document>
    <census-id>10174926</census-id>
    <name>fol. 063 r</name>
    <transcriptions>
      <transcription>
        <inscription>IOVI OLYM</inscription>
        <inscription-type>coin legend</inscription-type>
      </transcription>
    </transcriptions>
    <monuments>
      <monument>
        <census-id>10174873</census-id>
        <label>Denarius of Augustus / Temple (RIC 472) (owner: J. Strada)</label>
      </monument>
    </monuments>
  </document>
  <document>
    <census-id>10175354</census-id>
    <name>fol. 064 r</name>
    <transcriptions>
      <transcription>
        <inscription>CAESAR AVGVST</inscription>
        <inscription-type>coin legend</inscription-type>
      </transcription>
    </transcriptions>
    <monuments>
      <monument>
        <census-id>10175346</census-id>
        <label>Denarius of Augustus / Temple (RIC 69) (owner: A. Maffei)</label>
      </monument>
    </monuments>
  </document>
  <document>
    <census-id>10175358</census-id>
    <name>fol. 065 r</name>
    <transcriptions>
      <transcription>
        <inscription>MAR VVL</inscription>
        <inscription-type>coin legend</inscription-type>
      </transcription>
    </transcriptions>
    <monuments>
      <monument>
        <census-id>10175346</census-id>
        <label>Denarius of Augustus / Temple (RIC 69) (owner: A. Maffei)</label>
      </monument>
    </monuments>
  </document>
  <document>
    <census-id>10178992</census-id>
    <name>fol. 071 r</name>
    <transcriptions>
      <transcription>
        <inscription>Q PAPIR CAR Q TERE MON TR VIR CILLA</inscription>
        <inscription-type>coin legend</inscription-type>
      </transcription>
      <transcription>
        <inscription>IVNON</inscription>
        <inscription-type>coin legend</inscription-type>
      </transcription>
    </transcriptions>
    <monuments>
      <monument>
        <census-id>10051684</census-id>
        <label>Bronze Coin of Ilici (Head of Augustus / Temple, RPC I 192)</label>
      </monument>
    </monuments>
  </document>
  <document>
    <census-id>10174575</census-id>
    <name>fol. 074 r</name>
    <transcriptions>
      <transcription>
        <inscription>CAESAR AVGVSTVS</inscription>
        <inscription-type>coin legend</inscription-type>
      </transcription>
    </transcriptions>
    <monuments>
      <monument>
        <census-id>10174397</census-id>
        <label>Denarius of Augustus / Armenia Capta (RIC 516) (owner: G. Grimani)</label>
      </monument>
      <monument>
        <census-id>10174643</census-id>
        <label>Denarius of Augustus / Pegasus (RIC 297) (owner: A. Agust&#237;n)</label>
      </monument>
    </monuments>
  </document>
  <document>
    <census-id>10174652</census-id>
    <name>fol. 075 r</name>
    <transcriptions>
      <transcription>
        <inscription>P PETRON TVRPILIANVS IIIVIR</inscription>
        <inscription-type>coin legend</inscription-type>
      </transcription>
    </transcriptions>
    <monuments>
      <monument>
        <census-id>10174643</census-id>
        <label>Denarius of Augustus / Pegasus (RIC 297) (owner: A. Agust&#237;n)</label>
      </monument>
    </monuments>
  </document>
  <document>
    <census-id>10174982</census-id>
    <name>fol. 077 r</name>
    <transcriptions>
      <transcription>
        <inscription>P STOLO III VIR</inscription>
        <inscription-type>coin legend</inscription-type>
      </transcription>
    </transcriptions>
    <monuments>
      <monument>
        <census-id>10174978</census-id>
        <label>Denarius of Augustus / Apex between Ancilia (RIC 343) (owner: A. Maffei)</label>
      </monument>
    </monuments>
  </document>
  <document>
    <census-id>10177363</census-id>
    <name>fol. 078 r</name>
    <monuments>
      <monument>
        <census-id>10177354</census-id>
        <label>Aureus of Augustus (Diana / Temple, RIC 273) (owner: W. Imhoff)</label>
      </monument>
    </monuments>
  </document>
  <document>
    <census-id>10177366</census-id>
    <name>fol. 079 r</name>
    <transcriptions>
      <transcription>
        <inscription>IMP CAESAR</inscription>
        <inscription-type>coin legend</inscription-type>
      </transcription>
    </transcriptions>
    <monuments>
      <monument>
        <census-id>10177354</census-id>
        <label>Aureus of Augustus (Diana / Temple, RIC 273) (owner: W. Imhoff)</label>
      </monument>
    </monuments>
  </document>
  <document>
    <census-id>10178997</census-id>
    <name>fol. 080 r</name>
    <transcriptions>
      <transcription>
        <inscription>III VIR TVRPILIANVS</inscription>
        <inscription-type>coin legend</inscription-type>
      </transcription>
    </transcriptions>
    <monuments>
      <monument>
        <census-id>10055427</census-id>
        <label>Denarius of Augustus (Liber / Parthian, RIC 287)</label>
      </monument>
    </monuments>
  </document>
  <document>
    <census-id>10179124</census-id>
    <name>fol. 081 r</name>
    <transcriptions>
      <transcription>
        <inscription>CAES AVGVSTVS SIGNIS RECEP</inscription>
        <inscription-type>coin legend</inscription-type>
      </transcription>
    </transcriptions>
    <monuments>
      <monument>
        <census-id>10055427</census-id>
        <label>Denarius of Augustus (Liber / Parthian, RIC 287)</label>
      </monument>
    </monuments>
  </document>
  <document>
    <census-id>10179128</census-id>
    <name>fol. 082 r</name>
    <transcriptions>
      <transcription>
        <inscription>IIIVIR AAAFF</inscription>
        <inscription-type>coin legend</inscription-type>
      </transcription>
    </transcriptions>
    <monuments>
      <monument>
        <census-id>10042540</census-id>
        <label>Quadrans of Augustus (SC / Altar, RIC 425)</label>
      </monument>
    </monuments>
  </document>
  <document>
    <census-id>10179134</census-id>
    <name>fol. 083 r</name>
    <transcriptions>
      <transcription>
        <inscription>REGVLVS PVLCHER LAVRVS</inscription>
        <inscription-type>coin legend</inscription-type>
      </transcription>
    </transcriptions>
    <monuments>
      <monument>
        <census-id>10042540</census-id>
        <label>Quadrans of Augustus (SC / Altar, RIC 425)</label>
      </monument>
    </monuments>
  </document>
  <document>
    <census-id>10179362</census-id>
    <name>fol. 090 r</name>
    <transcriptions>
      <transcription>
        <inscription>SILVA GALVS III VIR</inscription>
        <inscription-type>coin legend</inscription-type>
      </transcription>
    </transcriptions>
    <monuments>
      <monument>
        <census-id>10179143</census-id>
        <label>Quadrans of Augustus (Altar / Coin Legend, RIC 462)</label>
      </monument>
    </monuments>
  </document>
  <document>
    <census-id>10179366</census-id>
    <name>fol. 091 r</name>
    <transcriptions>
      <transcription>
        <inscription>SILVA GALVS III VIR</inscription>
        <inscription-type>coin legend</inscription-type>
      </transcription>
    </transcriptions>
    <monuments>
      <monument>
        <census-id>10179143</census-id>
        <label>Quadrans of Augustus (Altar / Coin Legend, RIC 462)</label>
      </monument>
    </monuments>
  </document>
  <document>
    <census-id>10179376</census-id>
    <name>fol. 092 r</name>
    <transcriptions>
      <transcription>
        <inscription>PVLCHER TAVRVS REGVLVS</inscription>
        <inscription-type>coin legend</inscription-type>
      </transcription>
    </transcriptions>
    <monuments>
      <monument>
        <census-id>10179373</census-id>
        <label>Quadrans of Augustus (Simpulum and Lituus / Legend around SC, RIC 424)</label>
      </monument>
    </monuments>
  </document>
  <document>
    <census-id>10179380</census-id>
    <name>fol. 093 r</name>
    <transcriptions>
      <transcription>
        <inscription>IIIVIR AAA FF</inscription>
        <inscription-type>coin legend</inscription-type>
      </transcription>
      <transcription>
        <inscription>SC</inscription>
        <inscription-type>coin legend</inscription-type>
      </transcription>
    </transcriptions>
    <monuments>
      <monument>
        <census-id>10179373</census-id>
        <label>Quadrans of Augustus (Simpulum and Lituus / Legend around SC, RIC 424)</label>
      </monument>
    </monuments>
  </document>
  <document>
    <census-id>10178488</census-id>
    <name>fol. 096 r</name>
    <transcriptions>
      <transcription>
        <inscription>Q RVSTIVS FORTVNAE ANTIAT</inscription>
        <inscription-type>coin legend</inscription-type>
      </transcription>
    </transcriptions>
    <monuments>
      <monument>
        <census-id>10056065</census-id>
        <label>Denarius of Augustus (Two Busts / Altar, RIC 322)</label>
      </monument>
    </monuments>
  </document>
  <document>
    <census-id>10203995</census-id>
    <name>fol. 098 r</name>
    <transcriptions>
      <transcription>
        <inscription>XIII</inscription>
        <inscription-type>coin legend</inscription-type>
      </transcription>
    </transcriptions>
    <monuments>
      <monument>
        <census-id>10203842</census-id>
        <label>Bronze Tessera of Augustus / XIII</label>
      </monument>
    </monuments>
  </document>
  <document>
    <census-id>10179385</census-id>
    <name>fol. 104 r</name>
    <transcriptions>
      <transcription>
        <inscription>LAMIA SILIVS AMIANVS</inscription>
        <inscription-type>coin legend</inscription-type>
      </transcription>
    </transcriptions>
    <monuments>
      <monument>
        <census-id>10042123</census-id>
        <label>Quadrans of Augustus (Hands Clasped and Caduceus / SC, RIC 420)</label>
      </monument>
    </monuments>
  </document>
  <document>
    <census-id>10179389</census-id>
    <name>fol. 105 r</name>
    <transcriptions>
      <transcription>
        <inscription>IIVIR AAA FF</inscription>
        <inscription-type>coin legend</inscription-type>
      </transcription>
      <transcription>
        <inscription>SC</inscription>
        <inscription-type>coin legend</inscription-type>
      </transcription>
    </transcriptions>
    <monuments>
      <monument>
        <census-id>10042123</census-id>
        <label>Quadrans of Augustus (Hands Clasped and Caduceus / SC, RIC 420)</label>
      </monument>
    </monuments>
  </document>
  <document>
    <census-id>10203998</census-id>
    <name>fol. 108 r</name>
    <transcriptions>
      <transcription>
        <inscription>A P P F</inscription>
        <inscription-type>coin legend</inscription-type>
      </transcription>
    </transcriptions>
    <monuments>
      <monument>
        <census-id>10203984</census-id>
        <label>Bronze Tessera (Sceptre and bust / Legend on shield)</label>
      </monument>
    </monuments>
  </document>
  <document>
    <census-id>10204001</census-id>
    <name>fol. 109 r</name>
    <monuments>
      <monument>
        <census-id>10203984</census-id>
        <label>Bronze Tessera (Sceptre and bust / Legend on shield)</label>
      </monument>
    </monuments>
  </document>
  <document>
    <census-id>10179394</census-id>
    <name>fol. 110 r</name>
    <transcriptions>
      <transcription>
        <inscription>AVGVSTVS TRIBVNIC POTEST</inscription>
        <inscription-type>coin legend</inscription-type>
      </transcription>
    </transcriptions>
    <monuments>
      <monument>
        <census-id>10065126</census-id>
        <label>Dupondius of Augustus (Oak-wreath / SC, RIC 378)</label>
      </monument>
    </monuments>
  </document>
  <document>
    <census-id>10179397</census-id>
    <name>fol. 111 r</name>
    <transcriptions>
      <transcription>
        <inscription>C GALLVS LVPERCVS III VIR AAA FF</inscription>
        <inscription-type>coin legend</inscription-type>
      </transcription>
      <transcription>
        <inscription>SC NAPC</inscription>
        <inscription-type>coin legend</inscription-type>
      </transcription>
    </transcriptions>
    <monuments>
      <monument>
        <census-id>10065126</census-id>
        <label>Dupondius of Augustus (Oak-wreath / SC, RIC 378)</label>
      </monument>
    </monuments>
  </document>
  <document>
    <census-id>10179403</census-id>
    <name>fol. 112 r</name>
    <transcriptions>
      <transcription>
        <inscription>OB CIVIS SERVATOS</inscription>
        <inscription-type>coin legend</inscription-type>
      </transcription>
      <transcription>
        <inscription>SC NAPC</inscription>
        <inscription-type>coin legend</inscription-type>
      </transcription>
    </transcriptions>
    <monuments>
      <monument>
        <census-id>10040908</census-id>
        <label>Sestertius of Augustus (Oak-Wreath / SC, RIC 377)</label>
      </monument>
    </monuments>
  </document>
  <document>
    <census-id>10179408</census-id>
    <name>fol. 113 r</name>
    <transcriptions>
      <transcription>
        <inscription>C GALLIVS C F LVPERCVS III VIR AAA FF </inscription>
        <inscription-type>coin legend</inscription-type>
      </transcription>
      <transcription>
        <inscription>SC</inscription>
        <inscription-type>coin legend</inscription-type>
      </transcription>
    </transcriptions>
    <monuments>
      <monument>
        <census-id>10040908</census-id>
        <label>Sestertius of Augustus (Oak-Wreath / SC, RIC 377)</label>
      </monument>
    </monuments>
  </document>
  <document>
    <census-id>10175868</census-id>
    <name>fol. 114 r</name>
    <transcriptions>
      <transcription>
        <inscription>IOM SPQR VS PR S IM CAE QVOD PIR EV RP IN AMP AT Q TRAV SE</inscription>
        <inscription-type>coin legend</inscription-type>
      </transcription>
    </transcriptions>
    <monuments>
      <monument>
        <census-id>10175876</census-id>
        <label>Denarius of Augustus / Cippus (RIC 358) (owner: A. Agust&#237;n)</label>
      </monument>
    </monuments>
  </document>
  <document>
    <census-id>10179417</census-id>
    <name>fol. 119 r</name>
    <transcriptions>
      <transcription>
        <inscription>SC</inscription>
        <inscription-type>coin legend</inscription-type>
      </transcription>
      <transcription>
        <inscription>Q AELIVS AMIA III VIR AAA FF</inscription>
        <inscription-type>coin legend</inscription-type>
      </transcription>
    </transcriptions>
    <monuments>
      <monument>
        <census-id>10055596</census-id>
        <label>Dupondius of Augustus (Oak-Wreath / SC, RIC 324)</label>
      </monument>
    </monuments>
  </document>
  <document>
    <census-id>10179424</census-id>
    <name>fol. 124 r</name>
    <transcriptions>
      <transcription>
        <inscription>FIDES EXERCITVM</inscription>
        <inscription-type>coin legend</inscription-type>
      </transcription>
    </transcriptions>
    <monuments>
      <monument>
        <census-id>10179421</census-id>
        <label>Denarius of Civil Wars (Clasped Hands / Clasped Hands, RIC 121)</label>
      </monument>
    </monuments>
  </document>
  <document>
    <census-id>10179428</census-id>
    <name>fol. 125 r</name>
    <transcriptions>
      <transcription>
        <inscription>FIDES PAVM</inscription>
        <inscription-type>coin legend</inscription-type>
      </transcription>
    </transcriptions>
    <monuments>
      <monument>
        <census-id>10179421</census-id>
        <label>Denarius of Civil Wars (Clasped Hands / Clasped Hands, RIC 121)</label>
      </monument>
    </monuments>
  </document>
  <document>
    <census-id>10179432</census-id>
    <name>fol. 128 r</name>
    <transcriptions>
      <transcription>
        <inscription>CAESAR AVGVSTVS</inscription>
        <inscription-type>coin legend</inscription-type>
      </transcription>
    </transcriptions>
    <monuments>
      <monument>
        <census-id>10178968</census-id>
        <label>Denarius of Civil Wars  (Augustus / Gaius and Lucius, RIC 87)</label>
      </monument>
    </monuments>
  </document>
  <document>
    <census-id>10179436</census-id>
    <name>fol. 129 r</name>
    <transcriptions>
      <transcription>
        <inscription>AEGIPTOS CAPTA</inscription>
        <inscription-type>coin legend</inscription-type>
      </transcription>
    </transcriptions>
    <monuments>
      <monument>
        <census-id>10036075</census-id>
        <label>Denarius of Augustus / Crocodile (RIC 545)</label>
      </monument>
    </monuments>
  </document>
  <document>
    <census-id>10177087</census-id>
    <name>fol. 130 r</name>
    <monuments>
      <monument>
        <census-id>10177056</census-id>
        <label>Aureus of Augustus / Capricorn with Globe (RIC 127) (owner: A. Conteschi)</label>
      </monument>
    </monuments>
  </document>
  <document>
    <census-id>10177557</census-id>
    <name>fol. 132 r</name>
    <transcriptions>
      <transcription>
        <inscription>CAESAR AVGVSTVS</inscription>
        <inscription-type>coin legend</inscription-type>
      </transcription>
    </transcriptions>
    <monuments>
      <monument>
        <census-id>10177010</census-id>
        <label>Denarius of Augustus / Temple with Currus (RIC 115) (owner: C. de la Porte)</label>
      </monument>
    </monuments>
  </document>
  <document>
    <census-id>10174744</census-id>
    <name>fol. 133 r</name>
    <transcriptions>
      <transcription>
        <inscription>SPQR</inscription>
        <inscription-type>coin legend</inscription-type>
      </transcription>
    </transcriptions>
    <monuments>
      <monument>
        <census-id>10174735</census-id>
        <label>Denarius of Augustus / Temple with Currus (RIC 115) (owner: J. Strada)</label>
      </monument>
      <monument>
        <census-id>10177010</census-id>
        <label>Denarius of Augustus / Temple with Currus (RIC 115) (owner: C. de la Porte)</label>
      </monument>
    </monuments>
  </document>
  <document>
    <census-id>10179440</census-id>
    <name>fol. 134 r</name>
    <transcriptions>
      <transcription>
        <inscription>IIIVIR AAA FF</inscription>
        <inscription-type>coin legend</inscription-type>
      </transcription>
    </transcriptions>
    <monuments>
      <monument>
        <census-id>10065122</census-id>
        <label>Quadrans of Augustus (Cornucopia / Altar, RIC 422)</label>
      </monument>
    </monuments>
  </document>
  <document>
    <census-id>10179444</census-id>
    <name>fol. 135 r</name>
    <transcriptions>
      <transcription>
        <inscription>LAMIVS SILIVS SANNIVS</inscription>
        <inscription-type>coin legend</inscription-type>
      </transcription>
      <transcription>
        <inscription>SC</inscription>
        <inscription-type>coin legend</inscription-type>
      </transcription>
    </transcriptions>
    <monuments>
      <monument>
        <census-id>10065122</census-id>
        <label>Quadrans of Augustus (Cornucopia / Altar, RIC 422)</label>
      </monument>
    </monuments>
  </document>
  <document>
    <census-id>10179449</census-id>
    <name>fol. 136 r</name>
    <transcriptions>
      <transcription>
        <inscription>LAMIA SILIVS SANNIVS</inscription>
        <inscription-type>coin legend</inscription-type>
      </transcription>
    </transcriptions>
    <monuments>
      <monument>
        <census-id>10051870</census-id>
        <label>Quadrans of Augustus (Simpulum and Lituus / SC, RIC 421)</label>
      </monument>
    </monuments>
  </document>
  <document>
    <census-id>10179453</census-id>
    <name>fol. 137 r</name>
    <transcriptions>
      <transcription>
        <inscription>III VIR AAA FF</inscription>
        <inscription-type>coin legend</inscription-type>
      </transcription>
      <transcription>
        <inscription>SC</inscription>
        <inscription-type>coin legend</inscription-type>
      </transcription>
    </transcriptions>
    <monuments>
      <monument>
        <census-id>10051870</census-id>
        <label>Quadrans of Augustus (Simpulum and Lituus / SC, RIC 421)</label>
      </monument>
    </monuments>
  </document>
  <document>
    <census-id>10179556</census-id>
    <name>fol. 138 r</name>
    <transcriptions>
      <transcription>
        <inscription>III VIR AAA FF</inscription>
        <inscription-type>coin legend</inscription-type>
      </transcription>
    </transcriptions>
    <monuments>
      <monument>
        <census-id>10179459</census-id>
        <label>Quadrans of Augustus (Legend Surrounding SC / Garlanded Altar, RIC 466)</label>
      </monument>
    </monuments>
  </document>
  <document>
    <census-id>10179560</census-id>
    <name>fol. 139 r</name>
    <transcriptions>
      <transcription>
        <inscription>SC</inscription>
        <inscription-type>coin legend</inscription-type>
      </transcription>
      <transcription>
        <inscription>NAEVIS CANINIVS</inscription>
        <inscription-type>coin legend</inscription-type>
      </transcription>
    </transcriptions>
    <monuments>
      <monument>
        <census-id>10179459</census-id>
        <label>Quadrans of Augustus (Legend Surrounding SC / Garlanded Altar, RIC 466)</label>
      </monument>
    </monuments>
  </document>
  <document>
    <census-id>10179565</census-id>
    <name>fol. 140 r</name>
    <transcriptions>
      <transcription>
        <inscription>PVLCHER TAVRVS EGVLVS</inscription>
        <inscription-type>coin legend</inscription-type>
      </transcription>
    </transcriptions>
    <monuments>
      <monument>
        <census-id>10042529</census-id>
        <label>Quadrans of Augustus (Hands with Caduceus / SC, RIC 423)</label>
      </monument>
    </monuments>
  </document>
  <document>
    <census-id>10179569</census-id>
    <name>fol. 141 r</name>
    <transcriptions>
      <transcription>
        <inscription>III VIR AAA FF</inscription>
        <inscription-type>coin legend</inscription-type>
      </transcription>
      <transcription>
        <inscription>SC</inscription>
        <inscription-type>coin legend</inscription-type>
      </transcription>
    </transcriptions>
    <monuments>
      <monument>
        <census-id>10042529</census-id>
        <label>Quadrans of Augustus (Hands with Caduceus / SC, RIC 423)</label>
      </monument>
    </monuments>
  </document>
  <document>
    <census-id>10179574</census-id>
    <name>fol. 142 r</name>
    <transcriptions>
      <transcription>
        <inscription>III VIR AAA FF</inscription>
        <inscription-type>coin legend</inscription-type>
      </transcription>
    </transcriptions>
    <monuments>
      <monument>
        <census-id>10179459</census-id>
        <label>Quadrans of Augustus (Legend Surrounding SC / Garlanded Altar, RIC 466)</label>
      </monument>
    </monuments>
  </document>
  <document>
    <census-id>10179579</census-id>
    <name>fol. 143 r</name>
    <transcriptions>
      <transcription>
        <inscription>CAELLIANVS</inscription>
        <inscription-type>coin legend</inscription-type>
      </transcription>
    </transcriptions>
    <monuments>
      <monument>
        <census-id>10179459</census-id>
        <label>Quadrans of Augustus (Legend Surrounding SC / Garlanded Altar, RIC 466)</label>
      </monument>
    </monuments>
  </document>
  <document>
    <census-id>10179586</census-id>
    <name>fol. 146 r</name>
    <transcriptions>
      <transcription>
        <inscription>CAESAR AVGVSTVS PON MAX TR P</inscription>
        <inscription-type>coin legend</inscription-type>
      </transcription>
    </transcriptions>
    <monuments>
      <monument>
        <census-id>10042569</census-id>
        <label>As of Augustus / SC (RIC 434)</label>
      </monument>
    </monuments>
  </document>
  <document>
    <census-id>10179592</census-id>
    <name>fol. 147 r</name>
    <transcriptions>
      <transcription>
        <inscription>VLLVS III VIR AAA FF</inscription>
        <inscription-type>coin legend</inscription-type>
      </transcription>
      <transcription>
        <inscription>CASR</inscription>
        <inscription-type>coin legend</inscription-type>
      </transcription>
      <transcription>
        <inscription>SC</inscription>
        <inscription-type>coin legend</inscription-type>
      </transcription>
    </transcriptions>
    <monuments>
      <monument>
        <census-id>10042569</census-id>
        <label>As of Augustus / SC (RIC 434)</label>
      </monument>
    </monuments>
  </document>
  <document>
    <census-id>10177386</census-id>
    <name>fol. 154 r</name>
    <transcriptions>
      <transcription>
        <inscription>CAESAR III VIR RPC</inscription>
        <inscription-type>coin legend</inscription-type>
      </transcription>
    </transcriptions>
    <monuments>
      <monument>
        <census-id>10177377</census-id>
        <label>Denarius of Octavian (Mars / Aquila and Standards) (RRC 497.3) (owner: W. Imhoff)</label>
      </monument>
    </monuments>
  </document>
  <document>
    <census-id>10177390</census-id>
    <name>fol. 155 r</name>
    <transcriptions>
      <transcription>
        <inscription>SC</inscription>
        <inscription-type>coin legend</inscription-type>
      </transcription>
    </transcriptions>
    <monuments>
      <monument>
        <census-id>10177377</census-id>
        <label>Denarius of Octavian (Mars / Aquila and Standards) (RRC 497.3) (owner: W. Imhoff)</label>
      </monument>
    </monuments>
  </document>
  <document>
    <census-id>10174226</census-id>
    <name>fol. 158 r</name>
    <transcriptions>
      <transcription>
        <inscription>M SANQVINIVS IIIVIR</inscription>
        <inscription-type>coin legend</inscription-type>
      </transcription>
    </transcriptions>
    <monuments>
      <monument>
        <census-id>10174216</census-id>
        <label>Aureus of Augustus / Divus Julius and Comet (RIC 337)</label>
      </monument>
      <monument>
        <census-id>10176422</census-id>
        <label>Denarius of Augustus (Herald / Julius Caesar, RIC 340) (owner: F. Veniero)</label>
      </monument>
    </monuments>
  </document>
  <document>
    <census-id>10176432</census-id>
    <name>fol. 159 r</name>
    <transcriptions>
      <transcription>
        <inscription>AVGVST DIVI FIL</inscription>
        <inscription-type>coin legend</inscription-type>
      </transcription>
    </transcriptions>
    <monuments>
      <monument>
        <census-id>10176422</census-id>
        <label>Denarius of Augustus (Herald / Julius Caesar, RIC 340) (owner: F. Veniero)</label>
      </monument>
    </monuments>
  </document>
  <document>
    <census-id>10176527</census-id>
    <name>fol. 160 r</name>
    <transcriptions>
      <transcription>
        <inscription>AVGVSTVS</inscription>
        <inscription-type>coin legend</inscription-type>
      </transcription>
    </transcriptions>
    <monuments>
      <monument>
        <census-id>10176437</census-id>
        <label>Quinarius of Augustus / Victoria on Prora (RIC 474) (owner: G. Kandler)</label>
      </monument>
    </monuments>
  </document>
  <document>
    <census-id>10171290</census-id>
    <name>fol. 161 r</name>
    <monuments>
      <monument>
        <census-id>10176437</census-id>
        <label>Quinarius of Augustus / Victoria on Prora (RIC 474) (owner: G. Kandler)</label>
      </monument>
      <monument>
        <census-id>10176689</census-id>
        <label>Denarius of Augustus (Victory / Octavian in Quadriga, RIC 264) (owner: A. Agust&#237;n)</label>
      </monument>
    </monuments>
  </document>
  <document>
    <census-id>10176531</census-id>
    <name>fol. 162 r</name>
    <transcriptions>
      <transcription>
        <inscription>IMP CAESA DIVI F COS VI LIBERTATIS P R VINDEX</inscription>
        <inscription-type>coin legend</inscription-type>
      </transcription>
    </transcriptions>
    <monuments>
      <monument>
        <census-id>10018672</census-id>
        <label>Cistophorus of  Augustus / Pax (RIC 476)</label>
      </monument>
    </monuments>
  </document>
  <document>
    <census-id>10179600</census-id>
    <name>fol. 163 r</name>
    <transcriptions>
      <transcription>
        <inscription>PAX</inscription>
        <inscription-type>coin legend</inscription-type>
      </transcription>
    </transcriptions>
    <monuments>
      <monument>
        <census-id>10018672</census-id>
        <label>Cistophorus of  Augustus / Pax (RIC 476)</label>
      </monument>
    </monuments>
  </document>
  <document>
    <census-id>10174222</census-id>
    <name>fol. 164 r</name>
    <transcriptions>
      <transcription>
        <inscription>AVGVSTVS DIVI F</inscription>
        <inscription-type>coin legend</inscription-type>
      </transcription>
    </transcriptions>
    <monuments>
      <monument>
        <census-id>10174216</census-id>
        <label>Aureus of Augustus / Divus Julius and Comet (RIC 337)</label>
      </monument>
    </monuments>
  </document>
  <document>
    <census-id>10179614</census-id>
    <name>fol. 165 r</name>
    <transcriptions>
      <transcription>
        <inscription>IMP X</inscription>
        <inscription-type>coin legend</inscription-type>
      </transcription>
    </transcriptions>
    <monuments>
      <monument>
        <census-id>10179610</census-id>
        <label>Denarius of Augustus / Soldier Offering Olive Branch (RIC 162a)</label>
      </monument>
    </monuments>
  </document>
  <document>
    <census-id>10174571</census-id>
    <name>fol. 168 r</name>
    <transcriptions>
      <transcription>
        <inscription>CAESAR AVGVSTVS</inscription>
        <inscription-type>coin legend</inscription-type>
      </transcription>
    </transcriptions>
    <monuments>
      <monument>
        <census-id>10174397</census-id>
        <label>Denarius of Augustus / Armenia Capta (RIC 516) (owner: G. Grimani)</label>
      </monument>
    </monuments>
  </document>
  <document>
    <census-id>10179621</census-id>
    <name>fol. 170 r</name>
    <transcriptions>
      <transcription>
        <inscription>TRIBVNIC POT</inscription>
        <inscription-type>coin legend</inscription-type>
      </transcription>
      <transcription>
        <inscription>AVG</inscription>
        <inscription-type>coin legend</inscription-type>
      </transcription>
    </transcriptions>
    <monuments>
      <monument>
        <census-id>10055520</census-id>
        <label>As of Augustus / SC (RIC 382)</label>
      </monument>
      <monument>
        <census-id>10065098</census-id>
        <label>Sestertius of Augustus (Oak-wreath / SC, RIC 380)</label>
      </monument>
    </monuments>
  </document>
  <document>
    <census-id>10179627</census-id>
    <name>fol. 171 r</name>
    <transcriptions>
      <transcription>
        <inscription>C N PISO CN F III VIR AAA FF</inscription>
        <inscription-type>coin legend</inscription-type>
      </transcription>
      <transcription>
        <inscription>SC</inscription>
        <inscription-type>coin legend</inscription-type>
      </transcription>
    </transcriptions>
    <monuments>
      <monument>
        <census-id>10055520</census-id>
        <label>As of Augustus / SC (RIC 382)</label>
      </monument>
      <monument>
        <census-id>10065098</census-id>
        <label>Sestertius of Augustus (Oak-wreath / SC, RIC 380)</label>
      </monument>
    </monuments>
  </document>
  <document>
    <census-id>10179639</census-id>
    <name>fol. 172 r</name>
    <monuments>
      <monument>
        <census-id>10179634</census-id>
        <label>Denarius of Civil Wars (Head of Apollo / Capricorn, Rudder and Cornucopia, RIC 84)</label>
      </monument>
    </monuments>
  </document>
  <document>
    <census-id>10177090</census-id>
    <name>fol. 173 r</name>
    <transcriptions>
      <transcription>
        <inscription>AVGVSTVS</inscription>
        <inscription-type>coin legend</inscription-type>
      </transcription>
    </transcriptions>
    <monuments>
      <monument>
        <census-id>10177056</census-id>
        <label>Aureus of Augustus / Capricorn with Globe (RIC 127) (owner: A. Conteschi)</label>
      </monument>
      <monument>
        <census-id>10179634</census-id>
        <label>Denarius of Civil Wars (Head of Apollo / Capricorn, Rudder and Cornucopia, RIC 84)</label>
      </monument>
    </monuments>
  </document>
  <document>
    <census-id>10168669</census-id>
    <name>fol. 176 r</name>
    <transcriptions>
      <transcription>
        <inscription>CAESAR IMP</inscription>
        <inscription-type>coin legend</inscription-type>
      </transcription>
    </transcriptions>
    <monuments>
      <monument>
        <census-id>10174271</census-id>
        <label>Cistophorus of Augustus / Altar (RIC 479) (owner: A. Maffei)</label>
      </monument>
    </monuments>
  </document>
  <document>
    <census-id>10179642</census-id>
    <name>fol. 177 r</name>
    <transcriptions>
      <transcription>
        <inscription>M ANTONIVS IMP</inscription>
        <inscription-type>coin legend</inscription-type>
      </transcription>
    </transcriptions>
    <monuments>
      <monument>
        <census-id>10057868</census-id>
        <label>Denarius of M. Antonius / Caduceus, RRC 529.2a</label>
      </monument>
    </monuments>
  </document>
  <document>
    <census-id>10179646</census-id>
    <name>fol. 179 r</name>
    <transcriptions>
      <transcription>
        <inscription>L CANINIVS GALLVS III VIR</inscription>
        <inscription-type>coin legend</inscription-type>
      </transcription>
    </transcriptions>
    <monuments>
      <monument>
        <census-id>10042088</census-id>
        <label>Denarius of Augustus / Kneeling Barbarian (RIC 416)</label>
      </monument>
    </monuments>
  </document>
  <document>
    <census-id>10174567</census-id>
    <name>fol. 180 r</name>
    <transcriptions>
      <transcription>
        <inscription>CAESAR AVGVSTVS</inscription>
        <inscription-type>coin legend</inscription-type>
      </transcription>
    </transcriptions>
    <monuments>
      <monument>
        <census-id>10025241</census-id>
        <label>Denarius of Augustus / Shield (RIC 42)</label>
      </monument>
    </monuments>
  </document>
  <document>
    <census-id>10179683</census-id>
    <name>fol. 181 r</name>
    <transcriptions>
      <transcription>
        <inscription>SPQR CL V</inscription>
        <inscription-type>coin legend</inscription-type>
      </transcription>
    </transcriptions>
    <monuments>
      <monument>
        <census-id>10025241</census-id>
        <label>Denarius of Augustus / Shield (RIC 42)</label>
      </monument>
    </monuments>
  </document>
  <document>
    <census-id>10177347</census-id>
    <name>fol. 182 r</name>
    <transcriptions>
      <transcription>
        <inscription>CAESAR</inscription>
        <inscription-type>coin legend</inscription-type>
      </transcription>
    </transcriptions>
    <monuments>
      <monument>
        <census-id>10177338</census-id>
        <label>Aureus of Augustus / Candelabrum (RIC 539) (owner: Anonymous Collector in Bern)</label>
      </monument>
    </monuments>
  </document>
  <document>
    <census-id>10177351</census-id>
    <name>fol. 183 r</name>
    <transcriptions>
      <transcription>
        <inscription>AVGVST</inscription>
        <inscription-type>coin legend</inscription-type>
      </transcription>
    </transcriptions>
    <monuments>
      <monument>
        <census-id>10177338</census-id>
        <label>Aureus of Augustus / Candelabrum (RIC 539) (owner: Anonymous Collector in Bern)</label>
      </monument>
    </monuments>
  </document>
  <document>
    <census-id>10174870</census-id>
    <name>fol. 185 r</name>
    <transcriptions>
      <transcription>
        <inscription>TVRPILIANVS III VIR</inscription>
        <inscription-type>coin legend</inscription-type>
      </transcription>
    </transcriptions>
    <monuments>
      <monument>
        <census-id>10174864</census-id>
        <label>Denarius of Augustus / Star and Crescent (RIC 300) (owner: A. Agust&#237;n)</label>
      </monument>
    </monuments>
  </document>
  <document>
    <census-id>10174563</census-id>
    <name>fol. 186 r</name>
    <transcriptions>
      <transcription>
        <inscription>CAESAR AVGVSTVS</inscription>
        <inscription-type>coin legend</inscription-type>
      </transcription>
    </transcriptions>
    <monuments>
      <monument>
        <census-id>10174397</census-id>
        <label>Denarius of Augustus / Armenia Capta (RIC 516) (owner: G. Grimani)</label>
      </monument>
    </monuments>
  </document>
  <document>
    <census-id>10179650</census-id>
    <name>fol. 189 r</name>
    <transcriptions>
      <transcription>
        <inscription>COS ITER DES</inscription>
        <inscription-type>coin legend</inscription-type>
      </transcription>
    </transcriptions>
    <monuments>
      <monument>
        <census-id>10052663</census-id>
        <label>Denarius of Octavian / Religious Items (RRC 538.1)</label>
      </monument>
    </monuments>
  </document>
  <document>
    <census-id>10176922</census-id>
    <name>fol. 190 r</name>
    <transcriptions>
      <transcription>
        <inscription>PR GENIVS</inscription>
        <inscription-type>coin legend</inscription-type>
      </transcription>
    </transcriptions>
    <monuments>
      <monument>
        <census-id>10176915</census-id>
        <label>Denarius of the Civil Wars (Genius / Mars Ultor, RIC 44) (owner: A. Conteschi)</label>
      </monument>
    </monuments>
  </document>
  <document>
    <census-id>10176930</census-id>
    <name>fol. 191 r</name>
    <transcriptions>
      <transcription>
        <inscription>MARS VLTOR</inscription>
        <inscription-type>coin legend</inscription-type>
      </transcription>
    </transcriptions>
    <monuments>
      <monument>
        <census-id>10176915</census-id>
        <label>Denarius of the Civil Wars (Genius / Mars Ultor, RIC 44) (owner: A. Conteschi)</label>
      </monument>
    </monuments>
  </document>
  <document>
    <census-id>10174268</census-id>
    <name>fol. 193 r</name>
    <transcriptions>
      <transcription>
        <inscription>AVGVSTVS</inscription>
        <inscription-type>coin legend</inscription-type>
      </transcription>
    </transcriptions>
    <monuments>
      <monument>
        <census-id>10174271</census-id>
        <label>Cistophorus of Augustus / Altar (RIC 479) (owner: A. Maffei)</label>
      </monument>
    </monuments>
  </document>
  <document>
    <census-id>10174559</census-id>
    <name>fol. 194 r</name>
    <transcriptions>
      <transcription>
        <inscription>CAESAR AVGVSTVS</inscription>
        <inscription-type>coin legend</inscription-type>
      </transcription>
    </transcriptions>
    <monuments>
      <monument>
        <census-id>10174397</census-id>
        <label>Denarius of Augustus / Armenia Capta (RIC 516) (owner: G. Grimani)</label>
      </monument>
    </monuments>
  </document>
  <document>
    <census-id>10174956</census-id>
    <name>fol. 196 r</name>
    <transcriptions>
      <transcription>
        <inscription>CAESARI AVGVSTO</inscription>
        <inscription-type>coin legend</inscription-type>
      </transcription>
    </transcriptions>
    <monuments>
      <monument>
        <census-id>10174735</census-id>
        <label>Denarius of Augustus / Temple with Currus (RIC 115) (owner: J. Strada)</label>
      </monument>
      <monument>
        <census-id>10174948</census-id>
        <label>Denarius of Augustus / Quadriga (RIC 108) (owner: A. Agust&#237;n)</label>
      </monument>
    </monuments>
  </document>
  <document>
    <census-id>10174960</census-id>
    <name>fol. 197 r</name>
    <transcriptions>
      <transcription>
        <inscription>SPQR</inscription>
        <inscription-type>coin legend</inscription-type>
      </transcription>
    </transcriptions>
    <monuments>
      <monument>
        <census-id>10174948</census-id>
        <label>Denarius of Augustus / Quadriga (RIC 108) (owner: A. Agust&#237;n)</label>
      </monument>
    </monuments>
  </document>
  <document>
    <census-id>10174748</census-id>
    <name>fol. 199 r</name>
    <transcriptions>
      <transcription>
        <inscription>IMP X SICII</inscription>
        <inscription-type>coin legend</inscription-type>
      </transcription>
    </transcriptions>
    <monuments>
      <monument>
        <census-id>10174845</census-id>
        <label>Denarius of Augustus / Diana (RIC 173B) (owner: A. Agust&#237;n)</label>
      </monument>
    </monuments>
  </document>
  <document>
    <census-id>10177334</census-id>
    <name>fol. 201 r</name>
    <transcriptions>
      <transcription>
        <inscription>IMP CAES AVG LVD SAEC</inscription>
        <inscription-type>coin legend</inscription-type>
      </transcription>
      <transcription>
        <inscription>XV S F L MESCINIVS RVFVS IIIVIR</inscription>
        <inscription-type>coin legend</inscription-type>
      </transcription>
    </transcriptions>
    <monuments>
      <monument>
        <census-id>10177326</census-id>
        <label>Denarius of Augustus / Cippus (RIC 354) (owner: Anonymous Venetian Collector)</label>
      </monument>
    </monuments>
  </document>
  <document>
    <census-id>10176383</census-id>
    <name>fol. 202 r</name>
    <transcriptions>
      <transcription>
        <inscription>AVGVSTVS DIVI F</inscription>
        <inscription-type>coin legend</inscription-type>
      </transcription>
    </transcriptions>
    <monuments>
      <monument>
        <census-id>10176374</census-id>
        <label>Denarius of Augustus / Diana (RIC 197a) (owner: G. Duchoul)</label>
      </monument>
    </monuments>
  </document>
  <document>
    <census-id>10176387</census-id>
    <name>fol. 203 r</name>
    <transcriptions>
      <transcription>
        <inscription>IMP XI</inscription>
        <inscription-type>coin legend</inscription-type>
      </transcription>
    </transcriptions>
    <monuments>
      <monument>
        <census-id>10176374</census-id>
        <label>Denarius of Augustus / Diana (RIC 197a) (owner: G. Duchoul)</label>
      </monument>
      <monument>
        <census-id>10176717</census-id>
        <label>Aureus of Augustus / Diana (RIC 172) (owner: A. Agust&#237;n)</label>
      </monument>
    </monuments>
  </document>
  <document>
    <census-id>10174588</census-id>
    <name>fol. 204 r</name>
    <transcriptions>
      <transcription>
        <inscription>CAESAR AVGVSTVS</inscription>
        <inscription-type>coin legend</inscription-type>
      </transcription>
    </transcriptions>
    <monuments>
      <monument>
        <census-id>10174397</census-id>
        <label>Denarius of Augustus / Armenia Capta (RIC 516) (owner: G. Grimani)</label>
      </monument>
    </monuments>
  </document>
  <document>
    <census-id>10204003</census-id>
    <name>fol. 209 r</name>
    <monuments>
      <monument>
        <census-id>10203988</census-id>
        <label>Bronze Tessera (Griffin / Sacrificial tripod)</label>
      </monument>
    </monuments>
  </document>
  <document>
    <census-id>10179654</census-id>
    <name>fol. 210 r</name>
    <transcriptions>
      <transcription>
        <inscription>CAESAR PONT MAX</inscription>
        <inscription-type>coin legend</inscription-type>
      </transcription>
    </transcriptions>
    <monuments>
      <monument>
        <census-id>10025720</census-id>
        <label>As of Augustus / Altar (RIC 230)</label>
      </monument>
      <monument>
        <census-id>10025800</census-id>
        <label>Sestertius of Augustus / Altar (RIC 229)</label>
      </monument>
    </monuments>
  </document>
  <document>
    <census-id>10179658</census-id>
    <name>fol. 211 r</name>
    <transcriptions>
      <transcription>
        <inscription>ROM ET AVG</inscription>
        <inscription-type>coin legend</inscription-type>
      </transcription>
    </transcriptions>
    <monuments>
      <monument>
        <census-id>10025720</census-id>
        <label>As of Augustus / Altar (RIC 230)</label>
      </monument>
      <monument>
        <census-id>10025800</census-id>
        <label>Sestertius of Augustus / Altar (RIC 229)</label>
      </monument>
    </monuments>
  </document>
</documents>
