<?xml version="1.0" encoding="utf-8"?>
<documents>
  <document>
    <census-id>10185956</census-id>
    <name>fol. 004 r</name>
    <transcriptions>
      <transcription>
        <inscription>SER GALBA IMP CAES AVG</inscription>
        <inscription-type>coin legend</inscription-type>
      </transcription>
    </transcriptions>
    <monuments>
      <monument>
        <census-id>10185939</census-id>
        <label>Dupondius of Galba (Laureate Head of Galba / Pax holding Branch and Cornucopia, RIC 278) (owner: J. Strada)</label>
      </monument>
    </monuments>
  </document>
  <document>
    <census-id>10185959</census-id>
    <name>fol. 005 r</name>
    <transcriptions>
      <transcription>
        <inscription>S C ADLOCUTIO</inscription>
        <inscription-type>coin legend</inscription-type>
      </transcription>
    </transcriptions>
    <monuments>
      <monument>
        <census-id>10185946</census-id>
        <label>Sestertius of Galba (Laureate Head of Galba / Galba with Soldiers, RIC 464) (owner: J. Strada)</label>
      </monument>
      <monument>
        <census-id>10186315</census-id>
        <label>Sestertius of Galba (Bare  Head of Galba / Galba with Soldiers, RIC 462) (owner: A. Agust&#237;n)</label>
      </monument>
    </monuments>
  </document>
  <document>
    <census-id>10192775</census-id>
    <name>fol. 006 r</name>
    <transcriptions>
      <transcription>
        <inscription>SER SVLPI GALBA IMP CAESAR AVG P M T R P</inscription>
        <inscription-type>coin legend</inscription-type>
      </transcription>
    </transcriptions>
    <monuments>
      <monument>
        <census-id>10059503</census-id>
        <label>As of Galba / Aquila between two Standards (RIC 507)</label>
      </monument>
    </monuments>
  </document>
  <document>
    <census-id>10192778</census-id>
    <name>fol. 007 r</name>
    <monuments>
      <monument>
        <census-id>10059503</census-id>
        <label>As of Galba / Aquila between two Standards (RIC 507)</label>
      </monument>
    </monuments>
  </document>
  <document>
    <census-id>10192835</census-id>
    <name>fol. 010 r</name>
    <transcriptions>
      <transcription>
        <inscription>IMP SER GALBA AVG TR P</inscription>
        <inscription-type>coin legend</inscription-type>
      </transcription>
    </transcriptions>
    <monuments>
      <monument>
        <census-id>10064046</census-id>
        <label>Dupondius of Galba (Head of Galba / Pax, RIC 280)</label>
      </monument>
      <monument>
        <census-id>10186472</census-id>
        <label>Sestertius of Galba (Laureate Bust of Galba / Roma, RIC 241) (owner: A. Maffei)</label>
      </monument>
    </monuments>
  </document>
  <document>
    <census-id>10192844</census-id>
    <name>fol. 011 r</name>
    <transcriptions>
      <transcription>
        <inscription>ANNONA AVGVSTI CERES S C </inscription>
        <inscription-type>coin legend</inscription-type>
      </transcription>
    </transcriptions>
    <monuments>
      <monument>
        <census-id>10192853</census-id>
        <label>Sestertius of Nero (Head of Nero / Ceres and Annona, RIC 99)</label>
      </monument>
    </monuments>
  </document>
  <document>
    <census-id>10192860</census-id>
    <name>fol. 012 r</name>
    <transcriptions>
      <transcription>
        <inscription>SER SVLP GALBA IMP CAESAR AVG TR P</inscription>
        <inscription-type>coin legend</inscription-type>
      </transcription>
    </transcriptions>
    <monuments>
      <monument>
        <census-id>10064428</census-id>
        <label>As of Galba (Head of Galba / Aequitas, RIC 492)</label>
      </monument>
      <monument>
        <census-id>10064430</census-id>
        <label>As of Galba / Salus (RIC 501)</label>
      </monument>
      <monument>
        <census-id>10185875</census-id>
        <label>Sestertius of Galba (Laureate Head of Galba / Galba and Female Allegorical Figure, RIC 469) (owner: A. Conteschi)</label>
      </monument>
      <monument>
        <census-id>10186207</census-id>
        <label>As of Galba (Laureate Head of Galba / Salus, RIC 500) (owner: A. Agust&#237;n)</label>
      </monument>
      <monument>
        <census-id>10186315</census-id>
        <label>Sestertius of Galba (Bare  Head of Galba / Galba with Soldiers, RIC 462) (owner: A. Agust&#237;n)</label>
      </monument>
      <monument>
        <census-id>10186399</census-id>
        <label>As of Galba (Laureate Head of Galba / Pax burning Arms with Torch, RIC 496) (owner: A. Conteschi)  </label>
      </monument>
    </monuments>
  </document>
  <document>
    <census-id>10185892</census-id>
    <name>fol. 014 r</name>
    <transcriptions>
      <transcription>
        <inscription>SER SVLPI GALBA IMP CAESAR AVG TR P</inscription>
        <inscription-type>coin legend</inscription-type>
      </transcription>
    </transcriptions>
    <monuments>
      <monument>
        <census-id>10185875</census-id>
        <label>Sestertius of Galba (Laureate Head of Galba / Galba and Female Allegorical Figure, RIC 469) (owner: A. Conteschi)</label>
      </monument>
    </monuments>
  </document>
  <document>
    <census-id>10185895</census-id>
    <name>fol. 015 r</name>
    <transcriptions>
      <transcription>
        <inscription>HISPANIA CLVNIA SVL S C</inscription>
        <inscription-type>coin legend</inscription-type>
      </transcription>
    </transcriptions>
    <monuments>
      <monument>
        <census-id>10185875</census-id>
        <label>Sestertius of Galba (Laureate Head of Galba / Galba and Female Allegorical Figure, RIC 469) (owner: A. Conteschi)</label>
      </monument>
    </monuments>
  </document>
  <document>
    <census-id>10186372</census-id>
    <name>fol. 016 r</name>
    <transcriptions>
      <transcription>
        <inscription>IMP SER GALBA AVGVSTVS</inscription>
        <inscription-type>coin legend</inscription-type>
      </transcription>
    </transcriptions>
    <monuments>
      <monument>
        <census-id>10186363</census-id>
        <label>Sestertius of Galba / Legend in Oak-Wreath (RIC 265) (owner: A. Agust&#237;n)</label>
      </monument>
    </monuments>
  </document>
  <document>
    <census-id>10186375</census-id>
    <name>fol. 017 r</name>
    <transcriptions>
      <transcription>
        <inscription>SPQR OB CIV SER</inscription>
        <inscription-type>coin legend</inscription-type>
      </transcription>
    </transcriptions>
    <monuments>
      <monument>
        <census-id>10186363</census-id>
        <label>Sestertius of Galba / Legend in Oak-Wreath (RIC 265) (owner: A. Agust&#237;n)</label>
      </monument>
    </monuments>
  </document>
  <document>
    <census-id>10186337</census-id>
    <name>fol. 018 r</name>
    <transcriptions>
      <transcription>
        <inscription>SER SVLPI GALBA IMP CAESAR AVG PM TR P</inscription>
        <inscription-type>coin legend</inscription-type>
      </transcription>
    </transcriptions>
    <monuments>
      <monument>
        <census-id>10186327</census-id>
        <label>As of Galba / Aequitas (RIC 494) (owner: A. Agust&#237;n)</label>
      </monument>
    </monuments>
  </document>
  <document>
    <census-id>10186340</census-id>
    <name>fol. 019 r</name>
    <transcriptions>
      <transcription>
        <inscription>AEQUITAS AVGVSTI S C</inscription>
        <inscription-type>coin legend</inscription-type>
      </transcription>
    </transcriptions>
    <monuments>
      <monument>
        <census-id>10186327</census-id>
        <label>As of Galba / Aequitas (RIC 494) (owner: A. Agust&#237;n)</label>
      </monument>
    </monuments>
  </document>
  <document>
    <census-id>10192863</census-id>
    <name>fol. 020 r</name>
    <transcriptions>
      <transcription>
        <inscription>SER SVLPI GALBA IMP CAESAR AVG TR P</inscription>
        <inscription-type>coin legend</inscription-type>
      </transcription>
    </transcriptions>
    <monuments>
      <monument>
        <census-id>10064428</census-id>
        <label>As of Galba (Head of Galba / Aequitas, RIC 492)</label>
      </monument>
      <monument>
        <census-id>10064430</census-id>
        <label>As of Galba / Salus (RIC 501)</label>
      </monument>
      <monument>
        <census-id>10185875</census-id>
        <label>Sestertius of Galba (Laureate Head of Galba / Galba and Female Allegorical Figure, RIC 469) (owner: A. Conteschi)</label>
      </monument>
      <monument>
        <census-id>10186207</census-id>
        <label>As of Galba (Laureate Head of Galba / Salus, RIC 500) (owner: A. Agust&#237;n)</label>
      </monument>
      <monument>
        <census-id>10186315</census-id>
        <label>Sestertius of Galba (Bare  Head of Galba / Galba with Soldiers, RIC 462) (owner: A. Agust&#237;n)</label>
      </monument>
      <monument>
        <census-id>10186399</census-id>
        <label>As of Galba (Laureate Head of Galba / Pax burning Arms with Torch, RIC 496) (owner: A. Conteschi)  </label>
      </monument>
    </monuments>
  </document>
  <document>
    <census-id>10192876</census-id>
    <name>fol. 022 r</name>
    <transcriptions>
      <transcription>
        <inscription>SER GALBA IMP CAES AVG TR P</inscription>
        <inscription-type>coin legend</inscription-type>
      </transcription>
    </transcriptions>
    <monuments>
      <monument>
        <census-id>10064046</census-id>
        <label>Dupondius of Galba (Head of Galba / Pax, RIC 280)</label>
      </monument>
    </monuments>
  </document>
  <document>
    <census-id>10192879</census-id>
    <name>fol. 024 r</name>
    <transcriptions>
      <transcription>
        <inscription>SER GALBA IMP CAES AVG TR P</inscription>
        <inscription-type>coin legend</inscription-type>
      </transcription>
    </transcriptions>
    <monuments>
      <monument>
        <census-id>10064046</census-id>
        <label>Dupondius of Galba (Head of Galba / Pax, RIC 280)</label>
      </monument>
    </monuments>
  </document>
  <document>
    <census-id>10186192</census-id>
    <name>fol. 025 r</name>
    <transcriptions>
      <transcription>
        <inscription>S C ROMA</inscription>
        <inscription-type>coin legend</inscription-type>
      </transcription>
    </transcriptions>
    <monuments>
      <monument>
        <census-id>10186178</census-id>
        <label>Sestertius of Galba (Laureate Head of Galba / Roma, RIC 392) (owner: A. Agust&#237;n)</label>
      </monument>
    </monuments>
  </document>
  <document>
    <census-id>10186217</census-id>
    <name>fol. 026 r</name>
    <transcriptions>
      <transcription>
        <inscription>SER GALBA IMP CAES AVG TR P</inscription>
        <inscription-type>coin legend</inscription-type>
      </transcription>
    </transcriptions>
    <monuments>
      <monument>
        <census-id>10186207</census-id>
        <label>As of Galba (Laureate Head of Galba / Salus, RIC 500) (owner: A. Agust&#237;n)</label>
      </monument>
    </monuments>
  </document>
  <document>
    <census-id>10186220</census-id>
    <name>fol. 027 r</name>
    <transcriptions>
      <transcription>
        <inscription>SALVS AVGVSTI S C</inscription>
        <inscription-type>coin legend</inscription-type>
      </transcription>
    </transcriptions>
    <monuments>
      <monument>
        <census-id>10186207</census-id>
        <label>As of Galba (Laureate Head of Galba / Salus, RIC 500) (owner: A. Agust&#237;n)</label>
      </monument>
    </monuments>
  </document>
  <document>
    <census-id>10186752</census-id>
    <name>fol. 031 r</name>
    <transcriptions>
      <transcription>
        <inscription>L B</inscription>
        <inscription-type>coin legend</inscription-type>
      </transcription>
    </transcriptions>
    <monuments>
      <monument>
        <census-id>10186735</census-id>
        <label>Bronze Coin of Alexandria (Laureate Head of Galba / Isis, RPC 5349) (owner: F. Veniero)</label>
      </monument>
    </monuments>
  </document>
  <document>
    <census-id>10186698</census-id>
    <name>fol. 032 r</name>
    <transcriptions>
      <transcription>
        <inscription>IMP GALBA</inscription>
        <inscription-type>coin legend</inscription-type>
      </transcription>
    </transcriptions>
    <monuments>
      <monument>
        <census-id>10186686</census-id>
        <label>Denarius of Galba (Galba Riding / Hispania, RIC 2) (owner: P. Ramez)</label>
      </monument>
    </monuments>
  </document>
  <document>
    <census-id>10186701</census-id>
    <name>fol. 033 r</name>
    <transcriptions>
      <transcription>
        <inscription>HISPANIA</inscription>
        <inscription-type>coin legend</inscription-type>
      </transcription>
    </transcriptions>
    <monuments>
      <monument>
        <census-id>10186686</census-id>
        <label>Denarius of Galba (Galba Riding / Hispania, RIC 2) (owner: P. Ramez)</label>
      </monument>
    </monuments>
  </document>
  <document>
    <census-id>10192889</census-id>
    <name>fol. 034 r</name>
    <transcriptions>
      <transcription>
        <inscription>SER GALBA CAESAR AVG</inscription>
        <inscription-type>coin legend</inscription-type>
      </transcription>
    </transcriptions>
    <monuments>
      <monument>
        <census-id>10192888</census-id>
        <label>Denarius of Galba (Head of Galba / Hispania, RIC 144)</label>
      </monument>
    </monuments>
  </document>
  <document>
    <census-id>10192884</census-id>
    <name>fol. 035 r</name>
    <transcriptions>
      <transcription>
        <inscription>CONCORDIA AVG</inscription>
        <inscription-type>coin legend</inscription-type>
      </transcription>
    </transcriptions>
    <monuments>
      <monument>
        <census-id>10059846</census-id>
        <label>Sestertius of Galba (Head of Galba / Concordia, RIC 341)</label>
      </monument>
    </monuments>
  </document>
  <document>
    <census-id>10192868</census-id>
    <name>fol. 036 r</name>
    <transcriptions>
      <transcription>
        <inscription>SER SVLP GALBA CAESAR AVG TR P</inscription>
        <inscription-type>coin legend</inscription-type>
      </transcription>
    </transcriptions>
    <monuments>
      <monument>
        <census-id>10064428</census-id>
        <label>As of Galba (Head of Galba / Aequitas, RIC 492)</label>
      </monument>
    </monuments>
  </document>
  <document>
    <census-id>10192871</census-id>
    <name>fol. 037 r</name>
    <transcriptions>
      <transcription>
        <inscription>S C</inscription>
        <inscription-type>coin legend</inscription-type>
      </transcription>
    </transcriptions>
    <monuments>
      <monument>
        <census-id>10064428</census-id>
        <label>As of Galba (Head of Galba / Aequitas, RIC 492)</label>
      </monument>
    </monuments>
  </document>
  <document>
    <census-id>10186547</census-id>
    <name>fol. 038 r</name>
    <transcriptions>
      <transcription>
        <inscription>IMP SER GALBA AVG</inscription>
        <inscription-type>coin legend</inscription-type>
      </transcription>
    </transcriptions>
    <monuments>
      <monument>
        <census-id>10186537</census-id>
        <label>Denarius of Galba (Laureate Head of Galba / Livia, RIC 150) (owner: A. Agust&#237;n)</label>
      </monument>
    </monuments>
  </document>
  <document>
    <census-id>10186550</census-id>
    <name>fol. 039 r</name>
    <transcriptions>
      <transcription>
        <inscription>DIVA AVGVSTA</inscription>
        <inscription-type>coin legend</inscription-type>
      </transcription>
    </transcriptions>
    <monuments>
      <monument>
        <census-id>10186537</census-id>
        <label>Denarius of Galba (Laureate Head of Galba / Livia, RIC 150) (owner: A. Agust&#237;n)</label>
      </monument>
    </monuments>
  </document>
  <document>
    <census-id>10186625</census-id>
    <name>fol. 040 r</name>
    <transcriptions>
      <transcription>
        <inscription>IMP SER GALBA CAESAR AVG</inscription>
        <inscription-type>coin legend</inscription-type>
      </transcription>
    </transcriptions>
    <monuments>
      <monument>
        <census-id>10059930</census-id>
        <label>Denarius of Galba (Laureate Head of Galba / Concordia, RIC 197)</label>
      </monument>
    </monuments>
  </document>
  <document>
    <census-id>10186628</census-id>
    <name>fol. 041 r</name>
    <transcriptions>
      <transcription>
        <inscription>ROMA RENASCENS</inscription>
        <inscription-type>coin legend</inscription-type>
      </transcription>
    </transcriptions>
    <monuments>
      <monument>
        <census-id>10059930</census-id>
        <label>Denarius of Galba (Laureate Head of Galba / Concordia, RIC 197)</label>
      </monument>
    </monuments>
  </document>
  <document>
    <census-id>10186523</census-id>
    <name>fol. 042 r</name>
    <transcriptions>
      <transcription>
        <inscription>TRES GALLIAE</inscription>
        <inscription-type>coin legend</inscription-type>
      </transcription>
    </transcriptions>
    <monuments>
      <monument>
        <census-id>10186512</census-id>
        <label>Denarius of Galba (Galba Riding / Three Female Busts, RIC 92) (owner: P. Ramez)</label>
      </monument>
    </monuments>
  </document>
  <document>
    <census-id>10186526</census-id>
    <name>fol. 043 r</name>
    <transcriptions>
      <transcription>
        <inscription>SER GALBA IMP</inscription>
        <inscription-type>coin legend</inscription-type>
      </transcription>
    </transcriptions>
    <monuments>
      <monument>
        <census-id>10186512</census-id>
        <label>Denarius of Galba (Galba Riding / Three Female Busts, RIC 92) (owner: P. Ramez)</label>
      </monument>
    </monuments>
  </document>
  <document>
    <census-id>10192901</census-id>
    <name>fol. 044 r</name>
    <transcriptions>
      <transcription>
        <inscription>SER GALBA IMP CAES AVG TR P</inscription>
        <inscription-type>coin legend</inscription-type>
      </transcription>
    </transcriptions>
    <monuments>
      <monument>
        <census-id>10059526</census-id>
        <label>Sestertius of Galba / Victory (RIC 456)</label>
      </monument>
    </monuments>
  </document>
  <document>
    <census-id>10192904</census-id>
    <name>fol. 045 r</name>
    <transcriptions>
      <transcription>
        <inscription>S C</inscription>
        <inscription-type>coin legend</inscription-type>
      </transcription>
    </transcriptions>
    <monuments>
      <monument>
        <census-id>10059526</census-id>
        <label>Sestertius of Galba / Victory (RIC 456)</label>
      </monument>
    </monuments>
  </document>
  <document>
    <census-id>10192909</census-id>
    <name>fol. 046 r</name>
    <transcriptions>
      <transcription>
        <inscription>SER GALBA CAES AVG TR P</inscription>
        <inscription-type>coin legend</inscription-type>
      </transcription>
    </transcriptions>
    <monuments>
      <monument>
        <census-id>10064046</census-id>
        <label>Dupondius of Galba (Head of Galba / Pax, RIC 280)</label>
      </monument>
    </monuments>
  </document>
  <document>
    <census-id>10186663</census-id>
    <name>fol. 047 r</name>
    <transcriptions>
      <transcription>
        <inscription>ROMA RENASC</inscription>
        <inscription-type>coin legend</inscription-type>
      </transcription>
    </transcriptions>
    <monuments>
      <monument>
        <census-id>10186650</census-id>
        <label>Denarius of Galba / Roma Renascens (RIC 195) (owner: A. Agust&#237;n)</label>
      </monument>
    </monuments>
  </document>
  <document>
    <census-id>10186581</census-id>
    <name>fol. 048 r</name>
    <transcriptions>
      <transcription>
        <inscription>IMP GALBA</inscription>
        <inscription-type>coin legend</inscription-type>
      </transcription>
    </transcriptions>
    <monuments>
      <monument>
        <census-id>10186571</census-id>
        <label>Denarius of Galba (Laureate Head of Galba / Hispania, RIC 155) (owner: A. Agust&#237;n)</label>
      </monument>
    </monuments>
  </document>
  <document>
    <census-id>10186584</census-id>
    <name>fol. 049 r</name>
    <transcriptions>
      <transcription>
        <inscription>HISPANIA</inscription>
        <inscription-type>coin legend</inscription-type>
      </transcription>
    </transcriptions>
    <monuments>
      <monument>
        <census-id>10186571</census-id>
        <label>Denarius of Galba (Laureate Head of Galba / Hispania, RIC 155) (owner: A. Agust&#237;n)</label>
      </monument>
    </monuments>
  </document>
  <document>
    <census-id>10186660</census-id>
    <name>fol. 050 r</name>
    <transcriptions>
      <transcription>
        <inscription>IMP SER GALBA CAESAR AVG</inscription>
        <inscription-type>coin legend</inscription-type>
      </transcription>
    </transcriptions>
    <monuments>
      <monument>
        <census-id>10186650</census-id>
        <label>Denarius of Galba / Roma Renascens (RIC 195) (owner: A. Agust&#237;n)</label>
      </monument>
    </monuments>
  </document>
  <document>
    <census-id>10201335</census-id>
    <name>fol. 051 r</name>
    <transcriptions>
      <transcription>
        <inscription>GALLIA HISPANIA</inscription>
        <inscription-type>coin legend</inscription-type>
      </transcription>
    </transcriptions>
    <monuments>
      <monument>
        <census-id>10064030</census-id>
        <label>Denarius of Galba / Gallia and Hispania (RIC 154)</label>
      </monument>
    </monuments>
  </document>
  <document>
    <census-id>10192929</census-id>
    <name>fol. 052 r</name>
    <transcriptions>
      <transcription>
        <inscription>IMP SER GALBA CAESAR AVG</inscription>
        <inscription-type>coin legend</inscription-type>
      </transcription>
    </transcriptions>
    <monuments>
      <monument>
        <census-id>10186590</census-id>
        <label>Denarius of Galba (Laureate Head of Galba / Gallia, RIC 228) (owner: A. Agust&#237;n)</label>
      </monument>
      <monument>
        <census-id>10193938</census-id>
        <label>Aureus of Galba (Head of Galba / Gallia Riding, RIC 227)</label>
      </monument>
    </monuments>
  </document>
  <document>
    <census-id>10193697</census-id>
    <name>fol. 053 r</name>
    <transcriptions>
      <transcription>
        <inscription>COS V</inscription>
        <inscription-type>coin legend</inscription-type>
      </transcription>
    </transcriptions>
    <monuments>
      <monument>
        <census-id>10186590</census-id>
        <label>Denarius of Galba (Laureate Head of Galba / Gallia, RIC 228) (owner: A. Agust&#237;n)</label>
      </monument>
      <monument>
        <census-id>10193938</census-id>
        <label>Aureus of Galba (Head of Galba / Gallia Riding, RIC 227)</label>
      </monument>
    </monuments>
  </document>
  <document>
    <census-id>10192924</census-id>
    <name>fol. 054 r</name>
    <transcriptions>
      <transcription>
        <inscription>IMP SER GALBA AVG</inscription>
        <inscription-type>coin legend</inscription-type>
      </transcription>
    </transcriptions>
    <monuments>
      <monument>
        <census-id>10186537</census-id>
        <label>Denarius of Galba (Laureate Head of Galba / Livia, RIC 150) (owner: A. Agust&#237;n)</label>
      </monument>
      <monument>
        <census-id>10186673</census-id>
        <label>Denarius of Galba (Laureate Head of Galba / Libertas, RIC 159)</label>
      </monument>
    </monuments>
  </document>
  <document>
    <census-id>10201347</census-id>
    <name>fol. 055 r</name>
    <transcriptions>
      <transcription>
        <inscription>VIRTVS</inscription>
        <inscription-type>coin legend</inscription-type>
      </transcription>
    </transcriptions>
    <monuments>
      <monument>
        <census-id>10201339</census-id>
        <label>Aureus of Galba / Virtus (RIC 220) (owner: J. J. Fugger)</label>
      </monument>
    </monuments>
  </document>
  <document>
    <census-id>10192912</census-id>
    <name>fol. 056 r</name>
    <transcriptions>
      <transcription>
        <inscription>SER GALBA IMP CAES AVG TR P</inscription>
        <inscription-type>coin legend</inscription-type>
      </transcription>
    </transcriptions>
    <monuments>
      <monument>
        <census-id>10064046</census-id>
        <label>Dupondius of Galba (Head of Galba / Pax, RIC 280)</label>
      </monument>
    </monuments>
  </document>
  <document>
    <census-id>10186389</census-id>
    <name>fol. 058 r</name>
    <transcriptions>
      <transcription>
        <inscription>IMP SER GALBA CAES AVG TR P</inscription>
        <inscription-type>coin legend</inscription-type>
      </transcription>
    </transcriptions>
    <monuments>
      <monument>
        <census-id>10186380</census-id>
        <label>Sestertius of Galba (Laureate Head of Galba / Livia with Corn-Ears and Scepter, RIC 335) (owner: A. Agust&#237;n)</label>
      </monument>
    </monuments>
  </document>
  <document>
    <census-id>10186392</census-id>
    <name>fol. 059 r</name>
    <transcriptions>
      <transcription>
        <inscription>AVGVSTA S C</inscription>
        <inscription-type>coin legend</inscription-type>
      </transcription>
    </transcriptions>
    <monuments>
      <monument>
        <census-id>10186380</census-id>
        <label>Sestertius of Galba (Laureate Head of Galba / Livia with Corn-Ears and Scepter, RIC 335) (owner: A. Agust&#237;n)</label>
      </monument>
    </monuments>
  </document>
  <document>
    <census-id>10192932</census-id>
    <name>fol. 060 r</name>
    <transcriptions>
      <transcription>
        <inscription>IMP SER GALBA CAESAR AVG</inscription>
        <inscription-type>coin legend</inscription-type>
      </transcription>
    </transcriptions>
    <monuments>
      <monument>
        <census-id>10005422</census-id>
        <label>Denarius of Galba / Roma Renascens (RIC 199) (owner: A. Farnese)</label>
      </monument>
      <monument>
        <census-id>10059855</census-id>
        <label>Denarius of Galba / Roma Renascens (RIC 195)</label>
      </monument>
      <monument>
        <census-id>10059934</census-id>
        <label>Denarius of Galba / Hispania (RIC 193)</label>
      </monument>
      <monument>
        <census-id>10063266</census-id>
        <label>Denarius of Galba / Female figure (RIC 211)</label>
      </monument>
      <monument>
        <census-id>10064037</census-id>
        <label>Aureus of Galba / Virtus (RIC 220)</label>
      </monument>
    </monuments>
  </document>
  <document>
    <census-id>10193701</census-id>
    <name>fol. 061 r</name>
    <transcriptions>
      <transcription>
        <inscription>CONCORDIA AVG S C</inscription>
        <inscription-type>coin legend</inscription-type>
      </transcription>
    </transcriptions>
    <monuments>
      <monument>
        <census-id>10069402</census-id>
        <label>Dupondius of Vitellius (Laureate Bust of Vitellius / Concordia, RIC 161)</label>
      </monument>
    </monuments>
  </document>
  <document>
    <census-id>10186481</census-id>
    <name>fol. 062 r</name>
    <transcriptions>
      <transcription>
        <inscription>SER GALBA IMP CAES AVG TR P</inscription>
        <inscription-type>coin legend</inscription-type>
      </transcription>
    </transcriptions>
    <monuments>
      <monument>
        <census-id>10186472</census-id>
        <label>Sestertius of Galba (Laureate Bust of Galba / Roma, RIC 241) (owner: A. Maffei)</label>
      </monument>
    </monuments>
  </document>
  <document>
    <census-id>10186484</census-id>
    <name>fol. 063 r</name>
    <transcriptions>
      <transcription>
        <inscription>ROMA</inscription>
        <inscription-type>coin legend</inscription-type>
      </transcription>
    </transcriptions>
    <monuments>
      <monument>
        <census-id>10186466</census-id>
        <label>Sestertius of Galba (Head of Galba / Roma, RIC 245) (owner: A. Maffei)</label>
      </monument>
      <monument>
        <census-id>10186472</census-id>
        <label>Sestertius of Galba (Laureate Bust of Galba / Roma, RIC 241) (owner: A. Maffei)</label>
      </monument>
    </monuments>
  </document>
  <document>
    <census-id>10193000</census-id>
    <name>fol. 064 r</name>
    <transcriptions>
      <transcription>
        <inscription>SER SVLPI GALBA IMP CAES AVG P M TR P</inscription>
        <inscription-type>coin legend</inscription-type>
      </transcription>
    </transcriptions>
    <monuments>
      <monument>
        <census-id>10059493</census-id>
        <label>As of Galba / Salus (RIC 503)</label>
      </monument>
      <monument>
        <census-id>10186418</census-id>
        <label>As of Galba (Laureate Bust of Galba / Victory holding Wreath and Palm Branch, RIC 514) (owner: A. Agust&#237;n)</label>
      </monument>
    </monuments>
  </document>
  <document>
    <census-id>10186136</census-id>
    <name>fol. 065 r</name>
    <transcriptions>
      <transcription>
        <inscription>S C</inscription>
        <inscription-type>coin legend</inscription-type>
      </transcription>
    </transcriptions>
    <monuments>
      <monument>
        <census-id>10186124</census-id>
        <label>Sestertius of Galba (Laureate Head of Galba / Victory with Wreath and Palm, RIC 357) (owner: A. Conteschi)</label>
      </monument>
    </monuments>
  </document>
  <document>
    <census-id>10186360</census-id>
    <name>fol. 067 r</name>
    <transcriptions>
      <transcription>
        <inscription>S C ROMA</inscription>
        <inscription-type>coin legend</inscription-type>
      </transcription>
    </transcriptions>
    <monuments>
      <monument>
        <census-id>10186347</census-id>
        <label>Sestertius of Galba (Laureate Head of Galba / Roma, RIC 450) (owner: A. Agust&#237;n)</label>
      </monument>
    </monuments>
  </document>
  <document>
    <census-id>10186357</census-id>
    <name>fol. 068 r</name>
    <transcriptions>
      <transcription>
        <inscription>SER GALBA IMP CAES AVG TR P</inscription>
        <inscription-type>coin legend</inscription-type>
      </transcription>
    </transcriptions>
    <monuments>
      <monument>
        <census-id>10186347</census-id>
        <label>Sestertius of Galba (Laureate Head of Galba / Roma, RIC 450) (owner: A. Agust&#237;n)</label>
      </monument>
    </monuments>
  </document>
  <document>
    <census-id>10186203</census-id>
    <name>fol. 069 r</name>
    <transcriptions>
      <transcription>
        <inscription>VESTA</inscription>
        <inscription-type>coin legend</inscription-type>
      </transcription>
    </transcriptions>
    <monuments>
      <monument>
        <census-id>10186195</census-id>
        <label>Dupondius of Galba (Bare Head of Galba / Vesta, RIC 374) (owner: A. Agust&#237;n)</label>
      </monument>
    </monuments>
  </document>
  <document>
    <census-id>10186644</census-id>
    <name>fol. 070 r</name>
    <transcriptions>
      <transcription>
        <inscription>SER GALBA IMP CAESAR AVG P M TR P</inscription>
        <inscription-type>coin legend</inscription-type>
      </transcription>
    </transcriptions>
    <monuments>
      <monument>
        <census-id>10186635</census-id>
        <label>Denarius of Galba (Laureate Head of Galba and Globe / Roma Vicitrix, RIC 60) (owner: A. Agust&#237;n)</label>
      </monument>
    </monuments>
  </document>
  <document>
    <census-id>10186647</census-id>
    <name>fol. 071 r</name>
    <transcriptions>
      <transcription>
        <inscription>ROMA VICTRIX</inscription>
        <inscription-type>coin legend</inscription-type>
      </transcription>
    </transcriptions>
    <monuments>
      <monument>
        <census-id>10186635</census-id>
        <label>Denarius of Galba (Laureate Head of Galba and Globe / Roma Vicitrix, RIC 60) (owner: A. Agust&#237;n)</label>
      </monument>
    </monuments>
  </document>
  <document>
    <census-id>10193003</census-id>
    <name>fol. 072 r</name>
    <transcriptions>
      <transcription>
        <inscription>SER GALBA IMP CAESAR AVG TR P</inscription>
        <inscription-type>coin legend</inscription-type>
      </transcription>
    </transcriptions>
    <monuments>
      <monument>
        <census-id>10059905</census-id>
        <label>Sestertius of Galba / Victory (RIC 397)</label>
      </monument>
    </monuments>
  </document>
  <document>
    <census-id>10185969</census-id>
    <name>fol. 074 r</name>
    <transcriptions>
      <transcription>
        <inscription>SER SVLPI GALBA IMP CAES AVGVST P M TR P</inscription>
        <inscription-type>coin legend</inscription-type>
      </transcription>
    </transcriptions>
    <monuments>
      <monument>
        <census-id>10185963</census-id>
        <label>Sestertius of Galba (Laureate Bust of Galba / Aesculapius, RIC 488) (owner: J. Strada)</label>
      </monument>
    </monuments>
  </document>
  <document>
    <census-id>10185972</census-id>
    <name>fol. 075 r</name>
    <transcriptions>
      <transcription>
        <inscription>S C</inscription>
        <inscription-type>coin legend</inscription-type>
      </transcription>
    </transcriptions>
    <monuments>
      <monument>
        <census-id>10185963</census-id>
        <label>Sestertius of Galba (Laureate Bust of Galba / Aesculapius, RIC 488) (owner: J. Strada)</label>
      </monument>
    </monuments>
  </document>
  <document>
    <census-id>10186409</census-id>
    <name>fol. 076 r</name>
    <transcriptions>
      <transcription>
        <inscription>SER SVLPI GALBA IMP CAESAR AVG TR P</inscription>
        <inscription-type>coin legend</inscription-type>
      </transcription>
    </transcriptions>
    <monuments>
      <monument>
        <census-id>10186399</census-id>
        <label>As of Galba (Laureate Head of Galba / Pax burning Arms with Torch, RIC 496) (owner: A. Conteschi)  </label>
      </monument>
    </monuments>
  </document>
  <document>
    <census-id>10186412</census-id>
    <name>fol. 077 r</name>
    <transcriptions>
      <transcription>
        <inscription>S C PAX AVGVSTI</inscription>
        <inscription-type>coin legend</inscription-type>
      </transcription>
    </transcriptions>
    <monuments>
      <monument>
        <census-id>10186399</census-id>
        <label>As of Galba (Laureate Head of Galba / Pax burning Arms with Torch, RIC 496) (owner: A. Conteschi)  </label>
      </monument>
    </monuments>
  </document>
  <document>
    <census-id>10193012</census-id>
    <name>fol. 078 r</name>
    <transcriptions>
      <transcription>
        <inscription>IMP SER GALBA CAES AVG P M TR P</inscription>
        <inscription-type>coin legend</inscription-type>
      </transcription>
    </transcriptions>
    <monuments>
      <monument>
        <census-id>10193009</census-id>
        <label>Dupondius of Galba (Head of Galba / Libertas Holding Pileus and Rod, RIC 366)</label>
      </monument>
    </monuments>
  </document>
  <document>
    <census-id>10186117</census-id>
    <name>fol. 079 r</name>
    <transcriptions>
      <transcription>
        <inscription>S C LIBERTAS PVBLICA</inscription>
        <inscription-type>coin legend</inscription-type>
      </transcription>
    </transcriptions>
    <monuments>
      <monument>
        <census-id>10186105</census-id>
        <label>As of Galba (Laureate Head of Galba / Libertas, RIC 423) (owner: A. Agust&#237;n)</label>
      </monument>
    </monuments>
  </document>
  <document>
    <census-id>10186114</census-id>
    <name>fol. 082 r</name>
    <transcriptions>
      <transcription>
        <inscription>SER GALBA IMP CAES AVG TR P</inscription>
        <inscription-type>coin legend</inscription-type>
      </transcription>
    </transcriptions>
    <monuments>
      <monument>
        <census-id>10186105</census-id>
        <label>As of Galba (Laureate Head of Galba / Libertas, RIC 423) (owner: A. Agust&#237;n)</label>
      </monument>
    </monuments>
  </document>
  <document>
    <census-id>10193016</census-id>
    <name>fol. 083 r</name>
    <transcriptions>
      <transcription>
        <inscription>S C ROMA</inscription>
        <inscription-type>coin legend</inscription-type>
      </transcription>
    </transcriptions>
    <monuments>
      <monument>
        <census-id>10186472</census-id>
        <label>Sestertius of Galba (Laureate Bust of Galba / Roma, RIC 241) (owner: A. Maffei)</label>
      </monument>
      <monument>
        <census-id>10193019</census-id>
        <label>Sestertius of Galba (Laureate Bust of Galba / Roma, RIC 241)</label>
      </monument>
    </monuments>
  </document>
  <document>
    <census-id>10186428</census-id>
    <name>fol. 086 r </name>
    <transcriptions>
      <transcription>
        <inscription>SER. SVLPI. GALBA IMP. CAESAR AVG. TR. P.</inscription>
        <inscription-type>coin legend</inscription-type>
      </transcription>
    </transcriptions>
    <monuments>
      <monument>
        <census-id>10186418</census-id>
        <label>As of Galba (Laureate Bust of Galba / Victory holding Wreath and Palm Branch, RIC 514) (owner: A. Agust&#237;n)</label>
      </monument>
    </monuments>
  </document>
  <document>
    <census-id>10186431</census-id>
    <name>fol. 087 r </name>
    <transcriptions>
      <transcription>
        <inscription>S C</inscription>
        <inscription-type>coin legend</inscription-type>
      </transcription>
    </transcriptions>
    <monuments>
      <monument>
        <census-id>10186418</census-id>
        <label>As of Galba (Laureate Bust of Galba / Victory holding Wreath and Palm Branch, RIC 514) (owner: A. Agust&#237;n)</label>
      </monument>
    </monuments>
  </document>
  <document>
    <census-id>10192939</census-id>
    <name>fol. 088 r</name>
    <transcriptions>
      <transcription>
        <inscription>SER GALBA IMP CAESAR AVG P M T R P</inscription>
        <inscription-type>coin legend</inscription-type>
      </transcription>
    </transcriptions>
    <monuments>
      <monument>
        <census-id>10059912</census-id>
        <label>Sestertius of Galba / Victory (RIC 400)</label>
      </monument>
    </monuments>
  </document>
  <document>
    <census-id>10192942</census-id>
    <name>fol. 089 r</name>
    <transcriptions>
      <transcription>
        <inscription>S C</inscription>
        <inscription-type>coin legend</inscription-type>
      </transcription>
    </transcriptions>
    <monuments>
      <monument>
        <census-id>10059912</census-id>
        <label>Sestertius of Galba / Victory (RIC 400)</label>
      </monument>
    </monuments>
  </document>
  <document>
    <census-id>10193027</census-id>
    <name>fol. 090 r</name>
    <transcriptions>
      <transcription>
        <inscription>SERGI SVLPI GALBA IMP CAESAR AVG TR P</inscription>
        <inscription-type>coin legend</inscription-type>
      </transcription>
    </transcriptions>
    <monuments>
      <monument>
        <census-id>10193025</census-id>
        <label>As of Galba (Head of Galba / Pax Holding Torch and Cornucopia, RIC 496)</label>
      </monument>
    </monuments>
  </document>
  <document>
    <census-id>10193030</census-id>
    <name>fol. 091 r</name>
    <transcriptions>
      <transcription>
        <inscription>PAX AVGVSTI S C</inscription>
        <inscription-type>coin legend</inscription-type>
      </transcription>
    </transcriptions>
    <monuments>
      <monument>
        <census-id>10193025</census-id>
        <label>As of Galba (Head of Galba / Pax Holding Torch and Cornucopia, RIC 496)</label>
      </monument>
    </monuments>
  </document>
  <document>
    <census-id>10192948</census-id>
    <name>fol. 092 r</name>
    <transcriptions>
      <transcription>
        <inscription>SER SVLPI GALBA IMP CAES AVG TR P</inscription>
        <inscription-type>coin legend</inscription-type>
      </transcription>
    </transcriptions>
    <monuments>
      <monument>
        <census-id>10059881</census-id>
        <label>Dupondius of Galba / Pax (RIC 283)</label>
      </monument>
    </monuments>
  </document>
  <document>
    <census-id>10192945</census-id>
    <name>fol. 093 r</name>
    <transcriptions>
      <transcription>
        <inscription>PAX AVGVSTI</inscription>
        <inscription-type>coin legend</inscription-type>
      </transcription>
    </transcriptions>
    <monuments>
      <monument>
        <census-id>10059881</census-id>
        <label>Dupondius of Galba / Pax (RIC 283)</label>
      </monument>
    </monuments>
  </document>
  <document>
    <census-id>10186611</census-id>
    <name>fol. 094 r </name>
    <transcriptions>
      <transcription>
        <inscription>SER GALBA CAESAR AVG</inscription>
        <inscription-type>coin legend</inscription-type>
      </transcription>
    </transcriptions>
    <monuments>
      <monument>
        <census-id>10201326</census-id>
        <label>Denarius of Galba / Concordia (RIC 54)</label>
      </monument>
    </monuments>
  </document>
  <document>
    <census-id>10186614</census-id>
    <name>fol. 095 r </name>
    <transcriptions>
      <transcription>
        <inscription>CONCORDIA PROVINCIARVM</inscription>
        <inscription-type>coin legend</inscription-type>
      </transcription>
    </transcriptions>
    <monuments>
      <monument>
        <census-id>10201326</census-id>
        <label>Denarius of Galba / Concordia (RIC 54)</label>
      </monument>
    </monuments>
  </document>
  <document>
    <census-id>10193035</census-id>
    <name>fol. 096 r</name>
    <transcriptions>
      <transcription>
        <inscription>IMP SER GALBA CAESAR AVG TR P</inscription>
        <inscription-type>coin legend</inscription-type>
      </transcription>
    </transcriptions>
    <monuments>
      <monument>
        <census-id>10193034</census-id>
        <label>As of Galba (Head of Galba / Aquila Between Standards, RIC 303)</label>
      </monument>
    </monuments>
  </document>
  <document>
    <census-id>10193039</census-id>
    <name>fol. 097 r</name>
    <transcriptions>
      <transcription>
        <inscription>S C</inscription>
        <inscription-type>coin legend</inscription-type>
      </transcription>
    </transcriptions>
    <monuments>
      <monument>
        <census-id>10193034</census-id>
        <label>As of Galba (Head of Galba / Aquila Between Standards, RIC 303)</label>
      </monument>
    </monuments>
  </document>
  <document>
    <census-id>10186726</census-id>
    <name>fol. 098 r</name>
    <transcriptions>
      <transcription>
        <inscription>IMP SER GALBA CAESAR AVG</inscription>
        <inscription-type>coin legend</inscription-type>
      </transcription>
    </transcriptions>
    <monuments>
      <monument>
        <census-id>10186713</census-id>
        <label>Aureus of Galba (Laureate Head of Galba / Salus, RIC 206) (owner: J. Fugger)</label>
      </monument>
    </monuments>
  </document>
  <document>
    <census-id>10186729</census-id>
    <name>fol. 099 r</name>
    <transcriptions>
      <transcription>
        <inscription>SALVS GEN HVMANI</inscription>
        <inscription-type>coin legend</inscription-type>
      </transcription>
    </transcriptions>
    <monuments>
      <monument>
        <census-id>10186713</census-id>
        <label>Aureus of Galba (Laureate Head of Galba / Salus, RIC 206) (owner: J. Fugger)</label>
      </monument>
    </monuments>
  </document>
  <document>
    <census-id>10193045</census-id>
    <name>fol. 100 r</name>
    <transcriptions>
      <transcription>
        <inscription>VESTA S C</inscription>
        <inscription-type>coin legend</inscription-type>
      </transcription>
    </transcriptions>
    <monuments>
      <monument>
        <census-id>10193043</census-id>
        <label>As of Galba (Head of Galba / Vesta Holding Patera and Palladium, RIC 378)</label>
      </monument>
    </monuments>
  </document>
  <document>
    <census-id>10186499</census-id>
    <name>fol. 101 r</name>
    <transcriptions>
      <transcription>
        <inscription>FELICITAS PVBLICA</inscription>
        <inscription-type>coin legend</inscription-type>
      </transcription>
    </transcriptions>
    <monuments>
      <monument>
        <census-id>10186491</census-id>
        <label>Dupondius of Galba (Laureate Head of Galba / Felicitas, RIC 411) (owner: P. Ramez)</label>
      </monument>
    </monuments>
  </document>
  <document>
    <census-id>10186448</census-id>
    <name>fol. 103 r </name>
    <transcriptions>
      <transcription>
        <inscription>PAX AVGVSTI</inscription>
        <inscription-type>coin legend</inscription-type>
      </transcription>
    </transcriptions>
    <monuments>
      <monument>
        <census-id>10186438</census-id>
        <label>Dupondius of Galba (Laureate Head of Galba / Pax holding Branch and Cornucopiae, RIC 369) (owner: J. Strada)</label>
      </monument>
    </monuments>
  </document>
  <document>
    <census-id>10186680</census-id>
    <name>fol. 104 r</name>
    <transcriptions>
      <transcription>
        <inscription>IMP SER GALBA AVG TR P</inscription>
        <inscription-type>coin legend</inscription-type>
      </transcription>
    </transcriptions>
    <monuments>
      <monument>
        <census-id>10186673</census-id>
        <label>Denarius of Galba (Laureate Head of Galba / Libertas, RIC 159)</label>
      </monument>
    </monuments>
  </document>
  <document>
    <census-id>10186171</census-id>
    <name>fol. 105 r</name>
    <transcriptions>
      <transcription>
        <inscription>LIBERTAS PVBLICA</inscription>
        <inscription-type>coin legend</inscription-type>
      </transcription>
    </transcriptions>
    <monuments>
      <monument>
        <census-id>10186156</census-id>
        <label>Dupondius of Galba (Laureate Head of Galba / Libertas, RIC 275) (owner: J. Strada)</label>
      </monument>
    </monuments>
  </document>
  <document>
    <census-id>10186599</census-id>
    <name>fol. 106 r</name>
    <transcriptions>
      <transcription>
        <inscription>IMP SER GALBA CAESAR AVG </inscription>
        <inscription-type>coin legend</inscription-type>
      </transcription>
    </transcriptions>
    <monuments>
      <monument>
        <census-id>10186590</census-id>
        <label>Denarius of Galba (Laureate Head of Galba / Gallia, RIC 228) (owner: A. Agust&#237;n)</label>
      </monument>
    </monuments>
  </document>
  <document>
    <census-id>10186602</census-id>
    <name>fol. 107 r</name>
    <transcriptions>
      <transcription>
        <inscription>IMP</inscription>
        <inscription-type>coin legend</inscription-type>
      </transcription>
    </transcriptions>
    <monuments>
      <monument>
        <census-id>10186590</census-id>
        <label>Denarius of Galba (Laureate Head of Galba / Gallia, RIC 228) (owner: A. Agust&#237;n)</label>
      </monument>
    </monuments>
  </document>
  <document>
    <census-id>10193052</census-id>
    <name>fol. 108 r</name>
    <transcriptions>
      <transcription>
        <inscription>IMP SER GALBA CAESAR AVG</inscription>
        <inscription-type>coin legend</inscription-type>
      </transcription>
    </transcriptions>
    <monuments>
      <monument>
        <census-id>10059855</census-id>
        <label>Denarius of Galba / Roma Renascens (RIC 195)</label>
      </monument>
      <monument>
        <census-id>10059934</census-id>
        <label>Denarius of Galba / Hispania (RIC 193)</label>
      </monument>
      <monument>
        <census-id>10063266</census-id>
        <label>Denarius of Galba / Female figure (RIC 211)</label>
      </monument>
      <monument>
        <census-id>10064037</census-id>
        <label>Aureus of Galba / Virtus (RIC 220)</label>
      </monument>
      <monument>
        <census-id>10193048</census-id>
        <label>Denarius of Galba / Roma Renascens (RIC 199)</label>
      </monument>
    </monuments>
  </document>
  <document>
    <census-id>10193062</census-id>
    <name>fol. 109 r</name>
    <transcriptions>
      <transcription>
        <inscription>S C</inscription>
        <inscription-type>coin legend</inscription-type>
      </transcription>
    </transcriptions>
    <monuments>
      <monument>
        <census-id>10193059</census-id>
        <label>Sestertius of Galba (Oak-Wreathed Head of Galba / Victory, RIC 251)</label>
      </monument>
    </monuments>
  </document>
  <document>
    <census-id>10193073</census-id>
    <name>fol. 111 r</name>
    <transcriptions>
      <transcription>
        <inscription>S C</inscription>
        <inscription-type>coin legend</inscription-type>
      </transcription>
    </transcriptions>
    <monuments>
      <monument>
        <census-id>10193069</census-id>
        <label>Sestertius of Vitellius (Lauireate Bust of Vitellius / Mars Victor, RIC 121)</label>
      </monument>
    </monuments>
  </document>
  <document>
    <census-id>10186562</census-id>
    <name>fol. 112 r</name>
    <transcriptions>
      <transcription>
        <inscription>IMP SER GALBA AVG</inscription>
        <inscription-type>coin legend</inscription-type>
      </transcription>
    </transcriptions>
    <monuments>
      <monument>
        <census-id>10186554</census-id>
        <label>Denarius of Galba (Laureate Head of Galba / Oak-Wreath, RIC 168) (owner: A. Agust&#237;n)</label>
      </monument>
    </monuments>
  </document>
  <document>
    <census-id>10186565</census-id>
    <name>fol. 113 r</name>
    <transcriptions>
      <transcription>
        <inscription>SPQR OB C S</inscription>
        <inscription-type>coin legend</inscription-type>
      </transcription>
    </transcriptions>
    <monuments>
      <monument>
        <census-id>10186554</census-id>
        <label>Denarius of Galba (Laureate Head of Galba / Oak-Wreath, RIC 168) (owner: A. Agust&#237;n)</label>
      </monument>
    </monuments>
  </document>
  <document>
    <census-id>10185917</census-id>
    <name>fol. 114 r</name>
    <transcriptions>
      <transcription>
        <inscription>SER SVLPI GALBA IMP CAESAR AVG TR P</inscription>
        <inscription-type>coin legend</inscription-type>
      </transcription>
    </transcriptions>
    <monuments>
      <monument>
        <census-id>10185909</census-id>
        <label>Sestertius of Galba (Bust of Laureate Galba / Mars holding Spear and Trophy, RIC 481) (owner: J. Strada)</label>
      </monument>
    </monuments>
  </document>
  <document>
    <census-id>10185920</census-id>
    <name>fol. 115 r</name>
    <transcriptions>
      <transcription>
        <inscription>MARS VICTOR S C</inscription>
        <inscription-type>coin legend</inscription-type>
      </transcription>
    </transcriptions>
    <monuments>
      <monument>
        <census-id>10185909</census-id>
        <label>Sestertius of Galba (Bust of Laureate Galba / Mars holding Spear and Trophy, RIC 481) (owner: J. Strada)</label>
      </monument>
    </monuments>
  </document>
  <document>
    <census-id>10193265</census-id>
    <name>fol. 118 r</name>
    <transcriptions>
      <transcription>
        <inscription>SER GALBA IMP CAES AVG TR P</inscription>
        <inscription-type>coin legend</inscription-type>
      </transcription>
    </transcriptions>
    <monuments>
      <monument>
        <census-id>10193263</census-id>
        <label>Sestertius of Galba (Head of Galba / Concordia Holding Olive Branch and Sceptre, RIC 345)</label>
      </monument>
    </monuments>
  </document>
  <document>
    <census-id>10193238</census-id>
    <name>fol. 120 r</name>
    <transcriptions>
      <transcription>
        <inscription>SER GALBA IMP CAES AVG TR P</inscription>
        <inscription-type>coin legend</inscription-type>
      </transcription>
    </transcriptions>
    <monuments>
      <monument>
        <census-id>10193221</census-id>
        <label>Sestertius of Galba (Head of Galba / Libertas Holding Pileus and Vindicta, RIC 440)</label>
      </monument>
    </monuments>
  </document>
  <document>
    <census-id>10193241</census-id>
    <name>fol. 121 r</name>
    <transcriptions>
      <transcription>
        <inscription>LIBERTAS AVGVSTI R XI S C</inscription>
        <inscription-type>coin legend</inscription-type>
      </transcription>
    </transcriptions>
    <monuments>
      <monument>
        <census-id>10193221</census-id>
        <label>Sestertius of Galba (Head of Galba / Libertas Holding Pileus and Vindicta, RIC 440)</label>
      </monument>
    </monuments>
  </document>
  <document>
    <census-id>10186746</census-id>
    <name>fol. 124 r</name>
    <transcriptions>
      <transcription>
        <inscription>&#913;&#933;&#932;&#927;&#922;. &#922;&#913;&#921;&#931;. &#931;&#917;&#929;. &#915;&#913;&#923;&#914;&#913; KA</inscription>
        <inscription-type>coin legend</inscription-type>
      </transcription>
    </transcriptions>
    <monuments>
      <monument>
        <census-id>10186735</census-id>
        <label>Bronze Coin of Alexandria (Laureate Head of Galba / Isis, RPC 5349) (owner: F. Veniero)</label>
      </monument>
    </monuments>
  </document>
  <document>
    <census-id>10193269</census-id>
    <name>fol. 129 r</name>
    <transcriptions>
      <transcription>
        <inscription>EX SC P P OB CIVES SERVATOS</inscription>
        <inscription-type>coin legend</inscription-type>
      </transcription>
    </transcriptions>
    <monuments>
      <monument>
        <census-id>10050429</census-id>
        <label>Sestertius of Claudius (Claudius / Legend in Oak Wreath, RIC 112)</label>
      </monument>
    </monuments>
  </document>
  <document>
    <census-id>10187096</census-id>
    <name>fol. 137 r</name>
    <transcriptions>
      <transcription>
        <inscription>IMP M OTHO CAESAR AVG TR P</inscription>
        <inscription-type>coin legend</inscription-type>
      </transcription>
    </transcriptions>
    <monuments>
      <monument>
        <census-id>10187086</census-id>
        <label>Denarius of Otho (Bare Head of Otho / Victoria, RIC 16) (owner: A. Conteschi)</label>
      </monument>
    </monuments>
  </document>
  <document>
    <census-id>10187100</census-id>
    <name>fol. 138 r</name>
    <transcriptions>
      <transcription>
        <inscription>VICTORIA OTHONIS</inscription>
        <inscription-type>coin legend</inscription-type>
      </transcription>
    </transcriptions>
    <monuments>
      <monument>
        <census-id>10187086</census-id>
        <label>Denarius of Otho (Bare Head of Otho / Victoria, RIC 16) (owner: A. Conteschi)</label>
      </monument>
    </monuments>
  </document>
  <document>
    <census-id>10186865</census-id>
    <name>fol. 139 r</name>
    <transcriptions>
      <transcription>
        <inscription>IMP M OTHO CAE AVG</inscription>
        <inscription-type>coin legend</inscription-type>
      </transcription>
    </transcriptions>
    <monuments>
      <monument>
        <census-id>10186857</census-id>
        <label>Bronze Coin of Antioch (Laureate Head of Otho / S C within Laurel-Wreath, RPC 4320) (owner: P. Ramez)</label>
      </monument>
    </monuments>
  </document>
  <document>
    <census-id>10186868</census-id>
    <name>fol. 140 r</name>
    <transcriptions>
      <transcription>
        <inscription>S C</inscription>
        <inscription-type>coin legend</inscription-type>
      </transcription>
    </transcriptions>
    <monuments>
      <monument>
        <census-id>10186857</census-id>
        <label>Bronze Coin of Antioch (Laureate Head of Otho / S C within Laurel-Wreath, RPC 4320) (owner: P. Ramez)</label>
      </monument>
    </monuments>
  </document>
  <document>
    <census-id>10193426</census-id>
    <name>fol. 143 r</name>
    <transcriptions>
      <transcription>
        <inscription>IMP OTHO CAES AVG TR P</inscription>
        <inscription-type>coin legend</inscription-type>
      </transcription>
    </transcriptions>
    <monuments>
      <monument>
        <census-id>10025431</census-id>
        <label>Aureus of Otho / Securitas (RIC 7)</label>
      </monument>
      <monument>
        <census-id>10051849</census-id>
        <label>Denarius of Otho / Pax (RIC 4)</label>
      </monument>
    </monuments>
  </document>
  <document>
    <census-id>10193430</census-id>
    <name>fol. 144 r</name>
    <transcriptions>
      <transcription>
        <inscription>FELICITAS PVBLICA</inscription>
        <inscription-type>coin legend</inscription-type>
      </transcription>
    </transcriptions>
    <monuments>
      <monument>
        <census-id>10059838</census-id>
        <label>Dupondius of Galba (Laureate Head of Galba / Felicitas, RIC 411)</label>
      </monument>
    </monuments>
  </document>
  <document>
    <census-id>10186804</census-id>
    <name>fol. 145 r</name>
    <transcriptions>
      <transcription>
        <inscription>IMP OTHO CAES AVG TR P</inscription>
        <inscription-type>coin legend</inscription-type>
      </transcription>
    </transcriptions>
    <monuments>
      <monument>
        <census-id>10066377</census-id>
        <label>Denarius of Otho (Bare Head of Otho / Otho on Horseback, RIC 22)</label>
      </monument>
    </monuments>
  </document>
  <document>
    <census-id>10186807</census-id>
    <name>fol. 146 r</name>
    <transcriptions>
      <transcription>
        <inscription>PONT MAX</inscription>
        <inscription-type>coin legend</inscription-type>
      </transcription>
    </transcriptions>
    <monuments>
      <monument>
        <census-id>10066377</census-id>
        <label>Denarius of Otho (Bare Head of Otho / Otho on Horseback, RIC 22)</label>
      </monument>
    </monuments>
  </document>
  <document>
    <census-id>10193331</census-id>
    <name>fol. 147 r</name>
    <transcriptions>
      <transcription>
        <inscription>IMP OTHO CAES AVG TR P</inscription>
        <inscription-type>coin legend</inscription-type>
      </transcription>
    </transcriptions>
    <monuments>
      <monument>
        <census-id>10193297</census-id>
        <label>Aureus of Otho (Head of Otho / Securitas, RIC 9)</label>
      </monument>
    </monuments>
  </document>
  <document>
    <census-id>10193337</census-id>
    <name>fol. 148 r</name>
    <transcriptions>
      <transcription>
        <inscription>SICVRITAS AVGVSTI</inscription>
        <inscription-type>coin legend</inscription-type>
      </transcription>
    </transcriptions>
    <monuments>
      <monument>
        <census-id>10193297</census-id>
        <label>Aureus of Otho (Head of Otho / Securitas, RIC 9)</label>
      </monument>
    </monuments>
  </document>
  <document>
    <census-id>10186850</census-id>
    <name>fol. 149 r</name>
    <transcriptions>
      <transcription>
        <inscription>IMP M OTHO CAESAR AVG TR P</inscription>
        <inscription-type>coin legend</inscription-type>
      </transcription>
    </transcriptions>
    <monuments>
      <monument>
        <census-id>10186830</census-id>
        <label>Denarius of Otho (Bare Head of Otho / Vesta, RIC 24) (owner: J. Strada)</label>
      </monument>
    </monuments>
  </document>
  <document>
    <census-id>10193343</census-id>
    <name>fol. 150 r</name>
    <transcriptions>
      <transcription>
        <inscription>SECVRITAS AVGVSTI</inscription>
        <inscription-type>coin legend</inscription-type>
      </transcription>
    </transcriptions>
    <monuments>
      <monument>
        <census-id>10193297</census-id>
        <label>Aureus of Otho (Head of Otho / Securitas, RIC 9)</label>
      </monument>
    </monuments>
  </document>
  <document>
    <census-id>10193436</census-id>
    <name>fol. 151 r</name>
    <transcriptions>
      <transcription>
        <inscription>IMP OTHO CAES AVG TR P</inscription>
        <inscription-type>coin legend</inscription-type>
      </transcription>
    </transcriptions>
    <monuments>
      <monument>
        <census-id>10025431</census-id>
        <label>Aureus of Otho / Securitas (RIC 7)</label>
      </monument>
      <monument>
        <census-id>10051849</census-id>
        <label>Denarius of Otho / Pax (RIC 4)</label>
      </monument>
    </monuments>
  </document>
  <document>
    <census-id>10186823</census-id>
    <name>fol. 152 r</name>
    <transcriptions>
      <transcription>
        <inscription>PONT MAX</inscription>
        <inscription-type>coin legend</inscription-type>
      </transcription>
    </transcriptions>
    <monuments>
      <monument>
        <census-id>10186812</census-id>
        <label>Denarius of Otho (Bare Head of Otho / Vesta, RIC 24) (owner: J. Fugger)</label>
      </monument>
    </monuments>
  </document>
  <document>
    <census-id>10186820</census-id>
    <name>fol. 153 r</name>
    <transcriptions>
      <transcription>
        <inscription>IMP OTHO CAES AVG TR P</inscription>
        <inscription-type>coin legend</inscription-type>
      </transcription>
    </transcriptions>
    <monuments>
      <monument>
        <census-id>10186812</census-id>
        <label>Denarius of Otho (Bare Head of Otho / Vesta, RIC 24) (owner: J. Fugger)</label>
      </monument>
      <monument>
        <census-id>10186970</census-id>
        <label>Denarius of Otho (Bare Head of Otho / Securitas, RIC 8) (owner: A. Maffei)</label>
      </monument>
      <monument>
        <census-id>10187064</census-id>
        <label>Aureus of Otho / Securitas (RIC 7) (owner: A. Agust&#237;n)</label>
      </monument>
    </monuments>
  </document>
  <document>
    <census-id>10186981</census-id>
    <name>fol. 154 r</name>
    <transcriptions>
      <transcription>
        <inscription>SECVRITAS P R</inscription>
        <inscription-type>coin legend</inscription-type>
      </transcription>
    </transcriptions>
    <monuments>
      <monument>
        <census-id>10186970</census-id>
        <label>Denarius of Otho (Bare Head of Otho / Securitas, RIC 8) (owner: A. Maffei)</label>
      </monument>
      <monument>
        <census-id>10187064</census-id>
        <label>Aureus of Otho / Securitas (RIC 7) (owner: A. Agust&#237;n)</label>
      </monument>
    </monuments>
  </document>
  <document>
    <census-id>10186957</census-id>
    <name>fol. 155 r</name>
    <transcriptions>
      <transcription>
        <inscription>IMP OTHO CAES AVG TR P</inscription>
        <inscription-type>coin legend</inscription-type>
      </transcription>
    </transcriptions>
    <monuments>
      <monument>
        <census-id>10186947</census-id>
        <label>Denarius of Otho (Bare Head of Otho / Ceres, RIC 20) (owner: P. Ramez)</label>
      </monument>
    </monuments>
  </document>
  <document>
    <census-id>10186960</census-id>
    <name>fol. 156 r</name>
    <transcriptions>
      <transcription>
        <inscription>PONT MAX</inscription>
        <inscription-type>coin legend</inscription-type>
      </transcription>
    </transcriptions>
    <monuments>
      <monument>
        <census-id>10186947</census-id>
        <label>Denarius of Otho (Bare Head of Otho / Ceres, RIC 20) (owner: P. Ramez)</label>
      </monument>
    </monuments>
  </document>
  <document>
    <census-id>10193439</census-id>
    <name>fol. 157 r</name>
    <transcriptions>
      <transcription>
        <inscription>IMP OTHO CAES AVG TR P</inscription>
        <inscription-type>coin legend</inscription-type>
      </transcription>
    </transcriptions>
    <monuments>
      <monument>
        <census-id>10025431</census-id>
        <label>Aureus of Otho / Securitas (RIC 7)</label>
      </monument>
      <monument>
        <census-id>10051849</census-id>
        <label>Denarius of Otho / Pax (RIC 4)</label>
      </monument>
    </monuments>
  </document>
  <document>
    <census-id>10187079</census-id>
    <name>fol. 158 r</name>
    <transcriptions>
      <transcription>
        <inscription>SECVRITAS PR</inscription>
        <inscription-type>coin legend</inscription-type>
      </transcription>
    </transcriptions>
    <monuments>
      <monument>
        <census-id>10187064</census-id>
        <label>Aureus of Otho / Securitas (RIC 7) (owner: A. Agust&#237;n)</label>
      </monument>
    </monuments>
  </document>
  <document>
    <census-id>10186791</census-id>
    <name>fol. 159 r</name>
    <transcriptions>
      <transcription>
        <inscription>IMP OTHO CAESAR AVG TR P</inscription>
        <inscription-type>coin legend</inscription-type>
      </transcription>
    </transcriptions>
    <monuments>
      <monument>
        <census-id>10186755</census-id>
        <label>Denarius of Otho (Otho / Pax, RIC 4) (owner: A. Agust&#237;n)</label>
      </monument>
    </monuments>
  </document>
  <document>
    <census-id>10186794</census-id>
    <name>fol. 160 r</name>
    <transcriptions>
      <transcription>
        <inscription>PAX ORBIS TERRARVM</inscription>
        <inscription-type>coin legend</inscription-type>
      </transcription>
    </transcriptions>
    <monuments>
      <monument>
        <census-id>10186755</census-id>
        <label>Denarius of Otho (Otho / Pax, RIC 4) (owner: A. Agust&#237;n)</label>
      </monument>
    </monuments>
  </document>
  <document>
    <census-id>10193419</census-id>
    <name>fol. 161 r</name>
    <transcriptions>
      <transcription>
        <inscription>IMP OTHO CAESAR AVG TR P</inscription>
        <inscription-type>coin legend</inscription-type>
      </transcription>
    </transcriptions>
    <monuments>
      <monument>
        <census-id>10193411</census-id>
        <label>Aureus of Otho (Head of Otho / Victory, RIC 15)</label>
      </monument>
    </monuments>
  </document>
  <document>
    <census-id>10193422</census-id>
    <name>fol. 162 r</name>
    <transcriptions>
      <transcription>
        <inscription>VICTORIA OTHONIS</inscription>
        <inscription-type>coin legend</inscription-type>
      </transcription>
    </transcriptions>
    <monuments>
      <monument>
        <census-id>10193411</census-id>
        <label>Aureus of Otho (Head of Otho / Victory, RIC 15)</label>
      </monument>
    </monuments>
  </document>
  <document>
    <census-id>10193442</census-id>
    <name>fol. 163 r</name>
    <transcriptions>
      <transcription>
        <inscription>IMP OTHO CAESAR AVG TR P</inscription>
        <inscription-type>coin legend</inscription-type>
      </transcription>
    </transcriptions>
    <monuments>
      <monument>
        <census-id>10025431</census-id>
        <label>Aureus of Otho / Securitas (RIC 7)</label>
      </monument>
      <monument>
        <census-id>10051849</census-id>
        <label>Denarius of Otho / Pax (RIC 4)</label>
      </monument>
    </monuments>
  </document>
  <document>
    <census-id>10186853</census-id>
    <name>fol. 164 r</name>
    <transcriptions>
      <transcription>
        <inscription>SALVS AVG S C</inscription>
        <inscription-type>coin legend</inscription-type>
      </transcription>
    </transcriptions>
    <monuments>
      <monument>
        <census-id>10186830</census-id>
        <label>Denarius of Otho (Bare Head of Otho / Vesta, RIC 24) (owner: J. Strada)</label>
      </monument>
    </monuments>
  </document>
  <document>
    <census-id>10187114</census-id>
    <name>fol. 167 r</name>
    <monuments>
      <monument>
        <census-id>10187104</census-id>
        <label>Bronze Coin of Ptolemais (Laureate Head of Zeus / Tyche, RPC 4743) (owner: G. Kandler)</label>
      </monument>
    </monuments>
  </document>
  <document>
    <census-id>10187117</census-id>
    <name>fol. 168 r</name>
    <transcriptions>
      <transcription>
        <inscription>LL &#922;&#913;&#921;&#931; &#928;&#927;&#929;&#913;</inscription>
        <inscription-type>coin legend</inscription-type>
      </transcription>
    </transcriptions>
    <monuments>
      <monument>
        <census-id>10187104</census-id>
        <label>Bronze Coin of Ptolemais (Laureate Head of Zeus / Tyche, RPC 4743) (owner: G. Kandler)</label>
      </monument>
    </monuments>
  </document>
  <document>
    <census-id>10193543</census-id>
    <name>fol. 177 r</name>
    <transcriptions>
      <transcription>
        <inscription>A VITELLIVS GERMAN IMP AVG P M TR P</inscription>
        <inscription-type>coin legend</inscription-type>
      </transcription>
    </transcriptions>
    <monuments>
      <monument>
        <census-id>10056357</census-id>
        <label>Sestertius of Vitellius / Vitellius and Ceres (RIC 131)</label>
      </monument>
    </monuments>
  </document>
  <document>
    <census-id>10190824</census-id>
    <name>fol. 179 r</name>
    <transcriptions>
      <transcription>
        <inscription>A VITELLIVS GERMAN IMP AVG P M TR P</inscription>
        <inscription-type>coin legend</inscription-type>
      </transcription>
    </transcriptions>
    <monuments>
      <monument>
        <census-id>10190816</census-id>
        <label>As of Vitellius (Head of Vitellius / Mars holding Aquila, RIC 40) (owner: J. Strada)</label>
      </monument>
    </monuments>
  </document>
  <document>
    <census-id>10190975</census-id>
    <name>fol. 180 r</name>
    <transcriptions>
      <transcription>
        <inscription>CONSENSV EXERCITVVM S C</inscription>
        <inscription-type>coin legend</inscription-type>
      </transcription>
    </transcriptions>
    <monuments>
      <monument>
        <census-id>10190816</census-id>
        <label>As of Vitellius (Head of Vitellius / Mars holding Aquila, RIC 40) (owner: J. Strada)</label>
      </monument>
    </monuments>
  </document>
  <document>
    <census-id>10191548</census-id>
    <name>fol. 181 r</name>
    <transcriptions>
      <transcription>
        <inscription>A VITELLIVS GERMAN IMP AVG P M TR P</inscription>
        <inscription-type>coin legend</inscription-type>
      </transcription>
    </transcriptions>
    <monuments>
      <monument>
        <census-id>10191537</census-id>
        <label>Sestertius of Vitellius (Bust of Vitellius / Victory, RIC 142) (owner: A. Conteschi)</label>
      </monument>
    </monuments>
  </document>
  <document>
    <census-id>10191551</census-id>
    <name>fol. 182 r</name>
    <transcriptions>
      <transcription>
        <inscription>S C VIC AVG</inscription>
        <inscription-type>coin legend</inscription-type>
      </transcription>
    </transcriptions>
    <monuments>
      <monument>
        <census-id>10191537</census-id>
        <label>Sestertius of Vitellius (Bust of Vitellius / Victory, RIC 142) (owner: A. Conteschi)</label>
      </monument>
    </monuments>
  </document>
  <document>
    <census-id>10187354</census-id>
    <name>fol. 183 r</name>
    <transcriptions>
      <transcription>
        <inscription>A VITELLIVS GERMAN IMP AVG P M TR P</inscription>
        <inscription-type>coin legend</inscription-type>
      </transcription>
    </transcriptions>
    <monuments>
      <monument>
        <census-id>10187345</census-id>
        <label>Sestertius of Vitellius (Laureate Head of Vitellius / Vitellius and Togate Men, RIC 134) (owner: J. Matal)</label>
      </monument>
    </monuments>
  </document>
  <document>
    <census-id>10187357</census-id>
    <name>fol. 184 r</name>
    <transcriptions>
      <transcription>
        <inscription>IMP VIII CENSOR II S C</inscription>
        <inscription-type>coin legend</inscription-type>
      </transcription>
    </transcriptions>
    <monuments>
      <monument>
        <census-id>10187345</census-id>
        <label>Sestertius of Vitellius (Laureate Head of Vitellius / Vitellius and Togate Men, RIC 134) (owner: J. Matal)</label>
      </monument>
    </monuments>
  </document>
  <document>
    <census-id>10193706</census-id>
    <name>fol. 185 r</name>
    <transcriptions>
      <transcription>
        <inscription>A VITELLIVS IMP GERMAN</inscription>
        <inscription-type>coin legend</inscription-type>
      </transcription>
    </transcriptions>
    <monuments>
      <monument>
        <census-id>10192393</census-id>
        <label>Denarius of Vitellius (Head of Vitellius / Mars Helmeted, RIC 23) owner: G. Duchoul</label>
      </monument>
    </monuments>
  </document>
  <document>
    <census-id>10193709</census-id>
    <name>fol. 186 r</name>
    <transcriptions>
      <transcription>
        <inscription>CONSENSVS EXERCITVM</inscription>
        <inscription-type>coin legend</inscription-type>
      </transcription>
    </transcriptions>
    <monuments>
      <monument>
        <census-id>10192393</census-id>
        <label>Denarius of Vitellius (Head of Vitellius / Mars Helmeted, RIC 23) owner: G. Duchoul</label>
      </monument>
    </monuments>
  </document>
  <document>
    <census-id>10193546</census-id>
    <name>fol. 188 r</name>
    <transcriptions>
      <transcription>
        <inscription>SPQR VICTORIA AVGVST</inscription>
        <inscription-type>coin legend</inscription-type>
      </transcription>
    </transcriptions>
    <monuments>
      <monument>
        <census-id>10066128</census-id>
        <label>Denarius of Vitellius / Victory (RIC 36)</label>
      </monument>
    </monuments>
  </document>
  <document>
    <census-id>10186133</census-id>
    <name>fol. 189 r</name>
    <transcriptions>
      <transcription>
        <inscription>A VITELLIVS IMP GERMAN</inscription>
        <inscription-type>coin legend</inscription-type>
      </transcription>
    </transcriptions>
    <monuments>
      <monument>
        <census-id>10192393</census-id>
        <label>Denarius of Vitellius (Head of Vitellius / Mars Helmeted, RIC 23) owner: G. Duchoul</label>
      </monument>
    </monuments>
  </document>
  <document>
    <census-id>10192406</census-id>
    <name>fol. 190 r</name>
    <transcriptions>
      <transcription>
        <inscription>A VCONSENSVS EXERCITVM</inscription>
        <inscription-type>coin legend</inscription-type>
      </transcription>
    </transcriptions>
    <monuments>
      <monument>
        <census-id>10192393</census-id>
        <label>Denarius of Vitellius (Head of Vitellius / Mars Helmeted, RIC 23) owner: G. Duchoul</label>
      </monument>
    </monuments>
  </document>
  <document>
    <census-id>10191885</census-id>
    <name>fol. 193 r</name>
    <transcriptions>
      <transcription>
        <inscription>A VITELLIVS GERMA IMP AVG P M TR P</inscription>
        <inscription-type>coin legend</inscription-type>
      </transcription>
    </transcriptions>
    <monuments>
      <monument>
        <census-id>10191798</census-id>
        <label>Dupondius of Vitellius (Head of Vitellius / Concordia, RIC 162) (owner: J. Strada)</label>
      </monument>
    </monuments>
  </document>
  <document>
    <census-id>10191881</census-id>
    <name>fol. 194 r</name>
    <transcriptions>
      <transcription>
        <inscription>CONCORDIA AVGVSTI S-C</inscription>
        <inscription-type>coin legend</inscription-type>
      </transcription>
    </transcriptions>
    <monuments>
      <monument>
        <census-id>10191798</census-id>
        <label>Dupondius of Vitellius (Head of Vitellius / Concordia, RIC 162) (owner: J. Strada)</label>
      </monument>
    </monuments>
  </document>
  <document>
    <census-id>10193549</census-id>
    <name>fol. 195 r</name>
    <transcriptions>
      <transcription>
        <inscription>A VITELLIVS GERMAN IMP TR P</inscription>
        <inscription-type>coin legend</inscription-type>
      </transcription>
    </transcriptions>
    <monuments>
      <monument>
        <census-id>10060624</census-id>
        <label>Denarius of Vitellius (Head of Vitellius / Concordia, RIC 73)</label>
      </monument>
    </monuments>
  </document>
  <document>
    <census-id>10190988</census-id>
    <name>fol. 197 r</name>
    <transcriptions>
      <transcription>
        <inscription>A VITELLIVS GERMAN IMP TR P</inscription>
        <inscription-type>coin legend</inscription-type>
      </transcription>
    </transcriptions>
    <monuments>
      <monument>
        <census-id>10190979</census-id>
        <label>Denarius of Vitellius (Head of Vitellius / Tripod, RIC 86) (owner: P. Ramez)</label>
      </monument>
    </monuments>
  </document>
  <document>
    <census-id>10190991</census-id>
    <name>fol. 198 r</name>
    <transcriptions>
      <transcription>
        <inscription>XV VIR SACR FAC</inscription>
        <inscription-type>coin legend</inscription-type>
      </transcription>
    </transcriptions>
    <monuments>
      <monument>
        <census-id>10190979</census-id>
        <label>Denarius of Vitellius (Head of Vitellius / Tripod, RIC 86) (owner: P. Ramez)</label>
      </monument>
      <monument>
        <census-id>10192537</census-id>
        <label>Denarius of Vitellius (Head of Vitellius / Tripod with Dolphin and Raven, RIC 109) (owner: A. Agust&#237;n)</label>
      </monument>
    </monuments>
  </document>
  <document>
    <census-id>10192566</census-id>
    <name>fol. 199 r</name>
    <transcriptions>
      <transcription>
        <inscription>A VITELLIVS GERMANICVS IMP AVG TR P</inscription>
        <inscription-type>coin legend</inscription-type>
      </transcription>
    </transcriptions>
    <monuments>
      <monument>
        <census-id>10192556</census-id>
        <label>Denarius of Vitellius (Head of Vitellius / Son and Daughter, RIC 103) (owner: A. Agust&#237;n)</label>
      </monument>
    </monuments>
  </document>
  <document>
    <census-id>10192569</census-id>
    <name>fol. 200 r</name>
    <transcriptions>
      <transcription>
        <inscription>LIBERI IMP GERMAN AVG</inscription>
        <inscription-type>coin legend</inscription-type>
      </transcription>
    </transcriptions>
    <monuments>
      <monument>
        <census-id>10192556</census-id>
        <label>Denarius of Vitellius (Head of Vitellius / Son and Daughter, RIC 103) (owner: A. Agust&#237;n)</label>
      </monument>
    </monuments>
  </document>
  <document>
    <census-id>10191571</census-id>
    <name>fol. 201 r</name>
    <transcriptions>
      <transcription>
        <inscription>A VITELLIVS GERMANICVS IMP AVG TR P</inscription>
        <inscription-type>coin legend</inscription-type>
      </transcription>
    </transcriptions>
    <monuments>
      <monument>
        <census-id>10191562</census-id>
        <label>Sestertius of Vitellius (Laureate Head of Vitellius / VIctory, RIC 123) (owner: P. Ramez)</label>
      </monument>
    </monuments>
  </document>
  <document>
    <census-id>10191574</census-id>
    <name>fol. 202 r</name>
    <transcriptions>
      <transcription>
        <inscription>S C AEQVITAS AVGVSTI</inscription>
        <inscription-type>coin legend</inscription-type>
      </transcription>
    </transcriptions>
    <monuments>
      <monument>
        <census-id>10191562</census-id>
        <label>Sestertius of Vitellius (Laureate Head of Vitellius / VIctory, RIC 123) (owner: P. Ramez)</label>
      </monument>
    </monuments>
  </document>
  <document>
    <census-id>10192421</census-id>
    <name>fol. 204 r</name>
    <transcriptions>
      <transcription>
        <inscription>I O MAX OPTIM</inscription>
        <inscription-type>coin legend</inscription-type>
      </transcription>
    </transcriptions>
    <monuments>
      <monument>
        <census-id>10192413</census-id>
        <label>Denarius of Vitellius (Head of Vitellius / Jupiter Seated in Distyle Temple, RIC 56) (owner: J. Fugger) </label>
      </monument>
    </monuments>
  </document>
  <document>
    <census-id>10187175</census-id>
    <name>fol. 205 r</name>
    <transcriptions>
      <transcription>
        <inscription>A VITELLIVS GERMANICVS IMP AVG P M TR P</inscription>
        <inscription-type>coin legend</inscription-type>
      </transcription>
    </transcriptions>
    <monuments>
      <monument>
        <census-id>10187162</census-id>
        <label>Sestertius of Vitellius (Laureate Head of Vitellius / VIctory, RIC 123) (owner: A. Maffei) </label>
      </monument>
    </monuments>
  </document>
  <document>
    <census-id>10187178</census-id>
    <name>fol. 206 r</name>
    <transcriptions>
      <transcription>
        <inscription>VICT AVG&#13;
VICTORIA AVGVSTI &#13;
</inscription>
        <inscription-type>coin legend</inscription-type>
      </transcription>
    </transcriptions>
    <monuments>
      <monument>
        <census-id>10187162</census-id>
        <label>Sestertius of Vitellius (Laureate Head of Vitellius / VIctory, RIC 123) (owner: A. Maffei) </label>
      </monument>
    </monuments>
  </document>
  <document>
    <census-id>10193516</census-id>
    <name>fol. 207 r</name>
    <transcriptions>
      <transcription>
        <inscription>A VITELLIVS GERM IMP AVG TR P</inscription>
        <inscription-type>coin legend</inscription-type>
      </transcription>
    </transcriptions>
    <monuments>
      <monument>
        <census-id>10060641</census-id>
        <label>Aureus of Vitellius / Tripod (RIC 85)</label>
      </monument>
    </monuments>
  </document>
  <document>
    <census-id>10193519</census-id>
    <name>fol. 208 r</name>
    <transcriptions>
      <transcription>
        <inscription>XV VIR SACR FAC</inscription>
        <inscription-type>coin legend</inscription-type>
      </transcription>
    </transcriptions>
    <monuments>
      <monument>
        <census-id>10060641</census-id>
        <label>Aureus of Vitellius / Tripod (RIC 85)</label>
      </monument>
    </monuments>
  </document>
  <document>
    <census-id>10186168</census-id>
    <name>fol. 209 r</name>
    <transcriptions>
      <transcription>
        <inscription>A VITELLIVS GERMAN IMP AVG P M TR P</inscription>
        <inscription-type>coin legend</inscription-type>
      </transcription>
    </transcriptions>
    <monuments>
      <monument>
        <census-id>10187360</census-id>
        <label>Dupondius of Vitellius (Laureate Bust of Vitellius / Concordia, RIC 161) (owner: P. Ramez)</label>
      </monument>
    </monuments>
  </document>
  <document>
    <census-id>10191590</census-id>
    <name>fol. 210 r</name>
    <transcriptions>
      <transcription>
        <inscription>VICTORIA AVGVSTI</inscription>
        <inscription-type>coin legend</inscription-type>
      </transcription>
    </transcriptions>
    <monuments>
      <monument>
        <census-id>10191577</census-id>
        <label>Denarius of Vitellius (Head of Vitellius / Victory, RIC 112) (owner: P. Ramez)</label>
      </monument>
    </monuments>
  </document>
  <document>
    <census-id>10193523</census-id>
    <name>fol. 210 r</name>
    <transcriptions>
      <transcription>
        <inscription>VICTORIA AVGVSTI</inscription>
        <inscription-type>coin legend</inscription-type>
      </transcription>
    </transcriptions>
    <monuments>
      <monument>
        <census-id>10057093</census-id>
        <label>Denarius of Vitellius / Victory (RIC 112)</label>
      </monument>
    </monuments>
  </document>
  <document>
    <census-id>10191587</census-id>
    <name>fol. 213 r</name>
    <transcriptions>
      <transcription>
        <inscription>A VITELLIVS GERMANICVS IMP AVG TR P</inscription>
        <inscription-type>coin legend</inscription-type>
      </transcription>
    </transcriptions>
    <monuments>
      <monument>
        <census-id>10191597</census-id>
        <label>Sestertius of Vitellius (Head of Vitellius / Pax holding Branch and Cornucopia, RIC 117) (owner: J. Strada)</label>
      </monument>
    </monuments>
  </document>
  <document>
    <census-id>10191785</census-id>
    <name>fol. 214 r</name>
    <transcriptions>
      <transcription>
        <inscription>PAX AVGVST</inscription>
        <inscription-type>coin legend</inscription-type>
      </transcription>
    </transcriptions>
    <monuments>
      <monument>
        <census-id>10191597</census-id>
        <label>Sestertius of Vitellius (Head of Vitellius / Pax holding Branch and Cornucopia, RIC 117) (owner: J. Strada)</label>
      </monument>
    </monuments>
  </document>
  <document>
    <census-id>10193531</census-id>
    <name>fol. 215 r</name>
    <transcriptions>
      <transcription>
        <inscription>A VITELLIVS GERMAN IMP TR P</inscription>
        <inscription-type>coin legend</inscription-type>
      </transcription>
    </transcriptions>
    <monuments>
      <monument>
        <census-id>10060624</census-id>
        <label>Denarius of Vitellius (Head of Vitellius / Concordia, RIC 73)</label>
      </monument>
    </monuments>
  </document>
  <document>
    <census-id>10193534</census-id>
    <name>fol. 216 r</name>
    <transcriptions>
      <transcription>
        <inscription>CONCORDIA PR</inscription>
        <inscription-type>coin legend</inscription-type>
      </transcription>
    </transcriptions>
    <monuments>
      <monument>
        <census-id>10060624</census-id>
        <label>Denarius of Vitellius (Head of Vitellius / Concordia, RIC 73)</label>
      </monument>
    </monuments>
  </document>
  <document>
    <census-id>10191483</census-id>
    <name>fol. 217 r</name>
    <transcriptions>
      <transcription>
        <inscription>A VITELLIVS GERMAN IMP TR P V. &#13;
</inscription>
        <inscription-type>coin legend</inscription-type>
      </transcription>
    </transcriptions>
    <monuments>
      <monument>
        <census-id>10191472</census-id>
        <label>Denarius of Vitellius (Head of Vitellius / Oak-Wreath, RIC 83) (owner: P. Ramez) I</label>
      </monument>
      <monument>
        <census-id>10192576</census-id>
        <label>Denarius of Vitellius (Head of Vitellius / Oak Wreath, RIC 83) (owner: P. Ramez) II</label>
      </monument>
    </monuments>
  </document>
  <document>
    <census-id>10191486</census-id>
    <name>fol. 218 r</name>
    <transcriptions>
      <transcription>
        <inscription>S P Q R OB C S</inscription>
        <inscription-type>coin legend</inscription-type>
      </transcription>
    </transcriptions>
    <monuments>
      <monument>
        <census-id>10191472</census-id>
        <label>Denarius of Vitellius (Head of Vitellius / Oak-Wreath, RIC 83) (owner: P. Ramez) I</label>
      </monument>
      <monument>
        <census-id>10192576</census-id>
        <label>Denarius of Vitellius (Head of Vitellius / Oak Wreath, RIC 83) (owner: P. Ramez) II</label>
      </monument>
    </monuments>
  </document>
  <document>
    <census-id>10187190</census-id>
    <name>fol. 219 r</name>
    <transcriptions>
      <transcription>
        <inscription>A VITELLIVS GERM IMP AVG TR P</inscription>
        <inscription-type>coin legend</inscription-type>
      </transcription>
    </transcriptions>
    <monuments>
      <monument>
        <census-id>10187181</census-id>
        <label>Denarius of Vitellius (Laureate Head of Vitellius / Libertas, RIC 105) (owner: G. Romano)</label>
      </monument>
      <monument>
        <census-id>10192525</census-id>
        <label>Denarius of Vitellius (Laureate Head of Vitellius / Libertas, RIC 105) (owner: A. Maffei) </label>
      </monument>
    </monuments>
  </document>
  <document>
    <census-id>10187193</census-id>
    <name>fol. 220 r</name>
    <transcriptions>
      <transcription>
        <inscription>LIBERTAS RESTITVTA</inscription>
        <inscription-type>coin legend</inscription-type>
      </transcription>
    </transcriptions>
    <monuments>
      <monument>
        <census-id>10187181</census-id>
        <label>Denarius of Vitellius (Laureate Head of Vitellius / Libertas, RIC 105) (owner: G. Romano)</label>
      </monument>
      <monument>
        <census-id>10192525</census-id>
        <label>Denarius of Vitellius (Laureate Head of Vitellius / Libertas, RIC 105) (owner: A. Maffei) </label>
      </monument>
    </monuments>
  </document>
  <document>
    <census-id>10192699</census-id>
    <name>fol. 221 r</name>
    <transcriptions>
      <transcription>
        <inscription>A VITELLIVS GERMAN IMP PM TR P</inscription>
        <inscription-type>coin legend</inscription-type>
      </transcription>
    </transcriptions>
    <monuments>
      <monument>
        <census-id>10192665</census-id>
        <label>Aureus of Vitellius (Head of Vitellius / Clementia, RIC 1) (owner: P. Ramez)</label>
      </monument>
    </monuments>
  </document>
  <document>
    <census-id>10192702</census-id>
    <name>fol. 222 r</name>
    <transcriptions>
      <transcription>
        <inscription>CLEMENTIA IMP GERMAN</inscription>
        <inscription-type>coin legend</inscription-type>
      </transcription>
    </transcriptions>
    <monuments>
      <monument>
        <census-id>10192665</census-id>
        <label>Aureus of Vitellius (Head of Vitellius / Clementia, RIC 1) (owner: P. Ramez)</label>
      </monument>
    </monuments>
  </document>
  <document>
    <census-id>10193537</census-id>
    <name>fol. 223 r</name>
    <transcriptions>
      <transcription>
        <inscription>A VITELLIVS GERMA IMP AVG P M TR P</inscription>
        <inscription-type>coin legend</inscription-type>
      </transcription>
    </transcriptions>
    <monuments>
      <monument>
        <census-id>10056263</census-id>
        <label>As of Vitellius / Victory (RIC 176)</label>
      </monument>
      <monument>
        <census-id>10057918</census-id>
        <label>Dupondius of Vitellius / Securitas (RIC 175)</label>
      </monument>
    </monuments>
  </document>
  <document>
    <census-id>10186683</census-id>
    <name>fol. 224 r</name>
    <transcriptions>
      <transcription>
        <inscription>CONCORDIA AVG S C</inscription>
        <inscription-type>coin legend</inscription-type>
      </transcription>
    </transcriptions>
    <monuments>
      <monument>
        <census-id>10187360</census-id>
        <label>Dupondius of Vitellius (Laureate Bust of Vitellius / Concordia, RIC 161) (owner: P. Ramez)</label>
      </monument>
    </monuments>
  </document>
  <document>
    <census-id>10192611</census-id>
    <name>fol. 225 r</name>
    <transcriptions>
      <transcription>
        <inscription>A VITELLIVS GERMAN IMP TR P</inscription>
        <inscription-type>coin legend</inscription-type>
      </transcription>
    </transcriptions>
    <monuments>
      <monument>
        <census-id>10192601</census-id>
        <label>Denarius of Vitellius (Head of Vitellius / Concordia, RIC 73) (owner: A. Agust&#237;n / A. Maffei) </label>
      </monument>
    </monuments>
  </document>
  <document>
    <census-id>10192614</census-id>
    <name>fol. 226 r</name>
    <transcriptions>
      <transcription>
        <inscription>CONCORDIA P R</inscription>
        <inscription-type>coin legend</inscription-type>
      </transcription>
    </transcriptions>
    <monuments>
      <monument>
        <census-id>10192601</census-id>
        <label>Denarius of Vitellius (Head of Vitellius / Concordia, RIC 73) (owner: A. Agust&#237;n / A. Maffei) </label>
      </monument>
    </monuments>
  </document>
  <document>
    <census-id>10192594</census-id>
    <name>fol. 227 r</name>
    <transcriptions>
      <transcription>
        <inscription>A VITELLIVS GERMANICVS IMP AVG TR P</inscription>
        <inscription-type>coin legend</inscription-type>
      </transcription>
    </transcriptions>
    <monuments>
      <monument>
        <census-id>10192586</census-id>
        <label>Denarius of Vitellius (Head of Vitellius / Vesta, RIC 107) (owner: J. Fugger)</label>
      </monument>
    </monuments>
  </document>
  <document>
    <census-id>10192597</census-id>
    <name>fol. 228 r</name>
    <transcriptions>
      <transcription>
        <inscription>PONT MAXIM</inscription>
        <inscription-type>coin legend</inscription-type>
      </transcription>
    </transcriptions>
    <monuments>
      <monument>
        <census-id>10192586</census-id>
        <label>Denarius of Vitellius (Head of Vitellius / Vesta, RIC 107) (owner: J. Fugger)</label>
      </monument>
    </monuments>
  </document>
  <document>
    <census-id>10193718</census-id>
    <name>fol. 230 r</name>
    <transcriptions>
      <transcription>
        <inscription>LIBERTAS RESTITVTA</inscription>
        <inscription-type>coin legend</inscription-type>
      </transcription>
    </transcriptions>
    <monuments>
      <monument>
        <census-id>10193715</census-id>
        <label>As of Vitellius (Head of Vitellius / Libertas Restituta, RIC 43)</label>
      </monument>
    </monuments>
  </document>
  <document>
    <census-id>10201352</census-id>
    <name>fol. 231 r</name>
    <transcriptions>
      <transcription>
        <inscription>A VITELLIVS GERMANICUS IMP AVG P M TR P</inscription>
        <inscription-type>coin legend</inscription-type>
      </transcription>
    </transcriptions>
    <monuments>
      <monument>
        <census-id>10187200</census-id>
        <label>Sestertius of Vitellius (Laureate Head of Vitellius / Honos and Virtus, RIC 113) (owner: A. Agust&#237;n) </label>
      </monument>
    </monuments>
  </document>
  <document>
    <census-id>10187213</census-id>
    <name>fol. 232 r</name>
    <transcriptions>
      <transcription>
        <inscription>HONOS ET VIRTVS S C</inscription>
        <inscription-type>coin legend</inscription-type>
      </transcription>
    </transcriptions>
    <monuments>
      <monument>
        <census-id>10187200</census-id>
        <label>Sestertius of Vitellius (Laureate Head of Vitellius / Honos and Virtus, RIC 113) (owner: A. Agust&#237;n) </label>
      </monument>
    </monuments>
  </document>
  <document>
    <census-id>10187210</census-id>
    <name>fol. 233 r</name>
    <transcriptions>
      <transcription>
        <inscription>A VITELLIVS GERMANICVS IMP</inscription>
        <inscription-type>coin legend</inscription-type>
      </transcription>
    </transcriptions>
    <monuments>
      <monument>
        <census-id>10187216</census-id>
        <label>Denarius of Vitellius (Bare Head of Vitellius / Concordia, RIC 66) (owner: P. Ramez)</label>
      </monument>
      <monument>
        <census-id>10192765</census-id>
        <label>Denarius of Vitellius (Head of Vitellius / Fides exercituum, RIC 67) (owner: Anonymous Nobleman from Bern)</label>
      </monument>
    </monuments>
  </document>
  <document>
    <census-id>10187225</census-id>
    <name>fol. 234 r</name>
    <transcriptions>
      <transcription>
        <inscription>FIDES EXCERCITVVM</inscription>
        <inscription-type>coin legend</inscription-type>
      </transcription>
    </transcriptions>
    <monuments>
      <monument>
        <census-id>10187216</census-id>
        <label>Denarius of Vitellius (Bare Head of Vitellius / Concordia, RIC 66) (owner: P. Ramez)</label>
      </monument>
      <monument>
        <census-id>10192765</census-id>
        <label>Denarius of Vitellius (Head of Vitellius / Fides exercituum, RIC 67) (owner: Anonymous Nobleman from Bern)</label>
      </monument>
    </monuments>
  </document>
  <document>
    <census-id>10192652</census-id>
    <name>fol. 236 r</name>
    <transcriptions>
      <transcription>
        <inscription>CONSENSV EXERCITVM</inscription>
        <inscription-type>coin legend</inscription-type>
      </transcription>
    </transcriptions>
    <monuments>
      <monument>
        <census-id>10192634</census-id>
        <label>Aureus of Vitellius (Head of Vitellius / Mars Victor, RIC 22) (owner: French Nobleman from Geneve)</label>
      </monument>
    </monuments>
  </document>
  <document>
    <census-id>10191904</census-id>
    <name>fol. 237 r</name>
    <transcriptions>
      <transcription>
        <inscription>A VITELLIVS GERMA IMP AVG TR P</inscription>
        <inscription-type>coin legend</inscription-type>
      </transcription>
    </transcriptions>
    <monuments>
      <monument>
        <census-id>10191891</census-id>
        <label>As of Vitellius (Head of Vitellius / Altar, RIC 163) (owner: A. Agust&#237;n)</label>
      </monument>
    </monuments>
  </document>
  <document>
    <census-id>10191907</census-id>
    <name>fol. 238 r</name>
    <transcriptions>
      <transcription>
        <inscription>SC PROVIDENTIA </inscription>
        <inscription-type>coin legend</inscription-type>
      </transcription>
    </transcriptions>
    <monuments>
      <monument>
        <census-id>10191891</census-id>
        <label>As of Vitellius (Head of Vitellius / Altar, RIC 163) (owner: A. Agust&#237;n)</label>
      </monument>
    </monuments>
  </document>
</documents>
