<?xml version="1.0" encoding="utf-8"?>
<documents>
  <document>
    <census-id>10183836</census-id>
    <name>fol. 004 r</name>
    <transcriptions>
      <transcription>
        <inscription>NERO CLAVD CAESAR AVG GERM PONT MAX TR P P</inscription>
        <inscription-type>coin legend</inscription-type>
      </transcription>
    </transcriptions>
    <monuments>
      <monument>
        <census-id>10183962</census-id>
        <label>Sestertius of Nero / Congiarium (RIC 156) (owner: W. Imhoff)</label>
      </monument>
    </monuments>
  </document>
  <document>
    <census-id>10183839</census-id>
    <name>fol. 005 r</name>
    <transcriptions>
      <transcription>
        <inscription>CONG DAT POP</inscription>
        <inscription-type>coin legend</inscription-type>
      </transcription>
    </transcriptions>
    <monuments>
      <monument>
        <census-id>10183962</census-id>
        <label>Sestertius of Nero / Congiarium (RIC 156) (owner: W. Imhoff)</label>
      </monument>
    </monuments>
  </document>
  <document>
    <census-id>10186984</census-id>
    <name>fol. 006 r</name>
    <transcriptions>
      <transcription>
        <inscription>IMP NERO CAESAR AVG P M TR POT P P</inscription>
        <inscription-type>coin legend</inscription-type>
      </transcription>
    </transcriptions>
    <monuments>
      <monument>
        <census-id>10186965</census-id>
        <label>Sestertius of Nero / Roma (RIC 590) (owner: A. Agust&#237;n)</label>
      </monument>
    </monuments>
  </document>
  <document>
    <census-id>10186991</census-id>
    <name>fol. 007 r</name>
    <transcriptions>
      <transcription>
        <inscription>CONG II DAT POP</inscription>
        <inscription-type>coin legend</inscription-type>
      </transcription>
    </transcriptions>
    <monuments>
      <monument>
        <census-id>10186974</census-id>
        <label>Sestertius of Nero / Congiarium (RIC 156) (owner: A. Agost&#237;n)</label>
      </monument>
    </monuments>
  </document>
  <document>
    <census-id>10187470</census-id>
    <name>fol. 008 r</name>
    <transcriptions>
      <transcription>
        <inscription>NERO CLAVD CAESAR AVG GER P M TR P IMP P P</inscription>
        <inscription-type>coin legend</inscription-type>
      </transcription>
    </transcriptions>
    <monuments>
      <monument>
        <census-id>10062004</census-id>
        <label>Sestertius of Nero / Roma (RIC 273)</label>
      </monument>
    </monuments>
  </document>
  <document>
    <census-id>10187580</census-id>
    <name>fol. 012 r</name>
    <transcriptions>
      <transcription>
        <inscription>NERO CLAVD CAESAR</inscription>
        <inscription-type>coin legend</inscription-type>
      </transcription>
    </transcriptions>
    <monuments>
      <monument>
        <census-id>10187575</census-id>
        <label>Dupondius of Nero / Victory (RIC 411)</label>
      </monument>
    </monuments>
  </document>
  <document>
    <census-id>10187583</census-id>
    <name>fol. 013 r</name>
    <transcriptions>
      <transcription>
        <inscription>S C</inscription>
        <inscription-type>coin legend</inscription-type>
      </transcription>
    </transcriptions>
    <monuments>
      <monument>
        <census-id>10187575</census-id>
        <label>Dupondius of Nero / Victory (RIC 411)</label>
      </monument>
    </monuments>
  </document>
  <document>
    <census-id>10187879</census-id>
    <name>fol. 014 r</name>
    <transcriptions>
      <transcription>
        <inscription>IMP NERO CAES AVG P MAX</inscription>
        <inscription-type>coin legend</inscription-type>
      </transcription>
    </transcriptions>
    <monuments>
      <monument>
        <census-id>10187878</census-id>
        <label>Contorniate (Nero / Bull Rider, Alf&#246;ldi 206)</label>
      </monument>
    </monuments>
  </document>
  <document>
    <census-id>10187882</census-id>
    <name>fol. 015 r</name>
    <monuments>
      <monument>
        <census-id>10187878</census-id>
        <label>Contorniate (Nero / Bull Rider, Alf&#246;ldi 206)</label>
      </monument>
    </monuments>
  </document>
  <document>
    <census-id>10185464</census-id>
    <name>fol. 018 r</name>
    <transcriptions>
      <transcription>
        <inscription>NERO CAES AVG COSIIII IMP XIIII P P</inscription>
        <inscription-type>coin legend</inscription-type>
      </transcription>
    </transcriptions>
    <monuments>
      <monument>
        <census-id>10185458</census-id>
        <label>Copper coin of Ptolemais (Nero / Togatus, RPC I 4749) (owner: E. Vico)</label>
      </monument>
    </monuments>
  </document>
  <document>
    <census-id>10185467</census-id>
    <name>fol. 019 r</name>
    <transcriptions>
      <transcription>
        <inscription>COL CEST COL V</inscription>
        <inscription-type>coin legend</inscription-type>
      </transcription>
    </transcriptions>
    <monuments>
      <monument>
        <census-id>10185458</census-id>
        <label>Copper coin of Ptolemais (Nero / Togatus, RPC I 4749) (owner: E. Vico)</label>
      </monument>
    </monuments>
  </document>
  <document>
    <census-id>10186002</census-id>
    <name>fol. 022 r</name>
    <transcriptions>
      <transcription>
        <inscription>NERO CAESAR AVGVSTVS</inscription>
        <inscription-type>coin legend</inscription-type>
      </transcription>
    </transcriptions>
    <monuments>
      <monument>
        <census-id>10185992</census-id>
        <label>Aureus of Nero / Temple of Janus (RIC 58) (owner: H. Agninus)</label>
      </monument>
    </monuments>
  </document>
  <document>
    <census-id>10186005</census-id>
    <name>fol. 023 r</name>
    <transcriptions>
      <transcription>
        <inscription>IANVM CLVSIT PACE POP ROM TERRA MARIQ PARTA</inscription>
        <inscription-type>coin legend</inscription-type>
      </transcription>
    </transcriptions>
    <monuments>
      <monument>
        <census-id>10185992</census-id>
        <label>Aureus of Nero / Temple of Janus (RIC 58) (owner: H. Agninus)</label>
      </monument>
    </monuments>
  </document>
  <document>
    <census-id>10187002</census-id>
    <name>fol. 025 r</name>
    <transcriptions>
      <transcription>
        <inscription>ADVENTUS AVGVST</inscription>
        <inscription-type>coin legend</inscription-type>
      </transcription>
      <transcription>
        <inscription>C P</inscription>
        <inscription-type>coin legend</inscription-type>
      </transcription>
    </transcriptions>
    <monuments>
      <monument>
        <census-id>10186996</census-id>
        <label>As of Patras (Nero / Galley, RPC I 1622) (owner: P. Ramez)</label>
      </monument>
    </monuments>
  </document>
  <document>
    <census-id>10187040</census-id>
    <name>fol. 028 r</name>
    <transcriptions>
      <transcription>
        <inscription>GENIVS P R</inscription>
        <inscription-type>coin legend</inscription-type>
      </transcription>
    </transcriptions>
    <monuments>
      <monument>
        <census-id>10187034</census-id>
        <label>Denarius of Civil Wars (Genius / Mars, RIC II 16) (owner A. Agost&#237;n)</label>
      </monument>
    </monuments>
  </document>
  <document>
    <census-id>10183794</census-id>
    <name>fol. 030 r</name>
    <transcriptions>
      <transcription>
        <inscription>IMP NERO CLAVD CAES AVG GERM IMP P P</inscription>
        <inscription-type>coin legend</inscription-type>
      </transcription>
    </transcriptions>
    <monuments>
      <monument>
        <census-id>10183856</census-id>
        <label>Sestertius of Nero / Portus Romae (RIC 179) (owner: J. Strada)</label>
      </monument>
    </monuments>
  </document>
  <document>
    <census-id>10183797</census-id>
    <name>fol. 031 r</name>
    <transcriptions>
      <transcription>
        <inscription>AVGUSTI S POR OST C</inscription>
        <inscription-type>coin legend</inscription-type>
      </transcription>
    </transcriptions>
    <monuments>
      <monument>
        <census-id>10183856</census-id>
        <label>Sestertius of Nero / Portus Romae (RIC 179) (owner: J. Strada)</label>
      </monument>
    </monuments>
  </document>
  <document>
    <census-id>10187286</census-id>
    <name>fol. 032 r</name>
    <transcriptions>
      <transcription>
        <inscription>NERO CAESAR AVG GERM IMP</inscription>
        <inscription-type>coin legend</inscription-type>
      </transcription>
    </transcriptions>
    <monuments>
      <monument>
        <census-id>10187274</census-id>
        <label>Contorniate (Nero / Nero armatus, Alf&#246;ldi 191) (owner: S. Erizzo)</label>
      </monument>
    </monuments>
  </document>
  <document>
    <census-id>10187404</census-id>
    <name>fol. 033 r</name>
    <monuments>
      <monument>
        <census-id>10187398</census-id>
        <label>Contorniate (Nero / Nero as Victor, Alf&#246;ldi 190) (owner: A. Agust&#237;n)</label>
      </monument>
    </monuments>
  </document>
  <document>
    <census-id>10187438</census-id>
    <name>fol. 035 r</name>
    <monuments>
      <monument>
        <census-id>10187435</census-id>
        <label>Contorniate (Nero / Nero in Battle, Alf&#246;ldi 173) (owner: G. Grimani)</label>
      </monument>
    </monuments>
  </document>
  <document>
    <census-id>10187483</census-id>
    <name>fol. 038 r</name>
    <transcriptions>
      <transcription>
        <inscription>NERO CLAVD CAESAR AVG GER P M TR P IMP P P</inscription>
        <inscription-type>coin legend</inscription-type>
      </transcription>
    </transcriptions>
    <monuments>
      <monument>
        <census-id>10053265</census-id>
        <label>Dupondius of Nero / Macellum (RIC 184)</label>
      </monument>
    </monuments>
  </document>
  <document>
    <census-id>10184085</census-id>
    <name>fol. 039 r</name>
    <transcriptions>
      <transcription>
        <inscription>IVPITER CVSTOS</inscription>
        <inscription-type>coin legend</inscription-type>
      </transcription>
    </transcriptions>
    <monuments>
      <monument>
        <census-id>10184078</census-id>
        <label>Denarius of Nero / Jupiter Custos (RIC 53) (owner: A. Agust&#237;n)</label>
      </monument>
      <monument>
        <census-id>10185865</census-id>
        <label>Aureus of Nero / Jupiter Custos (RIC 52) (owner: A. Maffei)</label>
      </monument>
    </monuments>
  </document>
  <document>
    <census-id>10184880</census-id>
    <name>fol. 040 r</name>
    <transcriptions>
      <transcription>
        <inscription>NERO CAESAR AVG IMP</inscription>
        <inscription-type>coin legend</inscription-type>
      </transcription>
    </transcriptions>
    <monuments>
      <monument>
        <census-id>10184874</census-id>
        <label>Denarius of Nero / Oak Wreath (RIC 9) (owner: A. Agust&#237;n)</label>
      </monument>
    </monuments>
  </document>
  <document>
    <census-id>10184883</census-id>
    <name>fol. 041 r</name>
    <transcriptions>
      <transcription>
        <inscription>PONTIF MAX TR P II P P</inscription>
        <inscription-type>coin legend</inscription-type>
      </transcription>
      <transcription>
        <inscription>EX SC</inscription>
        <inscription-type>coin legend</inscription-type>
      </transcription>
    </transcriptions>
    <monuments>
      <monument>
        <census-id>10184874</census-id>
        <label>Denarius of Nero / Oak Wreath (RIC 9) (owner: A. Agust&#237;n)</label>
      </monument>
      <monument>
        <census-id>10187460</census-id>
        <label>Aureus of Nero / Oak-Wreath (RIC 8) (owner: F. Laurencin)</label>
      </monument>
    </monuments>
  </document>
  <document>
    <census-id>10184363</census-id>
    <name>fol. 042 r</name>
    <transcriptions>
      <transcription>
        <inscription>IMP NERO CLAVD CAESAR AVG GERM P M TR P XIII P P</inscription>
        <inscription-type>coin legend</inscription-type>
      </transcription>
    </transcriptions>
    <monuments>
      <monument>
        <census-id>10184357</census-id>
        <label>Sestertius of Nero / Roma (RIC 361) (owner: J. Strada)</label>
      </monument>
    </monuments>
  </document>
  <document>
    <census-id>10184308</census-id>
    <name>fol. 043 r</name>
    <transcriptions>
      <transcription>
        <inscription>ROMA S C</inscription>
        <inscription-type>coin legend</inscription-type>
      </transcription>
    </transcriptions>
    <monuments>
      <monument>
        <census-id>10184326</census-id>
        <label>Sestertius of Nero / Roma (RIC 280) (owner: J. Strada)</label>
      </monument>
      <monument>
        <census-id>10184357</census-id>
        <label>Sestertius of Nero / Roma (RIC 361) (owner: J. Strada)</label>
      </monument>
    </monuments>
  </document>
  <document>
    <census-id>10187306</census-id>
    <name>fol. 044 r</name>
    <transcriptions>
      <transcription>
        <inscription>PE (?)</inscription>
        <inscription-type>coin legend</inscription-type>
      </transcription>
      <transcription>
        <inscription>NERO CLAVDIVS CAESAR AVG GER P M TR P IMP P P</inscription>
        <inscription-type>coin legend</inscription-type>
      </transcription>
    </transcriptions>
    <monuments>
      <monument>
        <census-id>10187298</census-id>
        <label>Contorniate (Nero / Nero in Battle, Alf&#246;ldi 173) (owner: A. Agust&#237;n)</label>
      </monument>
    </monuments>
  </document>
  <document>
    <census-id>10187310</census-id>
    <name>fol. 045 r</name>
    <monuments>
      <monument>
        <census-id>10187298</census-id>
        <label>Contorniate (Nero / Nero in Battle, Alf&#246;ldi 173) (owner: A. Agust&#237;n)</label>
      </monument>
    </monuments>
  </document>
  <document>
    <census-id>10186932</census-id>
    <name>fol. 046 r</name>
    <transcriptions>
      <transcription>
        <inscription>NERO CAES AVG IMP</inscription>
        <inscription-type>coin legend</inscription-type>
      </transcription>
    </transcriptions>
    <monuments>
      <monument>
        <census-id>10186922</census-id>
        <label>Denarius of Nero / Virtus (RIC Nero 41) (owner: P. Ramez)</label>
      </monument>
    </monuments>
  </document>
  <document>
    <census-id>10187425</census-id>
    <name>fol. 049 r</name>
    <monuments>
      <monument>
        <census-id>10185508</census-id>
        <label>Contorniate (Nero / Barbarians, Alf&#246;ldi 199) (owner: A. Paloso)</label>
      </monument>
    </monuments>
  </document>
  <document>
    <census-id>10187290</census-id>
    <name>fol. 051 r</name>
    <monuments>
      <monument>
        <census-id>10187274</census-id>
        <label>Contorniate (Nero / Nero armatus, Alf&#246;ldi 191) (owner: S. Erizzo)</label>
      </monument>
    </monuments>
  </document>
  <document>
    <census-id>10185517</census-id>
    <name>fol. 052 r</name>
    <transcriptions>
      <transcription>
        <inscription>IMP NERO CAES AR AVG P MAX</inscription>
        <inscription-type>coin legend</inscription-type>
      </transcription>
      <transcription>
        <inscription>P [?]</inscription>
        <inscription-type>coin legend</inscription-type>
      </transcription>
    </transcriptions>
    <monuments>
      <monument>
        <census-id>10185508</census-id>
        <label>Contorniate (Nero / Barbarians, Alf&#246;ldi 199) (owner: A. Paloso)</label>
      </monument>
      <monument>
        <census-id>10185514</census-id>
        <label>Semis of Nero / Roma (RIC 558) (owner: G. Grimani)</label>
      </monument>
      <monument>
        <census-id>10187441</census-id>
        <label>Contorniate (Nero / Jason, Alf&#246;ldi 158) (owner: O. Petrucci)</label>
      </monument>
    </monuments>
  </document>
  <document>
    <census-id>10187447</census-id>
    <name>fol. 053 r</name>
    <monuments>
      <monument>
        <census-id>10187441</census-id>
        <label>Contorniate (Nero / Jason, Alf&#246;ldi 158) (owner: O. Petrucci)</label>
      </monument>
    </monuments>
  </document>
  <document>
    <census-id>10187137</census-id>
    <name>fol. 055 r</name>
    <monuments>
      <monument>
        <census-id>10187127</census-id>
        <label>Denarius of Nero / Military Signs (RIC 68) (owner: A. Agust&#237;n)</label>
      </monument>
    </monuments>
  </document>
  <document>
    <census-id>10186893</census-id>
    <name>fol. 056 r</name>
    <transcriptions>
      <transcription>
        <inscription>NERO CLAVD DIVS CAES AVG GERM P M TR P IMP P P</inscription>
        <inscription-type>coin legend</inscription-type>
      </transcription>
    </transcriptions>
    <monuments>
      <monument>
        <census-id>10186309</census-id>
        <label>Bronze Coin of Buthrotum (Nero / Bridge, RPC I 1405) (owner: G. Calestano)</label>
      </monument>
    </monuments>
  </document>
  <document>
    <census-id>10186896</census-id>
    <name>fol. 057 r</name>
    <transcriptions>
      <transcription>
        <inscription>COL&#13;
EX CONSENS</inscription>
        <inscription-type>coin legend</inscription-type>
      </transcription>
    </transcriptions>
    <monuments>
      <monument>
        <census-id>10186309</census-id>
        <label>Bronze Coin of Buthrotum (Nero / Bridge, RPC I 1405) (owner: G. Calestano)</label>
      </monument>
    </monuments>
  </document>
  <document>
    <census-id>10187598</census-id>
    <name>fol. 059 r</name>
    <transcriptions>
      <transcription>
        <inscription>TR PON S P P</inscription>
        <inscription-type>coin legend</inscription-type>
      </transcription>
    </transcriptions>
    <monuments>
      <monument>
        <census-id>10187587</census-id>
        <label>Semis of Nero / Roma (RIC 424)</label>
      </monument>
    </monuments>
  </document>
  <document>
    <census-id>10187486</census-id>
    <name>fol. 062 r</name>
    <transcriptions>
      <transcription>
        <inscription>NERO CAESAR</inscription>
        <inscription-type>coin legend</inscription-type>
      </transcription>
    </transcriptions>
    <monuments>
      <monument>
        <census-id>10044991</census-id>
        <label>Denarius of Nero / Nero (RIC 47)</label>
      </monument>
    </monuments>
  </document>
  <document>
    <census-id>10185521</census-id>
    <name>fol. 064 r</name>
    <transcriptions>
      <transcription>
        <inscription>P [?]</inscription>
        <inscription-type>coin legend</inscription-type>
      </transcription>
      <transcription>
        <inscription>IMP NERO CAESAR AVG P MAX</inscription>
        <inscription-type>coin legend</inscription-type>
      </transcription>
    </transcriptions>
    <monuments>
      <monument>
        <census-id>10185511</census-id>
        <label>Contorniate (Nero / Quadriga, Alf&#246;ldi 218) (owner: G. Calestano)</label>
      </monument>
    </monuments>
  </document>
  <document>
    <census-id>10187421</census-id>
    <name>fol. 065 r</name>
    <transcriptions>
      <transcription>
        <inscription>MAXIMVS M DVS</inscription>
        <inscription-type>coin legend</inscription-type>
      </transcription>
    </transcriptions>
    <monuments>
      <monument>
        <census-id>10185511</census-id>
        <label>Contorniate (Nero / Quadriga, Alf&#246;ldi 218) (owner: G. Calestano)</label>
      </monument>
    </monuments>
  </document>
  <document>
    <census-id>10184097</census-id>
    <name>fol. 066 r</name>
    <transcriptions>
      <transcription>
        <inscription>NERO CAESAR AVGVSTVS</inscription>
        <inscription-type>coin legend</inscription-type>
      </transcription>
    </transcriptions>
    <monuments>
      <monument>
        <census-id>10184094</census-id>
        <label>Aureus of Nero / Roma (RIC 54) (owner: A. Maffei)</label>
      </monument>
      <monument>
        <census-id>10184742</census-id>
        <label>Sestertius of Nero / Roma (RIC 272) (owner: A. Agust&#237;n)</label>
      </monument>
    </monuments>
  </document>
  <document>
    <census-id>10184100</census-id>
    <name>fol. 067 r</name>
    <transcriptions>
      <transcription>
        <inscription>ROMA</inscription>
        <inscription-type>coin legend</inscription-type>
      </transcription>
    </transcriptions>
    <monuments>
      <monument>
        <census-id>10184094</census-id>
        <label>Aureus of Nero / Roma (RIC 54) (owner: A. Maffei)</label>
      </monument>
      <monument>
        <census-id>10184742</census-id>
        <label>Sestertius of Nero / Roma (RIC 272) (owner: A. Agust&#237;n)</label>
      </monument>
    </monuments>
  </document>
  <document>
    <census-id>10187607</census-id>
    <name>fol. 068 r</name>
    <transcriptions>
      <transcription>
        <inscription>NERO CLAVD CAE AVG GER</inscription>
        <inscription-type>coin legend</inscription-type>
      </transcription>
    </transcriptions>
    <monuments>
      <monument>
        <census-id>10187602</census-id>
        <label>Quadrans of Nero (Owl / Helmet on Column, RIC 321)</label>
      </monument>
    </monuments>
  </document>
  <document>
    <census-id>10187023</census-id>
    <name>fol. 069 r</name>
    <transcriptions>
      <transcription>
        <inscription>P M TR P IMP P P</inscription>
        <inscription-type>coin legend</inscription-type>
      </transcription>
    </transcriptions>
    <monuments>
      <monument>
        <census-id>10187012</census-id>
        <label>As of Nero (Column / Branch, RIC 126) (owner: J. Strada)</label>
      </monument>
    </monuments>
  </document>
  <document>
    <census-id>10187489</census-id>
    <name>fol. 071 r</name>
    <transcriptions>
      <transcription>
        <inscription>IVPITER CVSTOS S C</inscription>
        <inscription-type>coin legend</inscription-type>
      </transcription>
    </transcriptions>
    <monuments>
      <monument>
        <census-id>10045061</census-id>
        <label>Aureus of Nero / Jupiter Custos (RIC 52)</label>
      </monument>
    </monuments>
  </document>
  <document>
    <census-id>10184041</census-id>
    <name>fol. 074 r</name>
    <transcriptions>
      <transcription>
        <inscription>CAESAR AVGVSTVS</inscription>
        <inscription-type>coin legend</inscription-type>
      </transcription>
    </transcriptions>
    <monuments>
      <monument>
        <census-id>10184031</census-id>
        <label>Denarius of Nero / Salus (RIC 60) (owner: A. Agust&#237;n)</label>
      </monument>
      <monument>
        <census-id>10184034</census-id>
        <label>Denarius of Nero / Salus (RIC 60) (owner: A. Maffei)</label>
      </monument>
    </monuments>
  </document>
  <document>
    <census-id>10184044</census-id>
    <name>fol. 075 r</name>
    <transcriptions>
      <transcription>
        <inscription>SALVS</inscription>
        <inscription-type>coin legend</inscription-type>
      </transcription>
    </transcriptions>
    <monuments>
      <monument>
        <census-id>10184031</census-id>
        <label>Denarius of Nero / Salus (RIC 60) (owner: A. Agust&#237;n)</label>
      </monument>
      <monument>
        <census-id>10184034</census-id>
        <label>Denarius of Nero / Salus (RIC 60) (owner: A. Maffei)</label>
      </monument>
    </monuments>
  </document>
  <document>
    <census-id>10184320</census-id>
    <name>fol. 076 r</name>
    <transcriptions>
      <transcription>
        <inscription>NERO CLAVDIVS CAESAR AVG GERM P M TR P IMP P P</inscription>
        <inscription-type>coin legend</inscription-type>
      </transcription>
    </transcriptions>
    <monuments>
      <monument>
        <census-id>10184302</census-id>
        <label>Sestertius of Nero / Nero mounted (RIC 171) (owner: A. Agust&#237;n)</label>
      </monument>
      <monument>
        <census-id>10201314</census-id>
        <label>Sestertius of Nero / Nero mounted (RIC 171) (owner: J. Strada)</label>
      </monument>
    </monuments>
  </document>
  <document>
    <census-id>10201307</census-id>
    <name>fol. 077 r</name>
    <transcriptions>
      <transcription>
        <inscription>DECVRSIO</inscription>
        <inscription-type>coin legend</inscription-type>
      </transcription>
    </transcriptions>
    <monuments>
      <monument>
        <census-id>10184302</census-id>
        <label>Sestertius of Nero / Nero mounted (RIC 171) (owner: A. Agust&#237;n)</label>
      </monument>
      <monument>
        <census-id>10201314</census-id>
        <label>Sestertius of Nero / Nero mounted (RIC 171) (owner: J. Strada)</label>
      </monument>
    </monuments>
  </document>
  <document>
    <census-id>10187613</census-id>
    <name>fol. 078 r</name>
    <transcriptions>
      <transcription>
        <inscription>NERO CLAVDIVS CAESAR AVG GERM P M TR P IMP P P</inscription>
        <inscription-type>coin legend</inscription-type>
      </transcription>
    </transcriptions>
    <monuments>
      <monument>
        <census-id>10187611</census-id>
        <label>Semis of Nero / Decorated Table (RIC 92)</label>
      </monument>
    </monuments>
  </document>
  <document>
    <census-id>10184479</census-id>
    <name>fol. 079 r</name>
    <transcriptions>
      <transcription>
        <inscription>S C</inscription>
        <inscription-type>coin legend</inscription-type>
      </transcription>
      <transcription>
        <inscription>VICTORIA AVGVSTI</inscription>
        <inscription-type>coin legend</inscription-type>
      </transcription>
    </transcriptions>
    <monuments>
      <monument>
        <census-id>10184367</census-id>
        <label>Dupondius of Nero / Victory (RIC 412) (owner: A. Agust&#237;n)</label>
      </monument>
      <monument>
        <census-id>10184476</census-id>
        <label>Dupondius of Nero / Victory (RIC 412) (owner: J. Strada)</label>
      </monument>
    </monuments>
  </document>
  <document>
    <census-id>10187617</census-id>
    <name>fol. 080 r</name>
    <transcriptions>
      <transcription>
        <inscription>NERO CLAVDIVS CAESAR AVG GERM P M TR P IMP P P</inscription>
        <inscription-type>coin legend</inscription-type>
      </transcription>
    </transcriptions>
    <monuments>
      <monument>
        <census-id>10187611</census-id>
        <label>Semis of Nero / Decorated Table (RIC 92)</label>
      </monument>
    </monuments>
  </document>
  <document>
    <census-id>10184323</census-id>
    <name>fol. 081 r</name>
    <transcriptions>
      <transcription>
        <inscription>S C</inscription>
        <inscription-type>coin legend</inscription-type>
      </transcription>
    </transcriptions>
    <monuments>
      <monument>
        <census-id>10184341</census-id>
        <label>As of Nero / Victory (RIC 540) (owner: A. Agust&#237;n)</label>
      </monument>
      <monument>
        <census-id>10184348</census-id>
        <label>As of Nero / Victory (RIC 313) (owner: A. Agust&#237;n)</label>
      </monument>
    </monuments>
  </document>
  <document>
    <census-id>10184022</census-id>
    <name>fol. 084 r</name>
    <transcriptions>
      <transcription>
        <inscription>NERO CLAVD CAESAR AVG GERMANI</inscription>
        <inscription-type>coin legend</inscription-type>
      </transcription>
    </transcriptions>
    <monuments>
      <monument>
        <census-id>10184003</census-id>
        <label>As of Nero / Apollo Citharoedus (RIC 380) (owner: A. Agust&#237;n)</label>
      </monument>
      <monument>
        <census-id>10184010</census-id>
        <label>As of Nero / Apollo Citharoedus (RIC 380) (owner: J. Strada)</label>
      </monument>
    </monuments>
  </document>
  <document>
    <census-id>10184018</census-id>
    <name>fol. 085 r</name>
    <transcriptions>
      <transcription>
        <inscription>PONTIF MAX TR POT IMP P P</inscription>
        <inscription-type>coin legend</inscription-type>
      </transcription>
      <transcription>
        <inscription>S C</inscription>
        <inscription-type>coin legend</inscription-type>
      </transcription>
    </transcriptions>
    <monuments>
      <monument>
        <census-id>10184003</census-id>
        <label>As of Nero / Apollo Citharoedus (RIC 380) (owner: A. Agust&#237;n)</label>
      </monument>
      <monument>
        <census-id>10184010</census-id>
        <label>As of Nero / Apollo Citharoedus (RIC 380) (owner: J. Strada)</label>
      </monument>
    </monuments>
  </document>
  <document>
    <census-id>10184752</census-id>
    <name>fol. 086 r</name>
    <transcriptions>
      <transcription>
        <inscription>NERO CAESAR AVGVSTVS</inscription>
        <inscription-type>coin legend</inscription-type>
      </transcription>
    </transcriptions>
    <monuments>
      <monument>
        <census-id>10184746</census-id>
        <label>Denarius of Nero/ Nero and Empress (RIC 57) (owner: J. Fugger)</label>
      </monument>
    </monuments>
  </document>
  <document>
    <census-id>10184755</census-id>
    <name>fol. 087 r</name>
    <transcriptions>
      <transcription>
        <inscription>AVGVSTVS AVGVSTA</inscription>
        <inscription-type>coin legend</inscription-type>
      </transcription>
    </transcriptions>
    <monuments>
      <monument>
        <census-id>10184746</census-id>
        <label>Denarius of Nero/ Nero and Empress (RIC 57) (owner: J. Fugger)</label>
      </monument>
    </monuments>
  </document>
  <document>
    <census-id>10187268</census-id>
    <name>fol. 088 r</name>
    <transcriptions>
      <transcription>
        <inscription>IMP NERO CAESAR AVG P MAX</inscription>
        <inscription-type>coin legend</inscription-type>
      </transcription>
    </transcriptions>
    <monuments>
      <monument>
        <census-id>10187258</census-id>
        <label>Contorniate (Nero / Munus populo romano, Alf&#246;ldi 224) (owner: P. A. Manilio)</label>
      </monument>
    </monuments>
  </document>
  <document>
    <census-id>10187271</census-id>
    <name>fol. 089 r</name>
    <monuments>
      <monument>
        <census-id>10187258</census-id>
        <label>Contorniate (Nero / Munus populo romano, Alf&#246;ldi 224) (owner: P. A. Manilio)</label>
      </monument>
    </monuments>
  </document>
  <document>
    <census-id>10184180</census-id>
    <name>fol. 090 r</name>
    <transcriptions>
      <transcription>
        <inscription>NERO CAESAR</inscription>
        <inscription-type>coin legend</inscription-type>
      </transcription>
    </transcriptions>
    <monuments>
      <monument>
        <census-id>10184173</census-id>
        <label>Denarius of Nero / Empress (RIC 45) (owner: A. Agust&#237;n)</label>
      </monument>
    </monuments>
  </document>
  <document>
    <census-id>10184183</census-id>
    <name>fol. 091 r</name>
    <transcriptions>
      <transcription>
        <inscription>AVGVSTVS GERMANICVS</inscription>
        <inscription-type>coin legend</inscription-type>
      </transcription>
    </transcriptions>
    <monuments>
      <monument>
        <census-id>10184173</census-id>
        <label>Denarius of Nero / Empress (RIC 45) (owner: A. Agust&#237;n)</label>
      </monument>
      <monument>
        <census-id>10185839</census-id>
        <label>Aureus of Nero / Nero (RIC 46) (owner: J. Fugger)</label>
      </monument>
      <monument>
        <census-id>10185842</census-id>
        <label>Aureus of Nero / Nero (RIC 46) (owner: A. Agust&#237;n)</label>
      </monument>
    </monuments>
  </document>
  <document>
    <census-id>10187251</census-id>
    <name>fol. 092 r</name>
    <transcriptions>
      <transcription>
        <inscription>NERO CLAVDIVS CAE P P P</inscription>
        <inscription-type>coin legend</inscription-type>
      </transcription>
      <transcription>
        <inscription>PE (?)</inscription>
        <inscription-type>coin legend</inscription-type>
      </transcription>
    </transcriptions>
    <monuments>
      <monument>
        <census-id>10187152</census-id>
        <label>Contorniate (Nero / Bacchus, Alf&#246;ldi 130) (owner: P. Ramez)</label>
      </monument>
      <monument>
        <census-id>10187391</census-id>
        <label>Contorniate (Nero / Bacchus, Alf&#246;ldi 130) (owner: G. Grimani)</label>
      </monument>
    </monuments>
  </document>
  <document>
    <census-id>10187255</census-id>
    <name>fol. 093 r</name>
    <monuments>
      <monument>
        <census-id>10187152</census-id>
        <label>Contorniate (Nero / Bacchus, Alf&#246;ldi 130) (owner: P. Ramez)</label>
      </monument>
    </monuments>
  </document>
  <document>
    <census-id>10183977</census-id>
    <name>fol. 094 r</name>
    <transcriptions>
      <transcription>
        <inscription>NERO CLAVDIVS CAESAR AVG GERMPM TR P IMP P P</inscription>
        <inscription-type>coin legend</inscription-type>
      </transcription>
    </transcriptions>
    <monuments>
      <monument>
        <census-id>10183973</census-id>
        <label>Sestertius of Nero / Roma (RIC 358) (owner: A. Conteschi)</label>
      </monument>
    </monuments>
  </document>
  <document>
    <census-id>10183980</census-id>
    <name>fol. 095 r</name>
    <transcriptions>
      <transcription>
        <inscription>ROMA</inscription>
        <inscription-type>coin legend</inscription-type>
      </transcription>
    </transcriptions>
    <monuments>
      <monument>
        <census-id>10183973</census-id>
        <label>Sestertius of Nero / Roma (RIC 358) (owner: A. Conteschi)</label>
      </monument>
    </monuments>
  </document>
  <document>
    <census-id>10187498</census-id>
    <name>fol. 098 r</name>
    <transcriptions>
      <transcription>
        <inscription>IMP NERO CLAVD CAESAR AVG GERM P M TR P XIII P P</inscription>
        <inscription-type>coin legend</inscription-type>
      </transcription>
    </transcriptions>
    <monuments>
      <monument>
        <census-id>10065083</census-id>
        <label>Sestertius of Nero / Roma (RIC Nero 358)</label>
      </monument>
    </monuments>
  </document>
  <document>
    <census-id>10185453</census-id>
    <name>fol. 099 r</name>
    <transcriptions>
      <transcription>
        <inscription>S C</inscription>
        <inscription-type>coin legend</inscription-type>
      </transcription>
      <transcription>
        <inscription>ROMA</inscription>
        <inscription-type>coin legend</inscription-type>
      </transcription>
    </transcriptions>
    <monuments>
      <monument>
        <census-id>10185447</census-id>
        <label>Sestertius of Nero / Roma (RIC 280) (owner: G. Grimani)</label>
      </monument>
    </monuments>
  </document>
  <document>
    <census-id>10184507</census-id>
    <name>fol. 100 r</name>
    <transcriptions>
      <transcription>
        <inscription>NERO CLAVD CAESAR AVG GERMANICVS</inscription>
        <inscription-type>coin legend</inscription-type>
      </transcription>
    </transcriptions>
    <monuments>
      <monument>
        <census-id>10184501</census-id>
        <label>Semis of Nero / Roma (RIC 483) (owner: J. Strada)</label>
      </monument>
    </monuments>
  </document>
  <document>
    <census-id>10184510</census-id>
    <name>fol. 101 r</name>
    <transcriptions>
      <transcription>
        <inscription>PON MAX TR PO IMP P P S C</inscription>
        <inscription-type>coin legend</inscription-type>
      </transcription>
    </transcriptions>
    <monuments>
      <monument>
        <census-id>10184501</census-id>
        <label>Semis of Nero / Roma (RIC 483) (owner: J. Strada)</label>
      </monument>
    </monuments>
  </document>
  <document>
    <census-id>10187521</census-id>
    <name>fol. 102 r</name>
    <transcriptions>
      <transcription>
        <inscription>NERO CAESAR AVG GERM IMP</inscription>
        <inscription-type>coin legend</inscription-type>
      </transcription>
    </transcriptions>
    <monuments>
      <monument>
        <census-id>10061317</census-id>
        <label>As of Nero / Temple of Janus (RIC 309)</label>
      </monument>
    </monuments>
  </document>
  <document>
    <census-id>10187886</census-id>
    <name>fol. 103 r</name>
    <monuments>
      <monument>
        <census-id>10187885</census-id>
        <label>Contorniate (Nero / Hunting Scene, Alf&#246;ldi 195)</label>
      </monument>
    </monuments>
  </document>
  <document>
    <census-id>10187888</census-id>
    <name>fol. 104 r</name>
    <transcriptions>
      <transcription>
        <inscription>NERO CLAVDIVS CAESAR AVG GERM P M TR P IMP P P</inscription>
        <inscription-type>coin legend</inscription-type>
      </transcription>
    </transcriptions>
    <monuments>
      <monument>
        <census-id>10187885</census-id>
        <label>Contorniate (Nero / Hunting Scene, Alf&#246;ldi 195)</label>
      </monument>
    </monuments>
  </document>
  <document>
    <census-id>10184335</census-id>
    <name>fol. 105 r</name>
    <transcriptions>
      <transcription>
        <inscription>CONG II DAT POP S C</inscription>
        <inscription-type>coin legend</inscription-type>
      </transcription>
    </transcriptions>
    <monuments>
      <monument>
        <census-id>10184329</census-id>
        <label>Sestertius of Nero / Minerva (RIC 162) (owner: J. Strada)</label>
      </monument>
    </monuments>
  </document>
  <document>
    <census-id>10183823</census-id>
    <name>fol. 106 r</name>
    <transcriptions>
      <transcription>
        <inscription>NERO CLAVDIVS CAESAR AVG GERM P M TR P IMP P P</inscription>
        <inscription-type>coin legend</inscription-type>
      </transcription>
    </transcriptions>
    <monuments>
      <monument>
        <census-id>10183862</census-id>
        <label>Sestertius of Nero / Decursio (RIC 107) (owner: J. Strada)</label>
      </monument>
      <monument>
        <census-id>10184199</census-id>
        <label>Sestertius of Nero / Adlocutio (RIC 131) (owner: J. Strada)</label>
      </monument>
    </monuments>
  </document>
  <document>
    <census-id>10184206</census-id>
    <name>fol. 107 r</name>
    <transcriptions>
      <transcription>
        <inscription>ADLOCVT COH S C</inscription>
        <inscription-type>coin legend</inscription-type>
      </transcription>
    </transcriptions>
    <monuments>
      <monument>
        <census-id>10184199</census-id>
        <label>Sestertius of Nero / Adlocutio (RIC 131) (owner: J. Strada)</label>
      </monument>
    </monuments>
  </document>
  <document>
    <census-id>10183852</census-id>
    <name>fol. 109 r</name>
    <transcriptions>
      <transcription>
        <inscription>S C ROMA</inscription>
        <inscription-type>coin legend</inscription-type>
      </transcription>
    </transcriptions>
    <monuments>
      <monument>
        <census-id>10183865</census-id>
        <label>Sestertius of Nero / Roma (RIC 273) (owner: J. Strada)</label>
      </monument>
    </monuments>
  </document>
  <document>
    <census-id>10187630</census-id>
    <name>fol. 111 r</name>
    <transcriptions>
      <transcription>
        <inscription>ROMA</inscription>
        <inscription-type>coin legend</inscription-type>
      </transcription>
    </transcriptions>
    <monuments>
      <monument>
        <census-id>10187625</census-id>
        <label>Dupondius of Nero / Roma (RIC 292)</label>
      </monument>
    </monuments>
  </document>
  <document>
    <census-id>10187384</census-id>
    <name>fol. 112 r</name>
    <transcriptions>
      <transcription>
        <inscription>IMP NERO CAESAR AVG P MAX</inscription>
        <inscription-type>coin legend</inscription-type>
      </transcription>
      <transcription>
        <inscription>PE (?)</inscription>
        <inscription-type>coin legend</inscription-type>
      </transcription>
    </transcriptions>
    <monuments>
      <monument>
        <census-id>10187378</census-id>
        <label>Contorniate (Nero / Olympias, Alf&#246;ldi 160) (owner: P. Ramez) </label>
      </monument>
      <monument>
        <census-id>10187892</census-id>
        <label>Contorniate (Nero / Olympias, Alf&#246;ldi 215)</label>
      </monument>
    </monuments>
  </document>
  <document>
    <census-id>10187388</census-id>
    <name>fol. 113 r</name>
    <monuments>
      <monument>
        <census-id>10187378</census-id>
        <label>Contorniate (Nero / Olympias, Alf&#246;ldi 160) (owner: P. Ramez) </label>
      </monument>
    </monuments>
  </document>
  <document>
    <census-id>10187635</census-id>
    <name>fol. 114 r</name>
    <transcriptions>
      <transcription>
        <inscription>IMP NERO CAESAR AVG GERMANIC</inscription>
        <inscription-type>coin legend</inscription-type>
      </transcription>
    </transcriptions>
    <monuments>
      <monument>
        <census-id>10187634</census-id>
        <label>As of Nero / Temple of Janus (RIC 366)</label>
      </monument>
    </monuments>
  </document>
  <document>
    <census-id>10183986</census-id>
    <name>fol. 115 r</name>
    <transcriptions>
      <transcription>
        <inscription>GENIO AVGVSTI</inscription>
        <inscription-type>coin legend</inscription-type>
      </transcription>
      <transcription>
        <inscription>S C</inscription>
        <inscription-type>coin legend</inscription-type>
      </transcription>
    </transcriptions>
    <monuments>
      <monument>
        <census-id>10183983</census-id>
        <label>As of Nero / Genius Augusti (RIC 214) (owner: A. Agust&#237;n)</label>
      </monument>
    </monuments>
  </document>
  <document>
    <census-id>10187536</census-id>
    <name>fol. 116 r</name>
    <transcriptions>
      <transcription>
        <inscription>NERO CLAVDIVS CAESAR AVG GERM P M TR P IMP P P</inscription>
        <inscription-type>coin legend</inscription-type>
      </transcription>
    </transcriptions>
    <monuments>
      <monument>
        <census-id>10187535</census-id>
        <label>Sestertius of Nero / Nero with Soldiers (RIC Nero 136)</label>
      </monument>
    </monuments>
  </document>
  <document>
    <census-id>10187525</census-id>
    <name>fol. 117 r</name>
    <transcriptions>
      <transcription>
        <inscription>JVPITR CVSTOS</inscription>
        <inscription-type>coin legend</inscription-type>
      </transcription>
    </transcriptions>
    <monuments>
      <monument>
        <census-id>10045061</census-id>
        <label>Aureus of Nero / Jupiter Custos (RIC 52)</label>
      </monument>
    </monuments>
  </document>
  <document>
    <census-id>10187528</census-id>
    <name>fol. 118 r</name>
    <transcriptions>
      <transcription>
        <inscription>NERO CLAVDIVS CAESAR AVG GERM P M TR P IMP P P</inscription>
        <inscription-type>coin legend</inscription-type>
      </transcription>
    </transcriptions>
    <monuments>
      <monument>
        <census-id>10053308</census-id>
        <label>Sestertius of Nero / Decursio (RIC 107)</label>
      </monument>
    </monuments>
  </document>
  <document>
    <census-id>10187539</census-id>
    <name>fol. 120 r</name>
    <transcriptions>
      <transcription>
        <inscription>NERO CLAVDIVS CAESAR AVG GERM P M TR P IMP P P</inscription>
        <inscription-type>coin legend</inscription-type>
      </transcription>
    </transcriptions>
    <monuments>
      <monument>
        <census-id>10187535</census-id>
        <label>Sestertius of Nero / Nero with Soldiers (RIC Nero 136)</label>
      </monument>
    </monuments>
  </document>
  <document>
    <census-id>10187641</census-id>
    <name>fol. 121 r</name>
    <transcriptions>
      <transcription>
        <inscription>S C</inscription>
        <inscription-type>coin legend</inscription-type>
      </transcription>
      <transcription>
        <inscription>ADLOCVT COH</inscription>
        <inscription-type>coin legend</inscription-type>
      </transcription>
    </transcriptions>
    <monuments>
      <monument>
        <census-id>10187639</census-id>
        <label>Sestertius of Nero / Adlocutio (RIC 130)</label>
      </monument>
    </monuments>
  </document>
  <document>
    <census-id>10185481</census-id>
    <name>fol. 122 r</name>
    <transcriptions>
      <transcription>
        <inscription>NERO CLAVD CAESARAVG GER P M TR PIMP P P</inscription>
        <inscription-type>coin legend</inscription-type>
      </transcription>
    </transcriptions>
    <monuments>
      <monument>
        <census-id>10185471</census-id>
        <label>Dupondius of Nero / Victory (RIC 196) (owner: J. Strada)</label>
      </monument>
      <monument>
        <census-id>10185486</census-id>
        <label>Dupondius of Nero / Securitas (RIC 190) (owner: A. Agust&#237;n)</label>
      </monument>
      <monument>
        <census-id>10185489</census-id>
        <label>Dupondius of Nero / Securitas (RIC 190) (owner: J. Strada)</label>
      </monument>
    </monuments>
  </document>
  <document>
    <census-id>10185496</census-id>
    <name>fol. 123 r</name>
    <transcriptions>
      <transcription>
        <inscription>SECVRITAS AVGVSTI II</inscription>
        <inscription-type>coin legend</inscription-type>
      </transcription>
      <transcription>
        <inscription>S C</inscription>
        <inscription-type>coin legend</inscription-type>
      </transcription>
    </transcriptions>
    <monuments>
      <monument>
        <census-id>10185486</census-id>
        <label>Dupondius of Nero / Securitas (RIC 190) (owner: A. Agust&#237;n)</label>
      </monument>
      <monument>
        <census-id>10185489</census-id>
        <label>Dupondius of Nero / Securitas (RIC 190) (owner: J. Strada)</label>
      </monument>
    </monuments>
  </document>
  <document>
    <census-id>10184293</census-id>
    <name>fol. 124 r</name>
    <transcriptions>
      <transcription>
        <inscription>NERO CLAVDIVS CAESAR AVG GERM P M TR P IMP P P</inscription>
        <inscription-type>coin legend</inscription-type>
      </transcription>
    </transcriptions>
    <monuments>
      <monument>
        <census-id>10184273</census-id>
        <label>Sestertius of Nero / Ceres and Annona (RIC 140) (owner: A. Agust&#237;n)</label>
      </monument>
    </monuments>
  </document>
  <document>
    <census-id>10184296</census-id>
    <name>fol. 125 r</name>
    <transcriptions>
      <transcription>
        <inscription>ANNONA AVGVSTI CERES S C</inscription>
        <inscription-type>coin legend</inscription-type>
      </transcription>
    </transcriptions>
    <monuments>
      <monument>
        <census-id>10184273</census-id>
        <label>Sestertius of Nero / Ceres and Annona (RIC 140) (owner: A. Agust&#237;n)</label>
      </monument>
    </monuments>
  </document>
  <document>
    <census-id>10187542</census-id>
    <name>fol. 126 r</name>
    <transcriptions>
      <transcription>
        <inscription>NERO CLAVDIVS CAESAR AVG GERM P M TR P IMP P P</inscription>
        <inscription-type>coin legend</inscription-type>
      </transcription>
    </transcriptions>
    <monuments>
      <monument>
        <census-id>10187535</census-id>
        <label>Sestertius of Nero / Nero with Soldiers (RIC Nero 136)</label>
      </monument>
    </monuments>
  </document>
  <document>
    <census-id>10187531</census-id>
    <name>fol. 128 r</name>
    <transcriptions>
      <transcription>
        <inscription>NERO CAESAR AVG GERM IMP</inscription>
        <inscription-type>coin legend</inscription-type>
      </transcription>
      <transcription>
        <inscription>PF (?)</inscription>
        <inscription-type>coin legend</inscription-type>
      </transcription>
    </transcriptions>
    <monuments>
      <monument>
        <census-id>10061317</census-id>
        <label>As of Nero / Temple of Janus (RIC 309)</label>
      </monument>
    </monuments>
  </document>
  <document>
    <census-id>10187375</census-id>
    <name>fol. 129 r</name>
    <transcriptions>
      <transcription>
        <inscription>EVTYMIVS</inscription>
        <inscription-type>coin legend</inscription-type>
      </transcription>
    </transcriptions>
    <monuments>
      <monument>
        <census-id>10187369</census-id>
        <label>Contorniate (Nero / Quadriga, Alf&#246;ldi 164) (owner: P. Ramez)</label>
      </monument>
    </monuments>
  </document>
  <document>
    <census-id>10187319</census-id>
    <name>fol. 130 r</name>
    <transcriptions>
      <transcription>
        <inscription>NERO CLAVDIVS CAESAR AVG GERM TR P IMP P P</inscription>
        <inscription-type>coin legend</inscription-type>
      </transcription>
    </transcriptions>
    <monuments>
      <monument>
        <census-id>10187313</census-id>
        <label>Contorniate (Nero / Quadriga, Alf&#246;ldi 154) (owner: P. Ramez)</label>
      </monument>
    </monuments>
  </document>
  <document>
    <census-id>10187322</census-id>
    <name>fol. 131 r</name>
    <monuments>
      <monument>
        <census-id>10187313</census-id>
        <label>Contorniate (Nero / Quadriga, Alf&#246;ldi 154) (owner: P. Ramez)</label>
      </monument>
    </monuments>
  </document>
  <document>
    <census-id>10187894</census-id>
    <name>fol. 132 r</name>
    <transcriptions>
      <transcription>
        <inscription>IMP NERO CAESAR AVG P MAX</inscription>
        <inscription-type>coin legend</inscription-type>
      </transcription>
    </transcriptions>
    <monuments>
      <monument>
        <census-id>10066456</census-id>
        <label>Contorniate (Nero / Emperor fighting two barbarians, Alf&#246;ldi 157)</label>
      </monument>
    </monuments>
  </document>
  <document>
    <census-id>10187897</census-id>
    <name>fol. 133 r</name>
    <monuments>
      <monument>
        <census-id>10066456</census-id>
        <label>Contorniate (Nero / Emperor fighting two barbarians, Alf&#246;ldi 157)</label>
      </monument>
    </monuments>
  </document>
  <document>
    <census-id>10187545</census-id>
    <name>fol. 134 r</name>
    <transcriptions>
      <transcription>
        <inscription>NERO CAESAR AVG IMP</inscription>
        <inscription-type>coin legend</inscription-type>
      </transcription>
    </transcriptions>
    <monuments>
      <monument>
        <census-id>10064432</census-id>
        <label>Aureus of Nero / Oak-Wreath (RIC 8)</label>
      </monument>
    </monuments>
  </document>
  <document>
    <census-id>10187548</census-id>
    <name>fol. 135 r</name>
    <transcriptions>
      <transcription>
        <inscription>EX SC</inscription>
        <inscription-type>coin legend</inscription-type>
      </transcription>
      <transcription>
        <inscription>PONTIF MAX TR III P P</inscription>
        <inscription-type>coin legend</inscription-type>
      </transcription>
    </transcriptions>
    <monuments>
      <monument>
        <census-id>10064432</census-id>
        <label>Aureus of Nero / Oak-Wreath (RIC 8)</label>
      </monument>
    </monuments>
  </document>
  <document>
    <census-id>10187552</census-id>
    <name>fol. 136 r</name>
    <transcriptions>
      <transcription>
        <inscription>NERO CAES AVG IMP</inscription>
        <inscription-type>coin legend</inscription-type>
      </transcription>
    </transcriptions>
    <monuments>
      <monument>
        <census-id>10061336</census-id>
        <label>Semis of Nero / Table (RIC 243)</label>
      </monument>
    </monuments>
  </document>
  <document>
    <census-id>10186913</census-id>
    <name>fol. 137 r</name>
    <transcriptions>
      <transcription>
        <inscription>TR POT P P SC</inscription>
        <inscription-type>coin legend</inscription-type>
      </transcription>
    </transcriptions>
    <monuments>
      <monument>
        <census-id>10186900</census-id>
        <label>Semis of Nero / Roma (RIC 226) (owner: J. Strada)</label>
      </monument>
    </monuments>
  </document>
  <document>
    <census-id>10184721</census-id>
    <name>fol. 138 r</name>
    <transcriptions>
      <transcription>
        <inscription>NERO CAES AVG IMP</inscription>
        <inscription-type>coin legend</inscription-type>
      </transcription>
    </transcriptions>
    <monuments>
      <monument>
        <census-id>10184514</census-id>
        <label>Semis of Nero / Decorated Table (RIC 246) (owner: J. Strada)</label>
      </monument>
      <monument>
        <census-id>10186922</census-id>
        <label>Denarius of Nero / Virtus (RIC Nero 41) (owner: P. Ramez)</label>
      </monument>
    </monuments>
  </document>
  <document>
    <census-id>10184724</census-id>
    <name>fol. 139 r</name>
    <transcriptions>
      <transcription>
        <inscription>CERTAQV INO ROM</inscription>
        <inscription-type>coin legend</inscription-type>
      </transcription>
    </transcriptions>
    <monuments>
      <monument>
        <census-id>10184514</census-id>
        <label>Semis of Nero / Decorated Table (RIC 246) (owner: J. Strada)</label>
      </monument>
    </monuments>
  </document>
  <document>
    <census-id>10187455</census-id>
    <name>fol. 142 r</name>
    <transcriptions>
      <transcription>
        <inscription>NERO CL CAESAR AVG GERM IMP</inscription>
        <inscription-type>coin legend</inscription-type>
      </transcription>
    </transcriptions>
    <monuments>
      <monument>
        <census-id>10187450</census-id>
        <label>Contorniate (Nero / Venatio, Alf&#246;ldi 167) (owner: G. Luchino)</label>
      </monument>
    </monuments>
  </document>
  <document>
    <census-id>10187458</census-id>
    <name>fol. 143 r</name>
    <monuments>
      <monument>
        <census-id>10187450</census-id>
        <label>Contorniate (Nero / Venatio, Alf&#246;ldi 167) (owner: G. Luchino)</label>
      </monument>
    </monuments>
  </document>
  <document>
    <census-id>10183807</census-id>
    <name>fol. 144 r</name>
    <transcriptions>
      <transcription>
        <inscription>NERO CLAVDIVS CAESAR AVG GERM P M TR P  IMP P P</inscription>
        <inscription-type>coin legend</inscription-type>
      </transcription>
    </transcriptions>
    <monuments>
      <monument>
        <census-id>10183859</census-id>
        <label>Sestertius of Nero / Temple of Janus (RIC 323) (owner: J. Strada)</label>
      </monument>
    </monuments>
  </document>
  <document>
    <census-id>10183804</census-id>
    <name>fol. 145 r</name>
    <transcriptions>
      <transcription>
        <inscription>PACE P R TERRA MARIO PATRIANVM CLVSIT EX SC</inscription>
        <inscription-type>coin legend</inscription-type>
      </transcription>
    </transcriptions>
    <monuments>
      <monument>
        <census-id>10183859</census-id>
        <label>Sestertius of Nero / Temple of Janus (RIC 323) (owner: J. Strada)</label>
      </monument>
    </monuments>
  </document>
  <document>
    <census-id>10184193</census-id>
    <name>fol. 146 r</name>
    <transcriptions>
      <transcription>
        <inscription>NERO CLAVD CAESAR AVG GER P M TR P IMP P P</inscription>
        <inscription-type>coin legend</inscription-type>
      </transcription>
    </transcriptions>
    <monuments>
      <monument>
        <census-id>10184186</census-id>
        <label>As of Nero / Ara Pacis (RIC 460) (owner: J. Strada)</label>
      </monument>
      <monument>
        <census-id>10185471</census-id>
        <label>Dupondius of Nero / Victory (RIC 196) (owner: J. Strada)</label>
      </monument>
    </monuments>
  </document>
  <document>
    <census-id>10184196</census-id>
    <name>fol. 147 r</name>
    <transcriptions>
      <transcription>
        <inscription>ARA PACIS S C</inscription>
        <inscription-type>coin legend</inscription-type>
      </transcription>
    </transcriptions>
    <monuments>
      <monument>
        <census-id>10184186</census-id>
        <label>As of Nero / Ara Pacis (RIC 460) (owner: J. Strada)</label>
      </monument>
    </monuments>
  </document>
  <document>
    <census-id>10187645</census-id>
    <name>fol. 148 r</name>
    <transcriptions>
      <transcription>
        <inscription>NERO CLAVDIVS CAESAR AVG GER M P M TR P IMP P P</inscription>
        <inscription-type>coin legend</inscription-type>
      </transcription>
    </transcriptions>
    <monuments>
      <monument>
        <census-id>10187611</census-id>
        <label>Semis of Nero / Decorated Table (RIC 92)</label>
      </monument>
    </monuments>
  </document>
  <document>
    <census-id>10187648</census-id>
    <name>fol. 150 r</name>
    <transcriptions>
      <transcription>
        <inscription>NERO CLAVDIVS CAESAR AVG GERM P M TR P IMP P P</inscription>
        <inscription-type>coin legend</inscription-type>
      </transcription>
    </transcriptions>
    <monuments>
      <monument>
        <census-id>10187611</census-id>
        <label>Semis of Nero / Decorated Table (RIC 92)</label>
      </monument>
    </monuments>
  </document>
  <document>
    <census-id>10187654</census-id>
    <name>fol. 151 r</name>
    <transcriptions>
      <transcription>
        <inscription>S C</inscription>
        <inscription-type>coin legend</inscription-type>
      </transcription>
    </transcriptions>
    <monuments>
      <monument>
        <census-id>10009427</census-id>
        <label>Sestertius of Nero / Arch (RIC 392)</label>
      </monument>
    </monuments>
  </document>
  <document>
    <census-id>10184494</census-id>
    <name>fol. 152 r</name>
    <transcriptions>
      <transcription>
        <inscription>NERO CLAVDIVS CAESAR AVG GERM P M TR P IMP P P</inscription>
        <inscription-type>coin legend</inscription-type>
      </transcription>
    </transcriptions>
    <monuments>
      <monument>
        <census-id>10184484</census-id>
        <label>Dupondius of Nero / Macellum Magnum (RIC 187) (owner: A. Conteschi)</label>
      </monument>
    </monuments>
  </document>
  <document>
    <census-id>10184497</census-id>
    <name>fol. 153 r</name>
    <transcriptions>
      <transcription>
        <inscription>S C</inscription>
        <inscription-type>coin legend</inscription-type>
      </transcription>
    </transcriptions>
    <monuments>
      <monument>
        <census-id>10184484</census-id>
        <label>Dupondius of Nero / Macellum Magnum (RIC 187) (owner: A. Conteschi)</label>
      </monument>
      <monument>
        <census-id>10185437</census-id>
        <label>Dupondius of Nero / Macellum (RIC 184) (owner: J. Strada)</label>
      </monument>
      <monument>
        <census-id>10185440</census-id>
        <label>Dupondius of Nero / Macellum (RIC 184) (owner: A. Agust&#237;n)</label>
      </monument>
    </monuments>
  </document>
  <document>
    <census-id>10187734</census-id>
    <name>fol. 154 r</name>
    <transcriptions>
      <transcription>
        <inscription>NERO CAES AVG IMP</inscription>
        <inscription-type>coin legend</inscription-type>
      </transcription>
    </transcriptions>
    <monuments>
      <monument>
        <census-id>10061336</census-id>
        <label>Semis of Nero / Table (RIC 243)</label>
      </monument>
    </monuments>
  </document>
  <document>
    <census-id>10185856</census-id>
    <name>fol. 155 r</name>
    <transcriptions>
      <transcription>
        <inscription>CONCORDIA AVGVSTA</inscription>
        <inscription-type>coin legend</inscription-type>
      </transcription>
    </transcriptions>
    <monuments>
      <monument>
        <census-id>10185849</census-id>
        <label>Aureus of Nero / Concordia Augusta (RIC 48) (owner: P. Ramez)</label>
      </monument>
    </monuments>
  </document>
  <document>
    <census-id>10185697</census-id>
    <name>fol. 156 r</name>
    <transcriptions>
      <transcription>
        <inscription>NERO CAESAR AVG GERM IMP</inscription>
        <inscription-type>coin legend</inscription-type>
      </transcription>
    </transcriptions>
    <monuments>
      <monument>
        <census-id>10185685</census-id>
        <label>As of Nero / Temple of Janus (RIC 309) (owner: E. Rizzo)</label>
      </monument>
    </monuments>
  </document>
  <document>
    <census-id>10185679</census-id>
    <name>fol. 158 r</name>
    <transcriptions>
      <transcription>
        <inscription>IMP NERO CLAVD CAESAR AVG GERM P M TR P XI P P</inscription>
        <inscription-type>coin legend</inscription-type>
      </transcription>
    </transcriptions>
    <monuments>
      <monument>
        <census-id>10185669</census-id>
        <label>Sestertius of Nero / Temple of Janus (RIC 354) (owner: J. Strada)</label>
      </monument>
    </monuments>
  </document>
  <document>
    <census-id>10185747</census-id>
    <name>fol. 160 r</name>
    <transcriptions>
      <transcription>
        <inscription>NERO CAESAR AVG IMP</inscription>
        <inscription-type>coin legend</inscription-type>
      </transcription>
    </transcriptions>
    <monuments>
      <monument>
        <census-id>10185820</census-id>
        <label>Aureus of Nero / Oak Wreath (RIC 13) (owner: A. Agust&#237;n)</label>
      </monument>
    </monuments>
  </document>
  <document>
    <census-id>10185834</census-id>
    <name>fol. 161 r</name>
    <transcriptions>
      <transcription>
        <inscription>PONTIF MAX TR POT III COS II</inscription>
        <inscription-type>coin legend</inscription-type>
      </transcription>
      <transcription>
        <inscription>EX S C</inscription>
        <inscription-type>coin legend</inscription-type>
      </transcription>
    </transcriptions>
    <monuments>
      <monument>
        <census-id>10185820</census-id>
        <label>Aureus of Nero / Oak Wreath (RIC 13) (owner: A. Agust&#237;n)</label>
      </monument>
    </monuments>
  </document>
  <document>
    <census-id>10187737</census-id>
    <name>fol. 162 r</name>
    <transcriptions>
      <transcription>
        <inscription>NERO CAES AVG IMP</inscription>
        <inscription-type>coin legend</inscription-type>
      </transcription>
    </transcriptions>
    <monuments>
      <monument>
        <census-id>10061336</census-id>
        <label>Semis of Nero / Table (RIC 243)</label>
      </monument>
    </monuments>
  </document>
  <document>
    <census-id>10187555</census-id>
    <name>fol. 163 r</name>
    <transcriptions>
      <transcription>
        <inscription>SALVS</inscription>
        <inscription-type>coin legend</inscription-type>
      </transcription>
    </transcriptions>
    <monuments>
      <monument>
        <census-id>10045107</census-id>
        <label>Denarius of Nero / Salus (RIC 60)</label>
      </monument>
    </monuments>
  </document>
  <document>
    <census-id>10187740</census-id>
    <name>fol. 164 r</name>
    <transcriptions>
      <transcription>
        <inscription>NERO CAES AVG IMP</inscription>
        <inscription-type>coin legend</inscription-type>
      </transcription>
    </transcriptions>
    <monuments>
      <monument>
        <census-id>10061336</census-id>
        <label>Semis of Nero / Table (RIC 243)</label>
      </monument>
    </monuments>
  </document>
  <document>
    <census-id>10187746</census-id>
    <name>fol. 167 r</name>
    <transcriptions>
      <transcription>
        <inscription>NERONI CLAVD DIVI F CAES AVG GERM IMP X P P</inscription>
        <inscription-type>coin legend</inscription-type>
      </transcription>
      <transcription>
        <inscription>EX SC</inscription>
        <inscription-type>coin legend</inscription-type>
      </transcription>
    </transcriptions>
    <monuments>
      <monument>
        <census-id>10168660</census-id>
        <label>Aureus of Nero (Nero and Agrippina Minor / Oak-Wreath, RIC 1)</label>
      </monument>
    </monuments>
  </document>
  <document>
    <census-id>10187750</census-id>
    <name>fol. 169 r</name>
    <transcriptions>
      <transcription>
        <inscription>ADVENTVS AVGVSTI</inscription>
        <inscription-type>coin legend</inscription-type>
      </transcription>
      <transcription>
        <inscription>C P</inscription>
        <inscription-type>coin legend</inscription-type>
      </transcription>
    </transcriptions>
    <monuments>
      <monument>
        <census-id>10068281</census-id>
        <label>Copper coin of Patras (Nero / Galley, RPC I 1264)</label>
      </monument>
    </monuments>
  </document>
  <document>
    <census-id>10187743</census-id>
    <name>fol. 170 r</name>
    <transcriptions>
      <transcription>
        <inscription>NERO CAES AVG IMP</inscription>
        <inscription-type>coin legend</inscription-type>
      </transcription>
    </transcriptions>
    <monuments>
      <monument>
        <census-id>10061336</census-id>
        <label>Semis of Nero / Table (RIC 243)</label>
      </monument>
    </monuments>
  </document>
  <document>
    <census-id>10184738</census-id>
    <name>fol. 171 r</name>
    <transcriptions>
      <transcription>
        <inscription>SACERDCOOPTINOMNCONLSVPRANVME S C</inscription>
        <inscription-type>coin legend</inscription-type>
      </transcription>
    </transcriptions>
    <monuments>
      <monument>
        <census-id>10184728</census-id>
        <label>Dupondius of Claudius (Nero / Signa religionis, RIC 107) (owner: J. Strada)</label>
      </monument>
    </monuments>
  </document>
  <document>
    <census-id>10187760</census-id>
    <name>fol. 172 r</name>
    <transcriptions>
      <transcription>
        <inscription>&#925;&#917;&#929;&#937; &#922;&#923;&#913;V KAC&#923; TEP</inscription>
        <inscription-type>coin legend</inscription-type>
      </transcription>
    </transcriptions>
    <monuments>
      <monument>
        <census-id>10187755</census-id>
        <label>Tetradrachm of Alexandria (Nero / Sarapis, RPC I 5281)</label>
      </monument>
    </monuments>
  </document>
  <document>
    <census-id>10187412</census-id>
    <name>fol. 175 r</name>
    <monuments>
      <monument>
        <census-id>10187406</census-id>
        <label>Contorniate (Nero / Snake, Alf&#246;ldi 180) (owner: A. Agust&#237;n)</label>
      </monument>
    </monuments>
  </document>
  <document>
    <census-id>10186031</census-id>
    <name>fol. 176 r</name>
    <transcriptions>
      <transcription>
        <inscription>&#921;&#916;&#921;&#927;&#931; &#922;&#913;&#921;&#931;</inscription>
        <inscription-type>coin legend</inscription-type>
      </transcription>
    </transcriptions>
    <monuments>
      <monument>
        <census-id>10186025</census-id>
        <label>Copper coin of Perinthus (Nero / Oak Wreath, RPC I 1754) (owner: P. Ramez)</label>
      </monument>
    </monuments>
  </document>
  <document>
    <census-id>10186034</census-id>
    <name>fol. 177 r</name>
    <transcriptions>
      <transcription>
        <inscription>&#928;&#917;&#929;&#921;&#925;&#13;
&#920;&#921;&#937;&#925;</inscription>
        <inscription-type>coin legend</inscription-type>
      </transcription>
    </transcriptions>
    <monuments>
      <monument>
        <census-id>10186025</census-id>
        <label>Copper coin of Perinthus (Nero / Oak Wreath, RPC I 1754) (owner: P. Ramez)</label>
      </monument>
    </monuments>
  </document>
  <document>
    <census-id>10184158</census-id>
    <name>fol. 178 r</name>
    <transcriptions>
      <transcription>
        <inscription>NEP&#937;N KAI&#931;AP</inscription>
        <inscription-type>coin legend</inscription-type>
      </transcription>
    </transcriptions>
    <monuments>
      <monument>
        <census-id>10184155</census-id>
        <label>Bronze coin of Gadara (Nero / Tyche I, RPC 4822) (owner: P. Ramez)</label>
      </monument>
    </monuments>
  </document>
  <document>
    <census-id>10184138</census-id>
    <name>fol. 179 r</name>
    <transcriptions>
      <transcription>
        <inscription>IMP &#915;A&#916;APA</inscription>
        <inscription-type>coin legend</inscription-type>
      </transcription>
    </transcriptions>
    <monuments>
      <monument>
        <census-id>10184131</census-id>
        <label>Bronze coin of Gadara (Nero / Tyche I, RPC 4822) (owner: P. Ramez)</label>
      </monument>
      <monument>
        <census-id>10184155</census-id>
        <label>Bronze coin of Gadara (Nero / Tyche I, RPC 4822) (owner: P. Ramez)</label>
      </monument>
    </monuments>
  </document>
  <document>
    <census-id>10187764</census-id>
    <name>fol. 181 r</name>
    <transcriptions>
      <transcription>
        <inscription>ON &#915;&#923;&#923;&#937;&#932;&#937;</inscription>
        <inscription-type>coin legend</inscription-type>
      </transcription>
    </transcriptions>
    <monuments>
      <monument>
        <census-id>10064794</census-id>
        <label>Bronze Coin of Galatia (Nero /  Temple, RPC I 3563)</label>
      </monument>
    </monuments>
  </document>
  <document>
    <census-id>10187462</census-id>
    <name>fol. 182 r</name>
    <transcriptions>
      <transcription>
        <inscription>&#922;&#913;&#921;&#931;&#913;&#929;</inscription>
        <inscription-type>coin legend</inscription-type>
      </transcription>
    </transcriptions>
    <monuments>
      <monument>
        <census-id>10187465</census-id>
        <label>Bronze coin of Rhodes (Nero / Nike, RPC I 2772)</label>
      </monument>
    </monuments>
  </document>
  <document>
    <census-id>10186061</census-id>
    <name>fol. 183 r</name>
    <transcriptions>
      <transcription>
        <inscription>&#929;&#927;&#916;&#921;&#13;
&#937;&#925;</inscription>
        <inscription-type>coin legend</inscription-type>
      </transcription>
    </transcriptions>
    <monuments>
      <monument>
        <census-id>10186052</census-id>
        <label>Bronze coin of Rhodes (Nero / Nike, RPC I 2772) (owner: P. Ramez)</label>
      </monument>
      <monument>
        <census-id>10187465</census-id>
        <label>Bronze coin of Rhodes (Nero / Nike, RPC I 2772)</label>
      </monument>
    </monuments>
  </document>
  <document>
    <census-id>10186254</census-id>
    <name>fol. 188 r</name>
    <transcriptions>
      <transcription>
        <inscription>&#925;&#917;&#929;&#937; &#922;&#913;&#921; I[?]</inscription>
        <inscription-type>coin legend</inscription-type>
      </transcription>
    </transcriptions>
    <monuments>
      <monument>
        <census-id>10186244</census-id>
        <label>Tetradrachm of Alexandria (Nero / Tiberius, RPC I 5295) (owner: A. Agust&#237;n)</label>
      </monument>
    </monuments>
  </document>
  <document>
    <census-id>10186257</census-id>
    <name>fol. 189 r</name>
    <transcriptions>
      <transcription>
        <inscription>&#932;&#921;&#914;&#917;&#929;&#921;&#927;&#931; &#922;&#913;&#921;&#931;&#913;&#929;</inscription>
        <inscription-type>coin legend</inscription-type>
      </transcription>
    </transcriptions>
    <monuments>
      <monument>
        <census-id>10186244</census-id>
        <label>Tetradrachm of Alexandria (Nero / Tiberius, RPC I 5295) (owner: A. Agust&#237;n)</label>
      </monument>
    </monuments>
  </document>
  <document>
    <census-id>10187767</census-id>
    <name>fol. 190 r</name>
    <transcriptions>
      <transcription>
        <inscription>C I HRN AKAI&#931;&#913;&#929;&#913;</inscription>
        <inscription-type>coin legend</inscription-type>
      </transcription>
    </transcriptions>
    <monuments>
      <monument>
        <census-id>10064806</census-id>
        <label>Copper Coin of Prymnessus (Nero / Scales, RPC I 3210)</label>
      </monument>
    </monuments>
  </document>
  <document>
    <census-id>10187770</census-id>
    <name>fol. 191 r</name>
    <transcriptions>
      <transcription>
        <inscription>&#929;&#921;&#923;&#913;&#932;&#927;&#933;&#917; RM&#923;Y&#916;&#921;&#927;YMIO</inscription>
        <inscription-type>coin legend</inscription-type>
      </transcription>
    </transcriptions>
    <monuments>
      <monument>
        <census-id>10064806</census-id>
        <label>Copper Coin of Prymnessus (Nero / Scales, RPC I 3210)</label>
      </monument>
    </monuments>
  </document>
  <document>
    <census-id>10186049</census-id>
    <name>fol. 193 r</name>
    <transcriptions>
      <transcription>
        <inscription>&#922;&#932;&#921;&#927;&#931; &#913;&#928;&#927;&#923;&#923;&#937;&#925;</inscription>
        <inscription-type>coin legend</inscription-type>
      </transcription>
    </transcriptions>
    <monuments>
      <monument>
        <census-id>10186039</census-id>
        <label>Copper coin of Alexandria (Nero / Actian Apollo, RPC I 5317) (owner: P. Ramez)</label>
      </monument>
    </monuments>
  </document>
  <document>
    <census-id>10184167</census-id>
    <name>fol. 194 r</name>
    <transcriptions>
      <transcription>
        <inscription>&#925;&#917;&#929;&#937; &#922;&#923;&#913;&#933;&#916;</inscription>
        <inscription-type>coin legend</inscription-type>
      </transcription>
    </transcriptions>
    <monuments>
      <monument>
        <census-id>10184161</census-id>
        <label>Tetradrachm of Alexandria (Nero / Bust of Sarapis, RPC I 5274) (owner: J. Strada)</label>
      </monument>
    </monuments>
  </document>
  <document>
    <census-id>10184170</census-id>
    <name>fol. 195 r</name>
    <transcriptions>
      <transcription>
        <inscription>AYTOKPA [...] [?]</inscription>
        <inscription-type>coin legend</inscription-type>
      </transcription>
    </transcriptions>
    <monuments>
      <monument>
        <census-id>10184161</census-id>
        <label>Tetradrachm of Alexandria (Nero / Bust of Sarapis, RPC I 5274) (owner: J. Strada)</label>
      </monument>
    </monuments>
  </document>
  <document>
    <census-id>10186017</census-id>
    <name>fol. 196 r</name>
    <transcriptions>
      <transcription>
        <inscription>&#921;&#927;&#933; &#922;&#913;&#921;&#931;&#913;&#929;&#927;&#917; &#915;&#917; &#925;&#917;&#929;&#937;&#925;</inscription>
        <inscription-type>coin legend</inscription-type>
      </transcription>
    </transcriptions>
    <monuments>
      <monument>
        <census-id>10186009</census-id>
        <label>Bronze coin of Caesarea Maritima (Nero / Agrippina Minor, RPC I 4860) (owner: P. Ramez)</label>
      </monument>
    </monuments>
  </document>
  <document>
    <census-id>10186020</census-id>
    <name>fol. 197 r</name>
    <transcriptions>
      <transcription>
        <inscription>&#934;&#921;&#916;&#921;&#928;&#917;&#921;&#925;&#921;&#921; &#931;&#917;&#914;&#913;&#931;&#932; [?][?]</inscription>
        <inscription-type>coin legend</inscription-type>
      </transcription>
    </transcriptions>
    <monuments>
      <monument>
        <census-id>10186009</census-id>
        <label>Bronze coin of Caesarea Maritima (Nero / Agrippina Minor, RPC I 4860) (owner: P. Ramez)</label>
      </monument>
    </monuments>
  </document>
  <document>
    <census-id>10186268</census-id>
    <name>fol. 202 r</name>
    <monuments>
      <monument>
        <census-id>10186262</census-id>
        <label>Bronze Coin of Sidon (Nero / Europa, RPC I 4618) (owner. P. Ramez)</label>
      </monument>
    </monuments>
  </document>
  <document>
    <census-id>10186270</census-id>
    <name>fol. 203 r</name>
    <transcriptions>
      <transcription>
        <inscription>IEOP&#13;
&#931;&#921;&#916;O&#925;&#927;&#931; </inscription>
        <inscription-type>coin legend</inscription-type>
      </transcription>
    </transcriptions>
    <monuments>
      <monument>
        <census-id>10186262</census-id>
        <label>Bronze Coin of Sidon (Nero / Europa, RPC I 4618) (owner. P. Ramez)</label>
      </monument>
    </monuments>
  </document>
  <document>
    <census-id>10187773</census-id>
    <name>fol. 205 r</name>
    <transcriptions>
      <transcription>
        <inscription>AYTOKPA</inscription>
        <inscription-type>coin legend</inscription-type>
      </transcription>
    </transcriptions>
    <monuments>
      <monument>
        <census-id>10068329</census-id>
        <label>Tetradrachm of Alexandria (Nero / Bust of Sarapis, RPC I 5274)</label>
      </monument>
    </monuments>
  </document>
  <document>
    <census-id>10187783</census-id>
    <name>fol. 208  r</name>
    <transcriptions>
      <transcription>
        <inscription>&#925;&#917;&#929;WNOC KAICAPOC &#915;&#917;&#929;&#924;&#913;&#925;&#921;&#922;&#927;C</inscription>
        <inscription-type>coin legend</inscription-type>
      </transcription>
    </transcriptions>
    <monuments>
      <monument>
        <census-id>10187782</census-id>
        <label>Silver Coin of Antioch (Nero / Lituus, RPC I 4171)</label>
      </monument>
    </monuments>
  </document>
  <document>
    <census-id>10187786</census-id>
    <name>fol. 209  r</name>
    <transcriptions>
      <transcription>
        <inscription> &#916;&#921;&#916;&#929;&#913;&#935;&#924;&#927;&#925;</inscription>
        <inscription-type>coin legend</inscription-type>
      </transcription>
    </transcriptions>
    <monuments>
      <monument>
        <census-id>10187782</census-id>
        <label>Silver Coin of Antioch (Nero / Lituus, RPC I 4171)</label>
      </monument>
    </monuments>
  </document>
  <document>
    <census-id>10187822</census-id>
    <name>fol. 210 r</name>
    <transcriptions>
      <transcription>
        <inscription>IIE (?)</inscription>
        <inscription-type>coin legend</inscription-type>
      </transcription>
      <transcription>
        <inscription> &#925;&#917;&#929;&#937; &#922;&#923;&#913;Y &#916;&#921;&#927;&#924;</inscription>
        <inscription-type>coin legend</inscription-type>
      </transcription>
    </transcriptions>
    <monuments>
      <monument>
        <census-id>10187820</census-id>
        <label>Tetradrachm of Alexandria (Nero / Tiberius, RPC I 5295)</label>
      </monument>
    </monuments>
  </document>
  <document>
    <census-id>10187826</census-id>
    <name>fol. 211 r</name>
    <transcriptions>
      <transcription>
        <inscription>&#932;&#921;&#914;&#917;&#929;&#921;&#927;&#931; &#922;&#913;&#921;&#931;&#913;&#929;</inscription>
        <inscription-type>coin legend</inscription-type>
      </transcription>
    </transcriptions>
    <monuments>
      <monument>
        <census-id>10187820</census-id>
        <label>Tetradrachm of Alexandria (Nero / Tiberius, RPC I 5295)</label>
      </monument>
    </monuments>
  </document>
  <document>
    <census-id>10187831</census-id>
    <name>fol. 212 r</name>
    <transcriptions>
      <transcription>
        <inscription>&#925;&#917;&#929;&#937;&#925;&#921; &#928;&#913;&#932;&#937;&#925;&#921;E</inscription>
        <inscription-type>coin legend</inscription-type>
      </transcription>
    </transcriptions>
    <monuments>
      <monument>
        <census-id>10187830</census-id>
        <label>Bronze Coin of Nicopolis (Nero / Eleutheria, RPC I 1377)</label>
      </monument>
    </monuments>
  </document>
  <document>
    <census-id>10187834</census-id>
    <name>fol. 213 r</name>
    <transcriptions>
      <transcription>
        <inscription> &#925;&#917;&#929;&#937;&#925;&#921; &#928;&#913;&#932;&#929;&#937;NI</inscription>
        <inscription-type>coin legend</inscription-type>
      </transcription>
    </transcriptions>
    <monuments>
      <monument>
        <census-id>10187830</census-id>
        <label>Bronze Coin of Nicopolis (Nero / Eleutheria, RPC I 1377)</label>
      </monument>
    </monuments>
  </document>
  <document>
    <census-id>10187839</census-id>
    <name>fol. 216 r</name>
    <transcriptions>
      <transcription>
        <inscription> &#925;&#917;&#929;&#937; &#922;&#923;&#913;Y &#922;&#913;&#921;&#931; &#931;&#917;&#914; &#915;&#917;&#929; M</inscription>
        <inscription-type>coin legend</inscription-type>
      </transcription>
    </transcriptions>
    <monuments>
      <monument>
        <census-id>10187838</census-id>
        <label>Tetradrachm of Alexandria (Nero / Sarapis, RPC I 5279)</label>
      </monument>
    </monuments>
  </document>
  <document>
    <census-id>10187842</census-id>
    <name>fol. 217 r</name>
    <transcriptions>
      <transcription>
        <inscription>AYTOKPA</inscription>
        <inscription-type>coin legend</inscription-type>
      </transcription>
      <transcription>
        <inscription>LI&#923;</inscription>
        <inscription-type>coin legend</inscription-type>
      </transcription>
    </transcriptions>
    <monuments>
      <monument>
        <census-id>10187838</census-id>
        <label>Tetradrachm of Alexandria (Nero / Sarapis, RPC I 5279)</label>
      </monument>
    </monuments>
  </document>
  <document>
    <census-id>10187848</census-id>
    <name>fol. 218 r</name>
    <monuments>
      <monument>
        <census-id>10187847</census-id>
        <label>Bronze Coin of Ephesus (Nero, Poppaea / Stag, RPC I 2630)</label>
      </monument>
    </monuments>
  </document>
  <document>
    <census-id>10187850</census-id>
    <name>fol. 219 r</name>
    <transcriptions>
      <transcription>
        <inscription>&#921;&#927;&#923;&#923;&#937;&#925;&#927; &#933;&#928;&#913;&#932;&#927;&#913;&#921;&#935;&#924;&#927;&#13;
</inscription>
        <inscription-type>coin legend</inscription-type>
      </transcription>
      <transcription>
        <inscription>&#917;&#934;&#917;</inscription>
        <inscription-type>coin legend</inscription-type>
      </transcription>
    </transcriptions>
    <monuments>
      <monument>
        <census-id>10187847</census-id>
        <label>Bronze Coin of Ephesus (Nero, Poppaea / Stag, RPC I 2630)</label>
      </monument>
    </monuments>
  </document>
  <document>
    <census-id>10184128</census-id>
    <name>fol. 221 r</name>
    <transcriptions>
      <transcription>
        <inscription>&#913;&#922;&#932;&#921;&#927;&#931; &#913;&#928;&#927;&#923;&#923;&#937;</inscription>
        <inscription-type>coin legend</inscription-type>
      </transcription>
    </transcriptions>
    <monuments>
      <monument>
        <census-id>10184117</census-id>
        <label>As of Alexandria (Nero / Actian Apollo, RPC I 5301) (owner: P. Ramez)</label>
      </monument>
    </monuments>
  </document>
  <document>
    <census-id>10187854</census-id>
    <name>fol. 222 r</name>
    <transcriptions>
      <transcription>
        <inscription>&#925;&#917;&#929;&#937; &#922;&#923;&#913;Y &#922;&#913;&#921;&#931;AP &#931;&#917;&#914;&#13;
</inscription>
        <inscription-type>coin legend</inscription-type>
      </transcription>
    </transcriptions>
    <monuments>
      <monument>
        <census-id>10068329</census-id>
        <label>Tetradrachm of Alexandria (Nero / Bust of Sarapis, RPC I 5274)</label>
      </monument>
    </monuments>
  </document>
  <document>
    <census-id>10186080</census-id>
    <name>fol. 223 r</name>
    <transcriptions>
      <transcription>
        <inscription>&#928;&#927;&#928;&#928;&#913;&#921;&#913; &#931;&#917;&#931;&#932;</inscription>
        <inscription-type>coin legend</inscription-type>
      </transcription>
      <transcription>
        <inscription>LI</inscription>
        <inscription-type>coin legend</inscription-type>
      </transcription>
    </transcriptions>
    <monuments>
      <monument>
        <census-id>10186073</census-id>
        <label>Tetradrachm of Alexandria (Nero / Poppaea, RPC I 5275) (owner: P. Ramez)</label>
      </monument>
    </monuments>
  </document>
  <document>
    <census-id>10187857</census-id>
    <name>fol. 225 r</name>
    <transcriptions>
      <transcription>
        <inscription> &#920;EO&#931; &#931;&#917;&#914;&#913;&#931;&#932;&#908;&#931;</inscription>
        <inscription-type>coin legend</inscription-type>
      </transcription>
    </transcriptions>
    <monuments>
      <monument>
        <census-id>10185299</census-id>
        <label>Silver Coin of Byzantium (Head of Augustus / Livia, RPC 1779)</label>
      </monument>
    </monuments>
  </document>
  <document>
    <census-id>10184125</census-id>
    <name>fol. 226 r</name>
    <transcriptions>
      <transcription>
        <inscription>NEPO KAICAP</inscription>
        <inscription-type>coin legend</inscription-type>
      </transcription>
    </transcriptions>
    <monuments>
      <monument>
        <census-id>10186275</census-id>
        <label>Copper Coin of Nicaea (Nero / Dionysos, RPC I 2051) (owner: J. Strada)</label>
      </monument>
    </monuments>
  </document>
  <document>
    <census-id>10186281</census-id>
    <name>fol. 227 r</name>
    <transcriptions>
      <transcription>
        <inscription>&#933; &#928; &#916;&#921;&#13;
&#929;&#921; &#921;&#927;&#925;&#13;
&#919; &#932;&#921;&#929;</inscription>
        <inscription-type>coin legend</inscription-type>
      </transcription>
    </transcriptions>
    <monuments>
      <monument>
        <census-id>10186275</census-id>
        <label>Copper Coin of Nicaea (Nero / Dionysos, RPC I 2051) (owner: J. Strada)</label>
      </monument>
    </monuments>
  </document>
  <document>
    <census-id>10187860</census-id>
    <name>fol. 228 r</name>
    <transcriptions>
      <transcription>
        <inscription>&#925;&#917;&#929;&#937; &#922;&#923;&#913; &#915;&#917;&#929;&#13;
</inscription>
        <inscription-type>coin legend</inscription-type>
      </transcription>
    </transcriptions>
    <monuments>
      <monument>
        <census-id>10068329</census-id>
        <label>Tetradrachm of Alexandria (Nero / Bust of Sarapis, RPC I 5274)</label>
      </monument>
    </monuments>
  </document>
  <document>
    <census-id>10187516</census-id>
    <name>fol. 229 r</name>
    <transcriptions>
      <transcription>
        <inscription>&#921;&#927;&#933;&#916;&#913;&#921;&#913;&#931; &#928;&#913;&#923;</inscription>
        <inscription-type>coin legend</inscription-type>
      </transcription>
    </transcriptions>
    <monuments>
      <monument>
        <census-id>10187510</census-id>
        <label>Bronze coin of Judaea (Vespasian / Victory, RPC II 2310) (owner P. Ramez)</label>
      </monument>
    </monuments>
  </document>
  <document>
    <census-id>10185754</census-id>
    <name>fol. 234 r</name>
    <transcriptions>
      <transcription>
        <inscription>NERONIS CAESAR MATER AGRI AVG DIVI CLAVD</inscription>
        <inscription-type>coin legend</inscription-type>
      </transcription>
    </transcriptions>
    <monuments>
      <monument>
        <census-id>10185717</census-id>
        <label>Denarius of Nero (Nero and Agrippina Minor / Oak Wreath, RIC 2) (owner: J. Strada)</label>
      </monument>
      <monument>
        <census-id>10185729</census-id>
        <label>Denarius of Nero (Nero and Agrippina Minor / Oak-wreath, RIC 2) (owner: G. Romano)</label>
      </monument>
    </monuments>
  </document>
  <document>
    <census-id>10185757</census-id>
    <name>fol. 235 r</name>
    <transcriptions>
      <transcription>
        <inscription>AGRIPP AVG DIVI CLAUD NERONIS CAES MATER EX S C</inscription>
        <inscription-type>coin legend</inscription-type>
      </transcription>
    </transcriptions>
    <monuments>
      <monument>
        <census-id>10185706</census-id>
        <label>Denarius of Nero (Nero and Agrippina Minor / Quadriga of Elephants, RIC 7) (owner:J. Strada)</label>
      </monument>
      <monument>
        <census-id>10185709</census-id>
        <label>Denarius of Nero (Nero and Agrippina Minor / Quadriga of Elephants, RIC 7) (owner: G. Romano)</label>
      </monument>
    </monuments>
  </document>
  <document>
    <census-id>10185751</census-id>
    <name>fol. 236 r</name>
    <transcriptions>
      <transcription>
        <inscription>NERO CLAVD DIVI F CAES AVG GERM IMP TR P COS</inscription>
        <inscription-type>coin legend</inscription-type>
      </transcription>
    </transcriptions>
    <monuments>
      <monument>
        <census-id>10185706</census-id>
        <label>Denarius of Nero (Nero and Agrippina Minor / Quadriga of Elephants, RIC 7) (owner:J. Strada)</label>
      </monument>
      <monument>
        <census-id>10185709</census-id>
        <label>Denarius of Nero (Nero and Agrippina Minor / Quadriga of Elephants, RIC 7) (owner: G. Romano)</label>
      </monument>
    </monuments>
  </document>
  <document>
    <census-id>10187874</census-id>
    <name>fol. 236 r</name>
    <transcriptions>
      <transcription>
        <inscription>NERO CLAVD DIVI F CAES AVG GERM IMP TR P COS&#13;
</inscription>
        <inscription-type>coin legend</inscription-type>
      </transcription>
    </transcriptions>
    <monuments>
      <monument>
        <census-id>10025781</census-id>
        <label>Aureus of Nero (Nero and Agrippina Minor / Elephant Carriage, RIC 6)</label>
      </monument>
    </monuments>
  </document>
  <document>
    <census-id>10184114</census-id>
    <name>fol. 237 r</name>
    <transcriptions>
      <transcription>
        <inscription>EQVESTER ORDO PRINCIPI IVVENT</inscription>
        <inscription-type>coin legend</inscription-type>
      </transcription>
    </transcriptions>
    <monuments>
      <monument>
        <census-id>10184107</census-id>
        <label>Aureus of Claudius (Nero / Legend on Shield, RIC 78) (owner: P. Ramez)</label>
      </monument>
    </monuments>
  </document>
  <document>
    <census-id>10186237</census-id>
    <name>fol. 238 r</name>
    <transcriptions>
      <transcription>
        <inscription>&#925;&#917;&#929;&#937;&#925; &#922;&#913;&#921;&#931;&#913;&#929; &#931;&#917;&#914;&#913;&#931;&#932;&#927;&#931; &#913;&#915;&#929;&#921;&#928;&#928;&#921;&#925;&#913; &#931;&#917;&#914;&#913;&#931;TH</inscription>
        <inscription-type>coin legend</inscription-type>
      </transcription>
    </transcriptions>
    <monuments>
      <monument>
        <census-id>10186230</census-id>
        <label>Bronze coin of Apamea (Agrippina Minor and Nero / Eagle, RPC I 3136) (owner: A. Agust&#237;n)</label>
      </monument>
    </monuments>
  </document>
  <document>
    <census-id>10186240</census-id>
    <name>fol. 239 r</name>
    <transcriptions>
      <transcription>
        <inscription>KOINON</inscription>
        <inscription-type>coin legend</inscription-type>
      </transcription>
    </transcriptions>
    <monuments>
      <monument>
        <census-id>10186230</census-id>
        <label>Bronze coin of Apamea (Agrippina Minor and Nero / Eagle, RPC I 3136) (owner: A. Agust&#237;n)</label>
      </monument>
    </monuments>
  </document>
  <document>
    <census-id>10187866</census-id>
    <name>fol. 242 r</name>
    <transcriptions>
      <transcription>
        <inscription>&#928;&#927;&#928;&#928;&#913;&#921;&#913; &#931;&#917;&#914;&#913;&#931;&#932;&#919; &#925;&#917;&#929;&#937;&#925; &#922;&#913;&#921;&#931;&#913;&#929; AYTOKPAT&#937;P</inscription>
        <inscription-type>coin legend</inscription-type>
      </transcription>
    </transcriptions>
    <monuments>
      <monument>
        <census-id>10187865</census-id>
        <label>Copper Coin of Ancyra (Nero, Poppaea / Zeus, RPC 3111)</label>
      </monument>
    </monuments>
  </document>
  <document>
    <census-id>10187869</census-id>
    <name>fol. 243 r</name>
    <transcriptions>
      <transcription>
        <inscription>&#927;&#933;&#927;&#923;&#913;&#931;&#917;&#925;&#925;&#913; &#913;&#925;&#920;&#933;&#928;&#913;&#932;&#937; &#921;&#927;&#933;&#923;&#921;&#917;&#937;&#925; &#913;&#925;&#922;&#933;&#929;&#913;&#925;&#937;&#925;</inscription>
        <inscription-type>coin legend</inscription-type>
      </transcription>
      <transcription>
        <inscription>&#914;&#913;&#931;&#931;&#921;&#923;&#923;&#927;&#933;&#13;
&#917;&#934;</inscription>
        <inscription-type>coin legend</inscription-type>
      </transcription>
      <transcription>
        <inscription>MITH&#923;&#923;AENOY&#13;
&#932;E</inscription>
        <inscription-type>coin legend</inscription-type>
      </transcription>
    </transcriptions>
    <monuments>
      <monument>
        <census-id>10187865</census-id>
        <label>Copper Coin of Ancyra (Nero, Poppaea / Zeus, RPC 3111)</label>
      </monument>
    </monuments>
  </document>
  <document>
    <census-id>10186301</census-id>
    <name>fol. 245 r</name>
    <transcriptions>
      <transcription>
        <inscription>&#928;&#927;&#928;&#928;&#913;&#921;&#913;&#917;&#913; &#931;&#917;&#914;</inscription>
        <inscription-type>coin legend</inscription-type>
      </transcription>
      <transcription>
        <inscription>LI</inscription>
        <inscription-type>coin legend</inscription-type>
      </transcription>
    </transcriptions>
    <monuments>
      <monument>
        <census-id>10186073</census-id>
        <label>Tetradrachm of Alexandria (Nero / Poppaea, RPC I 5275) (owner: P. Ramez)</label>
      </monument>
    </monuments>
  </document>
</documents>
