<?xml version="1.0" encoding="utf-8"?>
<documents>
  <document>
    <census-id>10182245</census-id>
    <name>fol. 009 r</name>
    <transcriptions>
      <transcription>
        <inscription>TI CAES DIVI AVG F AVGVSTVS</inscription>
        <inscription-type>coin legend</inscription-type>
      </transcription>
    </transcriptions>
    <monuments>
      <monument>
        <census-id>10182238</census-id>
        <label>Bronze Coin of Calagurris (Head of Tiberius/ Bull, RPC 448) (owner: A. Agust&#237;n)</label>
      </monument>
    </monuments>
  </document>
  <document>
    <census-id>10182250</census-id>
    <name>fol. 010 r</name>
    <transcriptions>
      <transcription>
        <inscription>MCI LE FV SPARSO TI VIR L SATVRNINO</inscription>
        <inscription-type>coin legend</inscription-type>
      </transcription>
    </transcriptions>
    <monuments>
      <monument>
        <census-id>10182238</census-id>
        <label>Bronze Coin of Calagurris (Head of Tiberius/ Bull, RPC 448) (owner: A. Agust&#237;n)</label>
      </monument>
    </monuments>
  </document>
  <document>
    <census-id>10182942</census-id>
    <name>fol. 011 r</name>
    <transcriptions>
      <transcription>
        <inscription>TI CAESAR DIVI AVG F AVG IMP VIII</inscription>
        <inscription-type>coin legend</inscription-type>
      </transcription>
    </transcriptions>
    <monuments>
      <monument>
        <census-id>10051213</census-id>
        <label>Dupondius of Tiberius / Shield with Laurel (RIC 39)</label>
      </monument>
      <monument>
        <census-id>10051446</census-id>
        <label>As of Tiberius / Caduceus (RIC 53)</label>
      </monument>
      <monument>
        <census-id>10051451</census-id>
        <label>As of Tiberius (Tiberius / Rudder and Globus, RIC 58)</label>
      </monument>
      <monument>
        <census-id>10051473</census-id>
        <label>As of Tiberius / Caduceus (RIC 65)</label>
      </monument>
      <monument>
        <census-id>10051516</census-id>
        <label>As of Tiberius / Caduceus (RIC 59)</label>
      </monument>
      <monument>
        <census-id>10052338</census-id>
        <label>Dupondius of Tiberius / Bust on Shield (RIC 38)</label>
      </monument>
      <monument>
        <census-id>10052344</census-id>
        <label>As of Tiberius / Rudder and Globe (RIC 64)</label>
      </monument>
      <monument>
        <census-id>10182971</census-id>
        <label>As of Tiberius (Tiberius / Rudder and globe, RIC 52)</label>
      </monument>
    </monuments>
  </document>
  <document>
    <census-id>10180461</census-id>
    <name>fol. 013 r</name>
    <transcriptions>
      <transcription>
        <inscription>CIVITATIBVS ASIAE RESTITVTIS</inscription>
        <inscription-type>coin legend</inscription-type>
      </transcription>
    </transcriptions>
    <monuments>
      <monument>
        <census-id>10180444</census-id>
        <label>Sestertius of Tiberius / Legend Around SC (RIC Tiberius 48) (owner: A. Maffei)</label>
      </monument>
    </monuments>
  </document>
  <document>
    <census-id>10180456</census-id>
    <name>fol. 014 r</name>
    <transcriptions>
      <transcription>
        <inscription>TI CAESAR DIVI AVG F AVGVST PMTRPOTXXIIII</inscription>
        <inscription-type>coin legend</inscription-type>
      </transcription>
      <transcription>
        <inscription>SC</inscription>
        <inscription-type>coin legend</inscription-type>
      </transcription>
    </transcriptions>
    <monuments>
      <monument>
        <census-id>10180444</census-id>
        <label>Sestertius of Tiberius / Legend Around SC (RIC Tiberius 48) (owner: A. Maffei)</label>
      </monument>
    </monuments>
  </document>
  <document>
    <census-id>10180836</census-id>
    <name>fol. 015 r</name>
    <transcriptions>
      <transcription>
        <inscription>TI CAESAR DIVI AVG F AVG IMP VII...</inscription>
        <inscription-type>coin legend</inscription-type>
      </transcription>
    </transcriptions>
    <monuments>
      <monument>
        <census-id>10180792</census-id>
        <label>As of Tiberius / Rudder with Globe (RIC 64) (owner: A. Agust&#237;n)</label>
      </monument>
    </monuments>
  </document>
  <document>
    <census-id>10180840</census-id>
    <name>fol. 016 r</name>
    <transcriptions>
      <transcription>
        <inscription>PONTIF MAX TR POT XXXII</inscription>
        <inscription-type>coin legend</inscription-type>
      </transcription>
    </transcriptions>
    <monuments>
      <monument>
        <census-id>10180792</census-id>
        <label>As of Tiberius / Rudder with Globe (RIC 64) (owner: A. Agust&#237;n)</label>
      </monument>
    </monuments>
  </document>
  <document>
    <census-id>10181375</census-id>
    <name>fol. 017 r</name>
    <transcriptions>
      <transcription>
        <inscription>TI CAESAR DIVI AVG F AVGVST </inscription>
        <inscription-type>coin legend</inscription-type>
      </transcription>
    </transcriptions>
    <monuments>
      <monument>
        <census-id>10181352</census-id>
        <label>Aureus of Tiberius / Tiberius in Quadriga (RIC 3) (owner: Anonymous Venetian Collector)</label>
      </monument>
    </monuments>
  </document>
  <document>
    <census-id>10181379</census-id>
    <name>fol. 018 r</name>
    <transcriptions>
      <transcription>
        <inscription>IMP VII TR PO XXVII</inscription>
        <inscription-type>coin legend</inscription-type>
      </transcription>
    </transcriptions>
    <monuments>
      <monument>
        <census-id>10181352</census-id>
        <label>Aureus of Tiberius / Tiberius in Quadriga (RIC 3) (owner: Anonymous Venetian Collector)</label>
      </monument>
    </monuments>
  </document>
  <document>
    <census-id>10182525</census-id>
    <name>fol. 021 r</name>
    <transcriptions>
      <transcription>
        <inscription>TI CAES DIVI AVG F AVGUST</inscription>
        <inscription-type>coin legend</inscription-type>
      </transcription>
    </transcriptions>
    <monuments>
      <monument>
        <census-id>10182500</census-id>
        <label>Copper coin of Tarraco (Augustus / Legend in wreath, RPC I 220) (owner: Pedro Ramez)</label>
      </monument>
    </monuments>
  </document>
  <document>
    <census-id>10182520</census-id>
    <name>fol. 022 r</name>
    <transcriptions>
      <transcription>
        <inscription>CVTT</inscription>
        <inscription-type>coin legend</inscription-type>
      </transcription>
    </transcriptions>
    <monuments>
      <monument>
        <census-id>10182500</census-id>
        <label>Copper coin of Tarraco (Augustus / Legend in wreath, RPC I 220) (owner: Pedro Ramez)</label>
      </monument>
    </monuments>
  </document>
  <document>
    <census-id>10182577</census-id>
    <name>fol. 023 r</name>
    <transcriptions>
      <transcription>
        <inscription>TI CAESAR DIVI AVG F AVG IMP VIII</inscription>
        <inscription-type>coin legend</inscription-type>
      </transcription>
    </transcriptions>
    <monuments>
      <monument>
        <census-id>10180792</census-id>
        <label>As of Tiberius / Rudder with Globe (RIC 64) (owner: A. Agust&#237;n)</label>
      </monument>
      <monument>
        <census-id>10182587</census-id>
        <label>As of Tiberius (Tiberius / Rudder and Globus, RIC 58) (owner: A. Agust&#237;n)</label>
      </monument>
    </monuments>
  </document>
  <document>
    <census-id>10182946</census-id>
    <name>fol. 023 r</name>
    <transcriptions>
      <transcription>
        <inscription>TI CAESAR DIVI AVG F AVG IMP VIII</inscription>
        <inscription-type>coin legend</inscription-type>
      </transcription>
    </transcriptions>
    <monuments>
      <monument>
        <census-id>10051213</census-id>
        <label>Dupondius of Tiberius / Shield with Laurel (RIC 39)</label>
      </monument>
      <monument>
        <census-id>10051446</census-id>
        <label>As of Tiberius / Caduceus (RIC 53)</label>
      </monument>
      <monument>
        <census-id>10051451</census-id>
        <label>As of Tiberius (Tiberius / Rudder and Globus, RIC 58)</label>
      </monument>
      <monument>
        <census-id>10051473</census-id>
        <label>As of Tiberius / Caduceus (RIC 65)</label>
      </monument>
      <monument>
        <census-id>10051516</census-id>
        <label>As of Tiberius / Caduceus (RIC 59)</label>
      </monument>
      <monument>
        <census-id>10052338</census-id>
        <label>Dupondius of Tiberius / Bust on Shield (RIC 38)</label>
      </monument>
      <monument>
        <census-id>10052344</census-id>
        <label>As of Tiberius / Rudder and Globe (RIC 64)</label>
      </monument>
      <monument>
        <census-id>10182971</census-id>
        <label>As of Tiberius (Tiberius / Rudder and globe, RIC 52)</label>
      </monument>
    </monuments>
  </document>
  <document>
    <census-id>10182584</census-id>
    <name>fol. 024 r</name>
    <transcriptions>
      <transcription>
        <inscription>PONTIF MAX TR POT XXXIIX SC</inscription>
        <inscription-type>coin legend</inscription-type>
      </transcription>
    </transcriptions>
    <monuments>
      <monument>
        <census-id>10180792</census-id>
        <label>As of Tiberius / Rudder with Globe (RIC 64) (owner: A. Agust&#237;n)</label>
      </monument>
    </monuments>
  </document>
  <document>
    <census-id>10182987</census-id>
    <name>fol. 028 r</name>
    <transcriptions>
      <transcription>
        <inscription>DRVSVS CAES TI AVG P COS II TR POT</inscription>
        <inscription-type>coin legend</inscription-type>
      </transcription>
    </transcriptions>
    <monuments>
      <monument>
        <census-id>10182985</census-id>
        <label>Drachme of Tiberius in Caesarea (Cappadocia) (Tiberius / Drusus minor, RIC 86)</label>
      </monument>
    </monuments>
  </document>
  <document>
    <census-id>10182559</census-id>
    <name>fol. 032 r</name>
    <transcriptions>
      <transcription>
        <inscription>COL AVGVST LIPP&#13;
DIVVS AVGVST</inscription>
        <inscription-type>coin legend</inscription-type>
      </transcription>
    </transcriptions>
    <monuments>
      <monument>
        <census-id>10182550</census-id>
        <label>Bronze Coin of Philippi (Nero / Divus Iulius crowning Augustus, RPC 1655) (owner: G. Duchoul)</label>
      </monument>
    </monuments>
  </document>
  <document>
    <census-id>10182187</census-id>
    <name>fol. 035 r</name>
    <transcriptions>
      <transcription>
        <inscription>TI CAESAR AVG TR P XXII</inscription>
        <inscription-type>coin legend</inscription-type>
      </transcription>
    </transcriptions>
    <monuments>
      <monument>
        <census-id>10182180</census-id>
        <label>Bronze Coin of Antioch (Head of Tiberius / Laurel Wreath, RPC 4272) (owner: G. Kandler)</label>
      </monument>
    </monuments>
  </document>
  <document>
    <census-id>10182192</census-id>
    <name>fol. 036 r</name>
    <transcriptions>
      <transcription>
        <inscription>SC</inscription>
        <inscription-type>coin legend</inscription-type>
      </transcription>
    </transcriptions>
    <monuments>
      <monument>
        <census-id>10182180</census-id>
        <label>Bronze Coin of Antioch (Head of Tiberius / Laurel Wreath, RPC 4272) (owner: G. Kandler)</label>
      </monument>
    </monuments>
  </document>
  <document>
    <census-id>10180280</census-id>
    <name>fol. 037 r</name>
    <transcriptions>
      <transcription>
        <inscription>TI CAESAR DIVI AVG F AVGVSTVS</inscription>
        <inscription-type>coin legend</inscription-type>
      </transcription>
    </transcriptions>
    <monuments>
      <monument>
        <census-id>10180272</census-id>
        <label>Bronze coin of Caesaraugusta (Tiberius / Bull, RPC I 367) (owner: A. Agust&#237;n)</label>
      </monument>
      <monument>
        <census-id>10181882</census-id>
        <label>Bronze Coin of Caesaraugusta (Tiberius / Bull, RPC I 367) (owner: H. Agninus)</label>
      </monument>
    </monuments>
  </document>
  <document>
    <census-id>10180288</census-id>
    <name>fol. 038 r</name>
    <transcriptions>
      <transcription>
        <inscription>T CAECILLIO LEPIDO C AVFIDIO GEMELLO II VIR</inscription>
        <inscription-type>coin legend</inscription-type>
      </transcription>
    </transcriptions>
    <monuments>
      <monument>
        <census-id>10180272</census-id>
        <label>Bronze coin of Caesaraugusta (Tiberius / Bull, RPC I 367) (owner: A. Agust&#237;n)</label>
      </monument>
      <monument>
        <census-id>10181882</census-id>
        <label>Bronze Coin of Caesaraugusta (Tiberius / Bull, RPC I 367) (owner: H. Agninus)</label>
      </monument>
    </monuments>
  </document>
  <document>
    <census-id>10180538</census-id>
    <name>fol. 039 r</name>
    <transcriptions>
      <transcription>
        <inscription>TI CAESAR DIVI AVG F AVG P M TR POT XXXIIX S C</inscription>
        <inscription-type>coin legend</inscription-type>
      </transcription>
    </transcriptions>
    <monuments>
      <monument>
        <census-id>10179722</census-id>
        <label>Sestertius of Tiberius (Deified Augustus / Legend around SC, RIC 56) (owner: A. Conteschi)</label>
      </monument>
      <monument>
        <census-id>10181243</census-id>
        <label>Sestertius of Tiberius (Augustus in Elephant-Quadriga / SC, RIC 68) (owner: A. Agust&#237;n)</label>
      </monument>
      <monument>
        <census-id>10181999</census-id>
        <label>Sestertius of Tiberius (Augustus in Elephant-Quadriga / SC, RIC 62) (owner: A. Conteschi) </label>
      </monument>
    </monuments>
  </document>
  <document>
    <census-id>10181162</census-id>
    <name>fol. 040 r</name>
    <transcriptions>
      <transcription>
        <inscription>DIVO AVGVSTO SPQR</inscription>
        <inscription-type>coin legend</inscription-type>
      </transcription>
    </transcriptions>
    <monuments>
      <monument>
        <census-id>10181150</census-id>
        <label>Sestertius of Tiberius (Augustus in Elephant-Quadriga / SC, RIC 68) (owner: G. Grimani)</label>
      </monument>
      <monument>
        <census-id>10181243</census-id>
        <label>Sestertius of Tiberius (Augustus in Elephant-Quadriga / SC, RIC 68) (owner: A. Agust&#237;n)</label>
      </monument>
      <monument>
        <census-id>10181999</census-id>
        <label>Sestertius of Tiberius (Augustus in Elephant-Quadriga / SC, RIC 62) (owner: A. Conteschi) </label>
      </monument>
    </monuments>
  </document>
  <document>
    <census-id>10181625</census-id>
    <name>fol. 043 r</name>
    <transcriptions>
      <transcription>
        <inscription>TI CAES DIVI AVG F AVGVSTVS </inscription>
        <inscription-type>coin legend</inscription-type>
      </transcription>
    </transcriptions>
    <monuments>
      <monument>
        <census-id>10181605</census-id>
        <label>Copper Coin of Cascantum (Tiberius / Bull, RPC I 425) (owner: A. Tavera) </label>
      </monument>
    </monuments>
  </document>
  <document>
    <census-id>10181628</census-id>
    <name>fol. 044 r</name>
    <transcriptions>
      <transcription>
        <inscription>MVNCIP CASCANTVM</inscription>
        <inscription-type>coin legend</inscription-type>
      </transcription>
    </transcriptions>
    <monuments>
      <monument>
        <census-id>10181605</census-id>
        <label>Copper Coin of Cascantum (Tiberius / Bull, RPC I 425) (owner: A. Tavera) </label>
      </monument>
    </monuments>
  </document>
  <document>
    <census-id>10182492</census-id>
    <name>fol. 046 r</name>
    <monuments>
      <monument>
        <census-id>10182483</census-id>
        <label>Bronze Coin of Corinth (Melikertes and Dolphin/ Pegasus, RPC 1162) (owner: A. Agust&#237;n) </label>
      </monument>
    </monuments>
  </document>
  <document>
    <census-id>10181669</census-id>
    <name>fol. 047 r</name>
    <transcriptions>
      <transcription>
        <inscription>TI CAESAR DIVI AVG F AVG IMP VIII</inscription>
        <inscription-type>coin legend</inscription-type>
      </transcription>
    </transcriptions>
    <monuments>
      <monument>
        <census-id>10181667</census-id>
        <label>Copper Coin of Utica (Tiberius / Livia, RPC I 733) (owner: A. Tavera)</label>
      </monument>
    </monuments>
  </document>
  <document>
    <census-id>10181672</census-id>
    <name>fol. 048 r</name>
    <transcriptions>
      <transcription>
        <inscription>DP DP C RVFVS ECC VIBMARSO PR COS DR CAEQ RP</inscription>
        <inscription-type>coin legend</inscription-type>
      </transcription>
    </transcriptions>
    <monuments>
      <monument>
        <census-id>10181667</census-id>
        <label>Copper Coin of Utica (Tiberius / Livia, RPC I 733) (owner: A. Tavera)</label>
      </monument>
    </monuments>
  </document>
  <document>
    <census-id>10182675</census-id>
    <name>fol. 049 r</name>
    <transcriptions>
      <transcription>
        <inscription>TI CAES DIVI AVG F AVGVSTVS</inscription>
        <inscription-type>coin legend</inscription-type>
      </transcription>
    </transcriptions>
    <monuments>
      <monument>
        <census-id>10066022</census-id>
        <label>Bronze coin of Caesaraugusta (Tiberius / Bull, RPC I 367)</label>
      </monument>
    </monuments>
  </document>
  <document>
    <census-id>10182678</census-id>
    <name>fol. 050 r</name>
    <transcriptions>
      <transcription>
        <inscription>F CLIO LEPIDO C AVF I DIOC F MEL  &#8230; CCA</inscription>
        <inscription-type>coin legend</inscription-type>
      </transcription>
    </transcriptions>
    <monuments>
      <monument>
        <census-id>10066022</census-id>
        <label>Bronze coin of Caesaraugusta (Tiberius / Bull, RPC I 367)</label>
      </monument>
    </monuments>
  </document>
  <document>
    <census-id>10182158</census-id>
    <name>fol. 051 r</name>
    <transcriptions>
      <transcription>
        <inscription>T AVG</inscription>
        <inscription-type>coin legend</inscription-type>
      </transcription>
    </transcriptions>
    <monuments>
      <monument>
        <census-id>10182150</census-id>
        <label>Bronze Coin of Macedonia (Head of Tiberius / Priests ploughing RPC I 1657 (owner: F. Veniero)</label>
      </monument>
    </monuments>
  </document>
  <document>
    <census-id>10182161</census-id>
    <name>fol. 052 r</name>
    <monuments>
      <monument>
        <census-id>10182150</census-id>
        <label>Bronze Coin of Macedonia (Head of Tiberius / Priests ploughing RPC I 1657 (owner: F. Veniero)</label>
      </monument>
    </monuments>
  </document>
  <document>
    <census-id>10180357</census-id>
    <name>fol. 055 r</name>
    <transcriptions>
      <transcription>
        <inscription>TI CAESAR DIVI AVG F AVGVSTIMP VIII</inscription>
        <inscription-type>coin legend</inscription-type>
      </transcription>
    </transcriptions>
    <monuments>
      <monument>
        <census-id>10180336</census-id>
        <label>Dupondius of Tiberius / Shield with Laurel (RIC 39) (owner: S. Erizzo)</label>
      </monument>
    </monuments>
  </document>
  <document>
    <census-id>10180361</census-id>
    <name>fol. 056 r</name>
    <transcriptions>
      <transcription>
        <inscription>MODERATIO S C</inscription>
        <inscription-type>coin legend</inscription-type>
      </transcription>
    </transcriptions>
    <monuments>
      <monument>
        <census-id>10180336</census-id>
        <label>Dupondius of Tiberius / Shield with Laurel (RIC 39) (owner: S. Erizzo)</label>
      </monument>
    </monuments>
  </document>
  <document>
    <census-id>10182139</census-id>
    <name>fol. 057 r</name>
    <transcriptions>
      <transcription>
        <inscription>TI CAESAR IMP P P P</inscription>
        <inscription-type>coin legend</inscription-type>
      </transcription>
    </transcriptions>
    <monuments>
      <monument>
        <census-id>10182129</census-id>
        <label>Bronze Coin of Carthage (Head of Tiberius / Livia, RPC I 754) (owner: J. Matal)</label>
      </monument>
    </monuments>
  </document>
  <document>
    <census-id>10182142</census-id>
    <name>fol. 058 r</name>
    <transcriptions>
      <transcription>
        <inscription>L A FAVSTVS REGINVS III VIR&#13;
D P D P</inscription>
        <inscription-type>coin legend</inscription-type>
      </transcription>
    </transcriptions>
    <monuments>
      <monument>
        <census-id>10182129</census-id>
        <label>Bronze Coin of Carthage (Head of Tiberius / Livia, RPC I 754) (owner: J. Matal)</label>
      </monument>
    </monuments>
  </document>
  <document>
    <census-id>10182978</census-id>
    <name>fol. 059 r</name>
    <transcriptions>
      <transcription>
        <inscription>DIVO AVGVSTO SPQR &#13;
OB CIVIS SER</inscription>
        <inscription-type>coin legend</inscription-type>
      </transcription>
    </transcriptions>
    <monuments>
      <monument>
        <census-id>10051457</census-id>
        <label>Sestertius of Tiberius (Shield / SC, RIC 57)</label>
      </monument>
    </monuments>
  </document>
  <document>
    <census-id>10182683</census-id>
    <name>fol. 060 r</name>
    <transcriptions>
      <transcription>
        <inscription>PONT MAXIM TRI BVN POT XXIIII S C</inscription>
        <inscription-type>coin legend</inscription-type>
      </transcription>
    </transcriptions>
    <monuments>
      <monument>
        <census-id>10025123</census-id>
        <label>As of Tiberius / SC (RIC 44)</label>
      </monument>
    </monuments>
  </document>
  <document>
    <census-id>10180373</census-id>
    <name>fol. 063 r</name>
    <transcriptions>
      <transcription>
        <inscription>TI CAESAR DIVI AVG F AVGVSTVS</inscription>
        <inscription-type>coin legend</inscription-type>
      </transcription>
    </transcriptions>
    <monuments>
      <monument>
        <census-id>10180364</census-id>
        <label>Denarius of Tiberius / Female Figure (RIC 26) (owner: A. Agust&#237;n)</label>
      </monument>
      <monument>
        <census-id>10181899</census-id>
        <label>Aureus of Tiberius / Female Figure Seated (RIC 25) (owner: J. J. Fugger)</label>
      </monument>
    </monuments>
  </document>
  <document>
    <census-id>10180377</census-id>
    <name>fol. 064 r</name>
    <transcriptions>
      <transcription>
        <inscription>MAXIM PONTIF</inscription>
        <inscription-type>coin legend</inscription-type>
      </transcription>
    </transcriptions>
    <monuments>
      <monument>
        <census-id>10180364</census-id>
        <label>Denarius of Tiberius / Female Figure (RIC 26) (owner: A. Agust&#237;n)</label>
      </monument>
      <monument>
        <census-id>10181899</census-id>
        <label>Aureus of Tiberius / Female Figure Seated (RIC 25) (owner: J. J. Fugger)</label>
      </monument>
    </monuments>
  </document>
  <document>
    <census-id>10180401</census-id>
    <name>fol. 065 r</name>
    <transcriptions>
      <transcription>
        <inscription>TI CAESAR DIVI AVG F AVG IMP...</inscription>
        <inscription-type>coin legend</inscription-type>
      </transcription>
    </transcriptions>
    <monuments>
      <monument>
        <census-id>10180386</census-id>
        <label>As of Tiberius / Seated Female Figure (RIC 34) (owner: A. Agust&#237;n)</label>
      </monument>
    </monuments>
  </document>
  <document>
    <census-id>10180405</census-id>
    <name>fol. 066 r</name>
    <transcriptions>
      <transcription>
        <inscription>PONTIF MAXIM TRIBVN POTEST XVII </inscription>
        <inscription-type>coin legend</inscription-type>
      </transcription>
    </transcriptions>
    <monuments>
      <monument>
        <census-id>10180386</census-id>
        <label>As of Tiberius / Seated Female Figure (RIC 34) (owner: A. Agust&#237;n)</label>
      </monument>
    </monuments>
  </document>
  <document>
    <census-id>10182982</census-id>
    <name>fol. 067 r</name>
    <transcriptions>
      <transcription>
        <inscription>TI CAESAR DIVI AVG F AVGVSTVS</inscription>
        <inscription-type>coin legend</inscription-type>
      </transcription>
    </transcriptions>
    <monuments>
      <monument>
        <census-id>10065213</census-id>
        <label>Aureus of Tiberius / Tiberius in Quadriga (RIC Tiberius 1) (owner: F. Angeloni)</label>
      </monument>
    </monuments>
  </document>
  <document>
    <census-id>10182992</census-id>
    <name>fol. 070 r</name>
    <transcriptions>
      <transcription>
        <inscription>NERO CLAV CAESAR IMP ET OCTAVIA AVGVSTA</inscription>
        <inscription-type>coin legend</inscription-type>
      </transcription>
    </transcriptions>
    <monuments>
      <monument>
        <census-id>10030746</census-id>
        <label>Copper Coin of Cnossus (Head of Nero / Heads of Nero and Octavia, RPC I 1005) (owner: E. Vico)</label>
      </monument>
    </monuments>
  </document>
  <document>
    <census-id>10180261</census-id>
    <name>fol. 071 r</name>
    <transcriptions>
      <transcription>
        <inscription>TI CAESARI AVG EQ ORD COD</inscription>
        <inscription-type>coin legend</inscription-type>
      </transcription>
    </transcriptions>
    <monuments>
      <monument>
        <census-id>10180254</census-id>
        <label>Provincial Bronze Coin of Tiberius / Altar (RPC I 5451) (owner: F. Veniero)</label>
      </monument>
    </monuments>
  </document>
  <document>
    <census-id>10182337</census-id>
    <name>fol. 075 r</name>
    <transcriptions>
      <transcription>
        <inscription>TI CAESAR DIVI AVG F AVG IMP VIII</inscription>
        <inscription-type>coin legend</inscription-type>
      </transcription>
    </transcriptions>
    <monuments>
      <monument>
        <census-id>10182328</census-id>
        <label>As of Tiberius / SC (RIC 44) (owner: A. Agust&#237;n)</label>
      </monument>
    </monuments>
  </document>
  <document>
    <census-id>10181259</census-id>
    <name>fol. 076 r</name>
    <transcriptions>
      <transcription>
        <inscription>PONT MAXIM COS III IMP VII TR POT XXII</inscription>
        <inscription-type>coin legend</inscription-type>
      </transcription>
    </transcriptions>
    <monuments>
      <monument>
        <census-id>10181251</census-id>
        <label>Dupondius of Tiberius / Caduceus (RIC 90) (owner: J. Strada)</label>
      </monument>
    </monuments>
  </document>
  <document>
    <census-id>10180265</census-id>
    <name>fol. 077 r</name>
    <transcriptions>
      <transcription>
        <inscription>TI CAESAR DIVI AVG F AVG IMP VIII</inscription>
        <inscription-type>coin legend</inscription-type>
      </transcription>
    </transcriptions>
    <monuments>
      <monument>
        <census-id>10180545</census-id>
        <label>As of Tiberius / Caduceus (RIC 53) (owner: A. Agust&#237;n)</label>
      </monument>
      <monument>
        <census-id>10180893</census-id>
        <label>As of Tiberius / Caduceus (RIC 59) (owner: A. Agust&#237;n)</label>
      </monument>
    </monuments>
  </document>
  <document>
    <census-id>10180583</census-id>
    <name>fol. 078 r</name>
    <transcriptions>
      <transcription>
        <inscription>SC</inscription>
        <inscription-type>coin legend</inscription-type>
      </transcription>
      <transcription>
        <inscription>MAXIM TRIBVN OTEST XXIIX PONTIF </inscription>
        <inscription-type>coin legend</inscription-type>
      </transcription>
    </transcriptions>
    <monuments>
      <monument>
        <census-id>10180545</census-id>
        <label>As of Tiberius / Caduceus (RIC 53) (owner: A. Agust&#237;n)</label>
      </monument>
      <monument>
        <census-id>10180893</census-id>
        <label>As of Tiberius / Caduceus (RIC 59) (owner: A. Agust&#237;n)</label>
      </monument>
    </monuments>
  </document>
  <document>
    <census-id>10180303</census-id>
    <name>fol. 080 r</name>
    <transcriptions>
      <transcription>
        <inscription>M CATO L VETTIACVS II VIR C C A</inscription>
        <inscription-type>coin legend</inscription-type>
      </transcription>
    </transcriptions>
    <monuments>
      <monument>
        <census-id>10180291</census-id>
        <label>Copper coin of Caesaraugusta (Tiberius / Priest, RPC I 349) (owner: P. Ramez)</label>
      </monument>
    </monuments>
  </document>
  <document>
    <census-id>10180299</census-id>
    <name>fol. 081 r</name>
    <transcriptions>
      <transcription>
        <inscription>TI CASEAR DIVI AVG F AVGVSTVS</inscription>
        <inscription-type>coin legend</inscription-type>
      </transcription>
    </transcriptions>
    <monuments>
      <monument>
        <census-id>10180291</census-id>
        <label>Copper coin of Caesaraugusta (Tiberius / Priest, RPC I 349) (owner: P. Ramez)</label>
      </monument>
    </monuments>
  </document>
  <document>
    <census-id>10180327</census-id>
    <name>fol. 083 r</name>
    <transcriptions>
      <transcription>
        <inscription>DIVUS CAESAR AVG TI CI AV PNR</inscription>
        <inscription-type>coin legend</inscription-type>
      </transcription>
    </transcriptions>
    <monuments>
      <monument>
        <census-id>10180321</census-id>
        <label>Quadrans of Claudius (Hand Holding Scales / Legend Around SC, RIC 89) (owner: A. Agust&#237;n)</label>
      </monument>
    </monuments>
  </document>
  <document>
    <census-id>10180331</census-id>
    <name>fol. 084 r</name>
    <transcriptions>
      <transcription>
        <inscription>SC</inscription>
        <inscription-type>coin legend</inscription-type>
      </transcription>
      <transcription>
        <inscription>PON M TR P IMP COS II </inscription>
        <inscription-type>coin legend</inscription-type>
      </transcription>
    </transcriptions>
    <monuments>
      <monument>
        <census-id>10180321</census-id>
        <label>Quadrans of Claudius (Hand Holding Scales / Legend Around SC, RIC 89) (owner: A. Agust&#237;n)</label>
      </monument>
    </monuments>
  </document>
  <document>
    <census-id>10182686</census-id>
    <name>fol. 085 r</name>
    <transcriptions>
      <transcription>
        <inscription>TI CAESAR DIVI AVG F AVG IMP VIII</inscription>
        <inscription-type>coin legend</inscription-type>
      </transcription>
    </transcriptions>
    <monuments>
      <monument>
        <census-id>10025123</census-id>
        <label>As of Tiberius / SC (RIC 44)</label>
      </monument>
    </monuments>
  </document>
  <document>
    <census-id>10180025</census-id>
    <name>fol. 086 r</name>
    <transcriptions>
      <transcription>
        <inscription>PONTIF TRIBVN POTEST ITER</inscription>
        <inscription-type>coin legend</inscription-type>
      </transcription>
      <transcription>
        <inscription>SC</inscription>
        <inscription-type>coin legend</inscription-type>
      </transcription>
    </transcriptions>
    <monuments>
      <monument>
        <census-id>10179998</census-id>
        <label>As of Tiberius (Drusus Minor / SC, RIC 45) (owner: J. Strada)</label>
      </monument>
    </monuments>
  </document>
  <document>
    <census-id>10180542</census-id>
    <name>fol. 087 r</name>
    <transcriptions>
      <transcription>
        <inscription>DIVO AVGVSTO SPQR</inscription>
        <inscription-type>coin legend</inscription-type>
      </transcription>
    </transcriptions>
    <monuments>
      <monument>
        <census-id>10179722</census-id>
        <label>Sestertius of Tiberius (Deified Augustus / Legend around SC, RIC 56) (owner: A. Conteschi)</label>
      </monument>
    </monuments>
  </document>
  <document>
    <census-id>10180657</census-id>
    <name>fol. 089 r</name>
    <monuments>
      <monument>
        <census-id>10180648</census-id>
        <label>Sestertius of Tiberius (Quadriga / SC, RIC 60) (owner: A. Conteschi)</label>
      </monument>
    </monuments>
  </document>
  <document>
    <census-id>10180636</census-id>
    <name>fol. 090 r</name>
    <transcriptions>
      <transcription>
        <inscription>SC</inscription>
        <inscription-type>coin legend</inscription-type>
      </transcription>
      <transcription>
        <inscription>TI CAESAR DIVI AVG F AVGVST PM TR POT XXXVIII </inscription>
        <inscription-type>coin legend</inscription-type>
      </transcription>
    </transcriptions>
    <monuments>
      <monument>
        <census-id>10180587</census-id>
        <label>Sestertius of Tiberius (Shield / SC, RIC 63) (owner: J. Fugger)</label>
      </monument>
      <monument>
        <census-id>10180648</census-id>
        <label>Sestertius of Tiberius (Quadriga / SC, RIC 60) (owner: A. Conteschi)</label>
      </monument>
      <monument>
        <census-id>10180771</census-id>
        <label>Sestertius of Tiberius (Temple / SC, RIC 61) (owner: A. Agust&#237;n)</label>
      </monument>
    </monuments>
  </document>
  <document>
    <census-id>10180788</census-id>
    <name>fol. 091 r</name>
    <transcriptions>
      <transcription>
        <inscription>S C</inscription>
        <inscription-type>coin legend</inscription-type>
      </transcription>
    </transcriptions>
    <monuments>
      <monument>
        <census-id>10180771</census-id>
        <label>Sestertius of Tiberius (Temple / SC, RIC 61) (owner: A. Agust&#237;n)</label>
      </monument>
    </monuments>
  </document>
  <document>
    <census-id>10180631</census-id>
    <name>fol. 093 r</name>
    <transcriptions>
      <transcription>
        <inscription>DIVO AVGVSTO SPQR</inscription>
        <inscription-type>coin legend</inscription-type>
      </transcription>
      <transcription>
        <inscription>OB CIVES SERVATOS</inscription>
        <inscription-type>coin legend</inscription-type>
      </transcription>
    </transcriptions>
    <monuments>
      <monument>
        <census-id>10180587</census-id>
        <label>Sestertius of Tiberius (Shield / SC, RIC 63) (owner: J. Fugger)</label>
      </monument>
    </monuments>
  </document>
  <document>
    <census-id>10180441</census-id>
    <name>fol. 095 r</name>
    <transcriptions>
      <transcription>
        <inscription>IVSTITIA</inscription>
        <inscription-type>coin legend</inscription-type>
      </transcription>
    </transcriptions>
    <monuments>
      <monument>
        <census-id>10180421</census-id>
        <label>Dupondius of Tiberius (Livia (?) as Justitia / SC, RIC 46) (owner: A. Agust&#237;n)</label>
      </monument>
    </monuments>
  </document>
  <document>
    <census-id>10180526</census-id>
    <name>fol. 097 r</name>
    <transcriptions>
      <transcription>
        <inscription>DIVUS AVGVSTVS PATER</inscription>
        <inscription-type>coin legend</inscription-type>
      </transcription>
    </transcriptions>
    <monuments>
      <monument>
        <census-id>10180465</census-id>
        <label>Sestertius of Tiberius (Augustus Seated / SC, RIC 49) (owner: A. Conteschi)</label>
      </monument>
    </monuments>
  </document>
  <document>
    <census-id>10180521</census-id>
    <name>fol. 098 r</name>
    <transcriptions>
      <transcription>
        <inscription>TI CAESAR DIVI AVGVST F AVG P M TR POT XXIIII S C</inscription>
        <inscription-type>coin legend</inscription-type>
      </transcription>
      <transcription>
        <inscription>SC</inscription>
        <inscription-type>coin legend</inscription-type>
      </transcription>
    </transcriptions>
    <monuments>
      <monument>
        <census-id>10180465</census-id>
        <label>Sestertius of Tiberius (Augustus Seated / SC, RIC 49) (owner: A. Conteschi)</label>
      </monument>
    </monuments>
  </document>
  <document>
    <census-id>10183140</census-id>
    <name>fol. 099 r</name>
    <transcriptions>
      <transcription>
        <inscription>TI CAES DIVI AVG F AVGVST</inscription>
        <inscription-type>coin legend</inscription-type>
      </transcription>
    </transcriptions>
    <monuments>
      <monument>
        <census-id>10180386</census-id>
        <label>As of Tiberius / Seated Female Figure (RIC 34) (owner: A. Agust&#237;n)</label>
      </monument>
    </monuments>
  </document>
  <document>
    <census-id>10182344</census-id>
    <name>fol. 100 r</name>
    <transcriptions>
      <transcription>
        <inscription>PONTIF MAXIM TRIBVN POTEST XXII S C</inscription>
        <inscription-type>coin legend</inscription-type>
      </transcription>
    </transcriptions>
    <monuments>
      <monument>
        <census-id>10182342</census-id>
        <label>As of Tiberius (Tiberius / Veiled female figure, RIC 41) (owner: A. Agust&#237;n)</label>
      </monument>
    </monuments>
  </document>
  <document>
    <census-id>10182691</census-id>
    <name>fol. 101 r</name>
    <transcriptions>
      <transcription>
        <inscription>DIVVS AVGVSTVS PATER</inscription>
        <inscription-type>coin legend</inscription-type>
      </transcription>
    </transcriptions>
    <monuments>
      <monument>
        <census-id>10044331</census-id>
        <label>As of Tiberius (Augustus / Eagle, RIC 82)</label>
      </monument>
    </monuments>
  </document>
  <document>
    <census-id>10182694</census-id>
    <name>fol. 102 r</name>
    <transcriptions>
      <transcription>
        <inscription>IMP CAES AVG RESTITVIT S C</inscription>
        <inscription-type>coin legend</inscription-type>
      </transcription>
    </transcriptions>
    <monuments>
      <monument>
        <census-id>10044331</census-id>
        <label>As of Tiberius (Augustus / Eagle, RIC 82)</label>
      </monument>
    </monuments>
  </document>
  <document>
    <census-id>10183022</census-id>
    <name>fol. 103 r</name>
    <transcriptions>
      <transcription>
        <inscription>DEO AVGVSTO</inscription>
        <inscription-type>coin legend</inscription-type>
      </transcription>
    </transcriptions>
    <monuments>
      <monument>
        <census-id>10060008</census-id>
        <label>Bronze Coin of Tarraco (Head of Octavian / Temple, RPC I 224)</label>
      </monument>
    </monuments>
  </document>
  <document>
    <census-id>10180436</census-id>
    <name>fol. 104 r</name>
    <transcriptions>
      <transcription>
        <inscription>SC</inscription>
        <inscription-type>coin legend</inscription-type>
      </transcription>
      <transcription>
        <inscription>CAESAR DIVI AVG F AVG  MTRPOTXXIIII</inscription>
        <inscription-type>coin legend</inscription-type>
      </transcription>
    </transcriptions>
    <monuments>
      <monument>
        <census-id>10180421</census-id>
        <label>Dupondius of Tiberius (Livia (?) as Justitia / SC, RIC 46) (owner: A. Agust&#237;n)</label>
      </monument>
    </monuments>
  </document>
  <document>
    <census-id>10183026</census-id>
    <name>fol. 106 r</name>
    <transcriptions>
      <transcription>
        <inscription>TI CAESAR DIVI AVG F AVGVST PM TR POT XXVII S C</inscription>
        <inscription-type>coin legend</inscription-type>
      </transcription>
    </transcriptions>
    <monuments>
      <monument>
        <census-id>10066541</census-id>
        <label>Sestertius of Tiberius (Augustus in Elephant-Quadriga / SC, RIC 62) (owner: F. Angeloni)</label>
      </monument>
      <monument>
        <census-id>10066589</census-id>
        <label>Sestertius of Tiberius (Temple / SC, RIC 61) (owner: F. Angeloni)</label>
      </monument>
      <monument>
        <census-id>10066596</census-id>
        <label>Sestertius of Tiberius (Shield / SC, RIC 63) (owner: F. Angeloni)</label>
      </monument>
      <monument>
        <census-id>10066600</census-id>
        <label>Sestertius of Tiberius (Quadriga / SC, RIC 60) (owner: F. Angeloni)</label>
      </monument>
      <monument>
        <census-id>10180587</census-id>
        <label>Sestertius of Tiberius (Shield / SC, RIC 63) (owner: J. Fugger)</label>
      </monument>
      <monument>
        <census-id>10180648</census-id>
        <label>Sestertius of Tiberius (Quadriga / SC, RIC 60) (owner: A. Conteschi)</label>
      </monument>
      <monument>
        <census-id>10180771</census-id>
        <label>Sestertius of Tiberius (Temple / SC, RIC 61) (owner: A. Agust&#237;n)</label>
      </monument>
      <monument>
        <census-id>10181999</census-id>
        <label>Sestertius of Tiberius (Augustus in Elephant-Quadriga / SC, RIC 62) (owner: A. Conteschi) </label>
      </monument>
    </monuments>
  </document>
  <document>
    <census-id>10183032</census-id>
    <name>fol. 107 r</name>
    <transcriptions>
      <transcription>
        <inscription>TI CAESAR DIVI AVG F AVGVST PM TR POT XXXVI S C</inscription>
        <inscription-type>coin legend</inscription-type>
      </transcription>
    </transcriptions>
    <monuments>
      <monument>
        <census-id>10051457</census-id>
        <label>Sestertius of Tiberius (Shield / SC, RIC 57)</label>
      </monument>
      <monument>
        <census-id>10159057</census-id>
        <label>Sestertius of Tiberius (Temple / SC, RIC 55)</label>
      </monument>
      <monument>
        <census-id>10179712</census-id>
        <label>Sestertius of Tiberius (Deified Augustus / Legend around SC, RIC 56)</label>
      </monument>
      <monument>
        <census-id>10179722</census-id>
        <label>Sestertius of Tiberius (Deified Augustus / Legend around SC, RIC 56) (owner: A. Conteschi)</label>
      </monument>
      <monument>
        <census-id>10183029</census-id>
        <label>Sestertius of Tiberius (Quadriga / SC, RIC 54)</label>
      </monument>
    </monuments>
  </document>
  <document>
    <census-id>10183036</census-id>
    <name>fol. 108 r</name>
    <transcriptions>
      <transcription>
        <inscription>PACE AVG PERP</inscription>
        <inscription-type>coin legend</inscription-type>
      </transcription>
    </transcriptions>
    <monuments>
      <monument>
        <census-id>10063906</census-id>
        <label>Provincial Bronze Coin of Tiberius / Altar (RPC I 5451)</label>
      </monument>
      <monument>
        <census-id>10180254</census-id>
        <label>Provincial Bronze Coin of Tiberius / Altar (RPC I 5451) (owner: F. Veniero)</label>
      </monument>
    </monuments>
  </document>
  <document>
    <census-id>10182699</census-id>
    <name>fol. 111 r</name>
    <transcriptions>
      <transcription>
        <inscription>DIVVS AVGVSTVS PATER</inscription>
        <inscription-type>coin legend</inscription-type>
      </transcription>
    </transcriptions>
    <monuments>
      <monument>
        <census-id>10051453</census-id>
        <label>Sestertius of Tiberius (Augustus Seated / SC, RIC 49)</label>
      </monument>
    </monuments>
  </document>
  <document>
    <census-id>10182702</census-id>
    <name>fol. 112 r</name>
    <transcriptions>
      <transcription>
        <inscription>TI CAESAR DIVI AVG F AVGVST P M TR POT XXIIII S C&#13;
</inscription>
        <inscription-type>coin legend</inscription-type>
      </transcription>
    </transcriptions>
    <monuments>
      <monument>
        <census-id>10051453</census-id>
        <label>Sestertius of Tiberius (Augustus Seated / SC, RIC 49)</label>
      </monument>
    </monuments>
  </document>
  <document>
    <census-id>10183040</census-id>
    <name>fol. 114 r</name>
    <transcriptions>
      <transcription>
        <inscription>DRVSVS CAESAR TI AVG F DIVI AVG N PONT TR POT II &#13;
S C &#13;
</inscription>
        <inscription-type>coin legend</inscription-type>
      </transcription>
    </transcriptions>
    <monuments>
      <monument>
        <census-id>10052362</census-id>
        <label>Sestertius of Tiberius (Crossed Cornucopiae / SC, RIC 42)</label>
      </monument>
      <monument>
        <census-id>10066614</census-id>
        <label>Sestertius of Tiberius (Crossed Cornucopiae / SC, RIC 42) (owner: F. Angeloni)</label>
      </monument>
    </monuments>
  </document>
  <document>
    <census-id>10180178</census-id>
    <name>fol. 119 r</name>
    <transcriptions>
      <transcription>
        <inscription>TI CAESAR AVGVSTI F IMPERATOR</inscription>
        <inscription-type>coin legend</inscription-type>
      </transcription>
    </transcriptions>
    <monuments>
      <monument>
        <census-id>10180162</census-id>
        <label>Sestertius of Augustus (Tiberius / Altar, RIC 240) (owner: A. Conteschi)</label>
      </monument>
    </monuments>
  </document>
  <document>
    <census-id>10180182</census-id>
    <name>fol. 120 r</name>
    <transcriptions>
      <transcription>
        <inscription>ROM ET AVG</inscription>
        <inscription-type>coin legend</inscription-type>
      </transcription>
    </transcriptions>
    <monuments>
      <monument>
        <census-id>10180162</census-id>
        <label>Sestertius of Augustus (Tiberius / Altar, RIC 240) (owner: A. Conteschi)</label>
      </monument>
    </monuments>
  </document>
  <document>
    <census-id>10182710</census-id>
    <name>fol. 121 r</name>
    <transcriptions>
      <transcription>
        <inscription>TI CAESAR DIVI AVG F AVGVSTI</inscription>
        <inscription-type>coin legend</inscription-type>
      </transcription>
    </transcriptions>
    <monuments>
      <monument>
        <census-id>10060151</census-id>
        <label>Quadrans of Tiberius / Altar of Lyons (RIC 32)</label>
      </monument>
    </monuments>
  </document>
  <document>
    <census-id>10182713</census-id>
    <name>fol. 122 r</name>
    <transcriptions>
      <transcription>
        <inscription>ROM ET AVG S C</inscription>
        <inscription-type>coin legend</inscription-type>
      </transcription>
    </transcriptions>
    <monuments>
      <monument>
        <census-id>10060151</census-id>
        <label>Quadrans of Tiberius / Altar of Lyons (RIC 32)</label>
      </monument>
    </monuments>
  </document>
  <document>
    <census-id>10182320</census-id>
    <name>fol. 125 r</name>
    <transcriptions>
      <transcription>
        <inscription>&#932;&#921;&#914;&#917;&#929; &#922;&#913;&#921; &#931;&#917;&#914;&#913;&#931;&#932;&#927;&#931;</inscription>
        <inscription-type>coin legend</inscription-type>
      </transcription>
    </transcriptions>
    <monuments>
      <monument>
        <census-id>10182313</census-id>
        <label>Bronze Coin of Antioch (Head of Tiberius / Laurel Wreath, RPC 4274) (owner: P. Ramez)</label>
      </monument>
    </monuments>
  </document>
  <document>
    <census-id>10182325</census-id>
    <name>fol. 126 r</name>
    <transcriptions>
      <transcription>
        <inscription>&#913;. &#917;&#928;&#921;&#931;&#921;&#923;&#913;&#925;&#927;&#933; &#913;&#925;&#932;&#921;&#927;&#935;&#917;&#937;&#925;.</inscription>
        <inscription-type>coin legend</inscription-type>
      </transcription>
    </transcriptions>
    <monuments>
      <monument>
        <census-id>10177823</census-id>
        <label>Bronze Coin of Antioch (Bare Head / Laurel Wreath and Greek Legend, RPC I 4270) (owner: P. Ramez) </label>
      </monument>
    </monuments>
  </document>
  <document>
    <census-id>10182570</census-id>
    <name>fol. 128 r</name>
    <transcriptions>
      <transcription>
        <inscription>&#931;&#921;&#916;&#937;&#925;&#927;&#931;</inscription>
        <inscription-type>coin legend</inscription-type>
      </transcription>
    </transcriptions>
    <monuments>
      <monument>
        <census-id>10182563</census-id>
        <label>Bronze Coin of Sidon (Laureate Head / Europa on Bull, RPC 4612) (owner: Achillino)</label>
      </monument>
    </monuments>
  </document>
  <document>
    <census-id>10182720</census-id>
    <name>fol. 129 r</name>
    <transcriptions>
      <transcription>
        <inscription>&#932;&#921; &#922;&#913;&#921;&#931;&#913;&#929; &#931;&#917;&#914;&#913;&#931;&#932;&#927;&#931;</inscription>
        <inscription-type>coin legend</inscription-type>
      </transcription>
    </transcriptions>
    <monuments>
      <monument>
        <census-id>10182717</census-id>
        <label>Bronze Coin of Thessalonica (Tiberius / Livia, RPC 1567) </label>
      </monument>
    </monuments>
  </document>
  <document>
    <census-id>10182723</census-id>
    <name>fol. 130 r</name>
    <transcriptions>
      <transcription>
        <inscription>NON &#931;&#917;&#914;&#913;&#931;&#932;H M</inscription>
        <inscription-type>coin legend</inscription-type>
      </transcription>
    </transcriptions>
    <monuments>
      <monument>
        <census-id>10182717</census-id>
        <label>Bronze Coin of Thessalonica (Tiberius / Livia, RPC 1567) </label>
      </monument>
    </monuments>
  </document>
  <document>
    <census-id>10182751</census-id>
    <name>fol. 131 r</name>
    <transcriptions>
      <transcription>
        <inscription>&#932;&#921; &#922;&#913;&#921;&#931;&#913;&#929;</inscription>
        <inscription-type>coin legend</inscription-type>
      </transcription>
    </transcriptions>
    <monuments>
      <monument>
        <census-id>10182740</census-id>
        <label>Bronze Coin of Thessalonica (Tiberius / Livia, RPC 1570)</label>
      </monument>
    </monuments>
  </document>
  <document>
    <census-id>10182758</census-id>
    <name>fol. 132 r</name>
    <transcriptions>
      <transcription>
        <inscription>&#920;&#917;&#931;&#931;&#913;&#923;&#927;&#925;&#906;&#922;&#917;&#921;&#927;&#925; CIAM</inscription>
        <inscription-type>coin legend</inscription-type>
      </transcription>
    </transcriptions>
    <monuments>
      <monument>
        <census-id>10182740</census-id>
        <label>Bronze Coin of Thessalonica (Tiberius / Livia, RPC 1570)</label>
      </monument>
    </monuments>
  </document>
  <document>
    <census-id>10182871</census-id>
    <name>fol. 133 r</name>
    <transcriptions>
      <transcription>
        <inscription>&#932;I &#922;&#913;&#906;&#931;&#913;&#929; &#931;&#917;&#914;&#913;&#931;&#932;&#908;&#931;</inscription>
        <inscription-type>coin legend</inscription-type>
      </transcription>
    </transcriptions>
    <monuments>
      <monument>
        <census-id>10182867</census-id>
        <label>Bronze Coin of Amphipolis (Tiberius / Artemis and Bull, RPC 1632)</label>
      </monument>
    </monuments>
  </document>
  <document>
    <census-id>10182874</census-id>
    <name>fol. 134 r</name>
    <transcriptions>
      <transcription>
        <inscription>&#913;&#924;&#934;&#906;&#928;&#927;&#923;EI&#932;&#937;&#925;</inscription>
        <inscription-type>coin legend</inscription-type>
      </transcription>
    </transcriptions>
    <monuments>
      <monument>
        <census-id>10182867</census-id>
        <label>Bronze Coin of Amphipolis (Tiberius / Artemis and Bull, RPC 1632)</label>
      </monument>
    </monuments>
  </document>
  <document>
    <census-id>10181961</census-id>
    <name>fol. 135 r</name>
    <transcriptions>
      <transcription>
        <inscription>TIBEPIOC CEBACTOC</inscription>
        <inscription-type>coin legend</inscription-type>
      </transcription>
    </transcriptions>
    <monuments>
      <monument>
        <census-id>10181912</census-id>
        <label>Bronze Coin of Corinth (Head of Tiberius / Altar, RPC 2470) (owner: A. Caro)</label>
      </monument>
    </monuments>
  </document>
  <document>
    <census-id>10181974</census-id>
    <name>fol. 136 r</name>
    <transcriptions>
      <transcription>
        <inscription>MYPH [?] IANOC</inscription>
        <inscription-type>coin legend</inscription-type>
      </transcription>
    </transcriptions>
    <monuments>
      <monument>
        <census-id>10181912</census-id>
        <label>Bronze Coin of Corinth (Head of Tiberius / Altar, RPC 2470) (owner: A. Caro)</label>
      </monument>
    </monuments>
  </document>
  <document>
    <census-id>10183085</census-id>
    <name>fol. 142 r</name>
    <transcriptions>
      <transcription>
        <inscription>CI&#916;&#937;NOC</inscription>
        <inscription-type>coin legend</inscription-type>
      </transcription>
    </transcriptions>
    <monuments>
      <monument>
        <census-id>10183030</census-id>
        <label>Bronze Coin of Sidon (Tetrastyle Temple / Europa on Bull, RPC 4568)</label>
      </monument>
      <monument>
        <census-id>10183072</census-id>
        <label>Bronze Coin of Sidon (Tetrastyle Temple / Europa on Bull, RPC 4569)</label>
      </monument>
      <monument>
        <census-id>10183079</census-id>
        <label>Bronze Coin of Sidon (Tetrastyle Temple / Europa on Bull, RPC 4570)</label>
      </monument>
      <monument>
        <census-id>10183083</census-id>
        <label>Bronze Coin of Sidon (Tetrastyle Temple / Europa on Bull, RPC 4571)</label>
      </monument>
    </monuments>
  </document>
  <document>
    <census-id>10182062</census-id>
    <name>fol. 143 r</name>
    <transcriptions>
      <transcription>
        <inscription>&#931;&#917;&#914;&#913;&#931;&#932;&#927;&#931;</inscription>
        <inscription-type>coin legend</inscription-type>
      </transcription>
    </transcriptions>
    <monuments>
      <monument>
        <census-id>10182029</census-id>
        <label>Bronze Coin of Alexandria (Head of Claudius / Bull, RPC I 5126) (owner: A. Agust&#237;n)</label>
      </monument>
    </monuments>
  </document>
  <document>
    <census-id>10182066</census-id>
    <name>fol. 144 r</name>
    <transcriptions>
      <transcription>
        <inscription>AYTOKPA&#13;
L&#916;</inscription>
        <inscription-type>coin legend</inscription-type>
      </transcription>
    </transcriptions>
    <monuments>
      <monument>
        <census-id>10182029</census-id>
        <label>Bronze Coin of Alexandria (Head of Claudius / Bull, RPC I 5126) (owner: A. Agust&#237;n)</label>
      </monument>
    </monuments>
  </document>
  <document>
    <census-id>10180312</census-id>
    <name>fol. 145 r</name>
    <transcriptions>
      <transcription>
        <inscription>TI CAESAR DIVI AVG F AVGVSTVS</inscription>
        <inscription-type>coin legend</inscription-type>
      </transcription>
    </transcriptions>
    <monuments>
      <monument>
        <census-id>10180272</census-id>
        <label>Bronze coin of Caesaraugusta (Tiberius / Bull, RPC I 367) (owner: A. Agust&#237;n)</label>
      </monument>
    </monuments>
  </document>
  <document>
    <census-id>10180316</census-id>
    <name>fol. 146 r</name>
    <transcriptions>
      <transcription>
        <inscription>CLIO LEPIDO C AVFIDIO GEMELLO C C A</inscription>
        <inscription-type>coin legend</inscription-type>
      </transcription>
    </transcriptions>
    <monuments>
      <monument>
        <census-id>10180272</census-id>
        <label>Bronze coin of Caesaraugusta (Tiberius / Bull, RPC I 367) (owner: A. Agust&#237;n)</label>
      </monument>
    </monuments>
  </document>
  <document>
    <census-id>10182882</census-id>
    <name>fol. 153 r</name>
    <transcriptions>
      <transcription>
        <inscription>&#932;I &#922;&#913;&#906;&#931;&#913;&#929; &#931;&#917;&#914;&#913;&#931;&#932;&#908;&#931;</inscription>
        <inscription-type>coin legend</inscription-type>
      </transcription>
    </transcriptions>
    <monuments>
      <monument>
        <census-id>10182867</census-id>
        <label>Bronze Coin of Amphipolis (Tiberius / Artemis and Bull, RPC 1632)</label>
      </monument>
    </monuments>
  </document>
  <document>
    <census-id>10182889</census-id>
    <name>fol. 154 r</name>
    <transcriptions>
      <transcription>
        <inscription>&#913;&#924;&#934;&#906;&#928;&#927;&#923;EI&#932;&#937;&#925;</inscription>
        <inscription-type>coin legend</inscription-type>
      </transcription>
    </transcriptions>
    <monuments>
      <monument>
        <census-id>10182867</census-id>
        <label>Bronze Coin of Amphipolis (Tiberius / Artemis and Bull, RPC 1632)</label>
      </monument>
    </monuments>
  </document>
  <document>
    <census-id>10183094</census-id>
    <name>fol. 156 r</name>
    <transcriptions>
      <transcription>
        <inscription>&#931;&#917;&#914;&#913;&#931;&#932;&#927;&#931;</inscription>
        <inscription-type>coin legend</inscription-type>
      </transcription>
    </transcriptions>
    <monuments>
      <monument>
        <census-id>10183092</census-id>
        <label>Bronze Coin of Colophon (Laureate Head / Apollo, RPC 2523)</label>
      </monument>
    </monuments>
  </document>
  <document>
    <census-id>10180851</census-id>
    <name>fol. 165 r</name>
    <transcriptions>
      <transcription>
        <inscription>NERO CLAVDIVS DRVSVS GERMANICVS IMP</inscription>
        <inscription-type>coin legend</inscription-type>
      </transcription>
    </transcriptions>
    <monuments>
      <monument>
        <census-id>10180843</census-id>
        <label>Sestertius of Claudius (Drusus Maior / Claudius, RIC 93) (owner: A. Agust&#237;n)</label>
      </monument>
    </monuments>
  </document>
  <document>
    <census-id>10180855</census-id>
    <name>fol. 166 r</name>
    <transcriptions>
      <transcription>
        <inscription>TI CLAVDIVS CAESAR AVG P M TR P IMP P S C</inscription>
        <inscription-type>coin legend</inscription-type>
      </transcription>
    </transcriptions>
    <monuments>
      <monument>
        <census-id>10180843</census-id>
        <label>Sestertius of Claudius (Drusus Maior / Claudius, RIC 93) (owner: A. Agust&#237;n)</label>
      </monument>
    </monuments>
  </document>
  <document>
    <census-id>10183105</census-id>
    <name>fol. 176 r</name>
    <transcriptions>
      <transcription>
        <inscription>DE GERMAN</inscription>
        <inscription-type>coin legend</inscription-type>
      </transcription>
    </transcriptions>
    <monuments>
      <monument>
        <census-id>10183100</census-id>
        <label>Denarius of Claudius (Drusus / Triumphal Arch, RIC 70)</label>
      </monument>
    </monuments>
  </document>
  <document>
    <census-id>10183111</census-id>
    <name>fol. 177 r</name>
    <transcriptions>
      <transcription>
        <inscription>DRVSVS CAES TI AVG F COS II TR POT</inscription>
        <inscription-type>coin legend</inscription-type>
      </transcription>
    </transcriptions>
    <monuments>
      <monument>
        <census-id>10183109</census-id>
        <label>Drachme of Tiberius in Caesarea (Tiberius / Drusus, RIC 86)</label>
      </monument>
    </monuments>
  </document>
  <document>
    <census-id>10183116</census-id>
    <name>fol. 178 r</name>
    <transcriptions>
      <transcription>
        <inscription>NERO CLAVD CAES AVG GERM</inscription>
        <inscription-type>coin legend</inscription-type>
      </transcription>
    </transcriptions>
    <monuments>
      <monument>
        <census-id>10183114</census-id>
        <label>Quadrans of Nero (Owl on Altar / Olive-Branch, RIC 260)</label>
      </monument>
      <monument>
        <census-id>10184961</census-id>
        <label>Quadrans of Nero (Owl on Altar / Olive-Branch, RIC 262)</label>
      </monument>
    </monuments>
  </document>
  <document>
    <census-id>10180015</census-id>
    <name>fol. 179 r</name>
    <transcriptions>
      <transcription>
        <inscription>DRVSVS CAESAR TI AVG F DIVI AVG N</inscription>
        <inscription-type>coin legend</inscription-type>
      </transcription>
    </transcriptions>
    <monuments>
      <monument>
        <census-id>10179998</census-id>
        <label>As of Tiberius (Drusus Minor / SC, RIC 45) (owner: J. Strada)</label>
      </monument>
    </monuments>
  </document>
  <document>
    <census-id>10180006</census-id>
    <name>fol. 181 r</name>
    <transcriptions>
      <transcription>
        <inscription>DRVSVS CAESAR TI AVG F DIVI AVG N</inscription>
        <inscription-type>coin legend</inscription-type>
      </transcription>
    </transcriptions>
    <monuments>
      <monument>
        <census-id>10179998</census-id>
        <label>As of Tiberius (Drusus Minor / SC, RIC 45) (owner: J. Strada)</label>
      </monument>
    </monuments>
  </document>
  <document>
    <census-id>10181270</census-id>
    <name>fol. 187 r</name>
    <transcriptions>
      <transcription>
        <inscription>NERO CLAVDIVS DRVSVS GERMANICVS IMP</inscription>
        <inscription-type>coin legend</inscription-type>
      </transcription>
    </transcriptions>
    <monuments>
      <monument>
        <census-id>10181262</census-id>
        <label>Denarius of Claudius (Drusus / Equestrian Statue on Triumphal Arch, RIC 72) (owner: J. Strada)</label>
      </monument>
    </monuments>
  </document>
  <document>
    <census-id>10181274</census-id>
    <name>fol. 188 r</name>
    <transcriptions>
      <transcription>
        <inscription>DE GERMANIS</inscription>
        <inscription-type>coin legend</inscription-type>
      </transcription>
    </transcriptions>
    <monuments>
      <monument>
        <census-id>10181262</census-id>
        <label>Denarius of Claudius (Drusus / Equestrian Statue on Triumphal Arch, RIC 72) (owner: J. Strada)</label>
      </monument>
    </monuments>
  </document>
  <document>
    <census-id>10183124</census-id>
    <name>fol. 190 r</name>
    <transcriptions>
      <transcription>
        <inscription>CONSTANTIAE AVGVSTI</inscription>
        <inscription-type>coin legend</inscription-type>
      </transcription>
    </transcriptions>
    <monuments>
      <monument>
        <census-id>10044195</census-id>
        <label>Aureus of Claudius / Constantia (RIC 2)</label>
      </monument>
      <monument>
        <census-id>10183119</census-id>
        <label>Aureus of Claudius (Head of Claudius/ Constantia, RIC 55)</label>
      </monument>
    </monuments>
  </document>
  <document>
    <census-id>10183136</census-id>
    <name>fol. 192 r</name>
    <transcriptions>
      <transcription>
        <inscription>DECVR</inscription>
        <inscription-type>coin legend</inscription-type>
      </transcription>
    </transcriptions>
    <monuments>
      <monument>
        <census-id>10183133</census-id>
        <label>Sestertius of Nero (Laureated Nero / Equestrian and Soldiers, RIC 103)</label>
      </monument>
      <monument>
        <census-id>10183134</census-id>
        <label>Sestertius of Nero (Laureated Nero / Equestrian and Soldiers, RIC 104)</label>
      </monument>
    </monuments>
  </document>
  <document>
    <census-id>10169118</census-id>
    <name>fol. 193 r</name>
    <transcriptions>
      <transcription>
        <inscription>NERO CLAVDIVS DRVSVS GERMANICVS IMP</inscription>
        <inscription-type>coin legend</inscription-type>
      </transcription>
    </transcriptions>
    <monuments>
      <monument>
        <census-id>10179994</census-id>
        <label>Sestertius of Claudius (Drusus Maior / Claudius, RIC 93) (owner: G. Romano)</label>
      </monument>
    </monuments>
  </document>
  <document>
    <census-id>10180783</census-id>
    <name>fol. 193 r</name>
    <transcriptions>
      <transcription>
        <inscription>NERO CLAVDIVS DRVSVS GERMANICVS IMP</inscription>
        <inscription-type>coin legend</inscription-type>
      </transcription>
    </transcriptions>
    <monuments>
      <monument>
        <census-id>10179994</census-id>
        <label>Sestertius of Claudius (Drusus Maior / Claudius, RIC 93) (owner: G. Romano)</label>
      </monument>
      <monument>
        <census-id>10180090</census-id>
        <label>Denarius of Claudius (Drusus / Equestrian Statue on Triumphal Arch, RIC 72) (owner: A. Maffei)</label>
      </monument>
    </monuments>
  </document>
  <document>
    <census-id>10180138</census-id>
    <name>fol. 194 r</name>
    <transcriptions>
      <transcription>
        <inscription>DECVRSIO</inscription>
        <inscription-type>coin legend</inscription-type>
      </transcription>
    </transcriptions>
    <monuments>
      <monument>
        <census-id>10180090</census-id>
        <label>Denarius of Claudius (Drusus / Equestrian Statue on Triumphal Arch, RIC 72) (owner: A. Maffei)</label>
      </monument>
    </monuments>
  </document>
  <document>
    <census-id>10183130</census-id>
    <name>fol. 199 r</name>
    <transcriptions>
      <transcription>
        <inscription>PONTIF MAX TR II P P EX S C</inscription>
        <inscription-type>coin legend</inscription-type>
      </transcription>
    </transcriptions>
    <monuments>
      <monument>
        <census-id>10064432</census-id>
        <label>Aureus of Nero / Oak-Wreath (RIC 8)</label>
      </monument>
      <monument>
        <census-id>10183128</census-id>
        <label>Denarius of Nero (Head of Nero/ Oak Wreath, RIC 9)</label>
      </monument>
    </monuments>
  </document>
  <document>
    <census-id>10182925</census-id>
    <name>fol. 200 r</name>
    <transcriptions>
      <transcription>
        <inscription>NERO CLAVDIVS DRVSVS GERM PRINC IVVENT</inscription>
        <inscription-type>coin legend</inscription-type>
      </transcription>
    </transcriptions>
    <monuments>
      <monument>
        <census-id>10182923</census-id>
        <label>Aureus of Claudius (Head of Nero / Simpulum, Lituus, Tripod, Patera, RIC 76)</label>
      </monument>
      <monument>
        <census-id>10182924</census-id>
        <label>Denarius of Claudius (Head of Nero / Simpulum, Lituus, Tripod, Patera, RIC 77)</label>
      </monument>
    </monuments>
  </document>
  <document>
    <census-id>10182935</census-id>
    <name>fol. 201 r</name>
    <transcriptions>
      <transcription>
        <inscription>SACERD CO OPTIMO MH CONL SVPRANVM EX S C</inscription>
        <inscription-type>coin legend</inscription-type>
      </transcription>
    </transcriptions>
    <monuments>
      <monument>
        <census-id>10182923</census-id>
        <label>Aureus of Claudius (Head of Nero / Simpulum, Lituus, Tripod, Patera, RIC 76)</label>
      </monument>
      <monument>
        <census-id>10182924</census-id>
        <label>Denarius of Claudius (Head of Nero / Simpulum, Lituus, Tripod, Patera, RIC 77)</label>
      </monument>
    </monuments>
  </document>
  <document>
    <census-id>10182932</census-id>
    <name>fol. 202 r</name>
    <transcriptions>
      <transcription>
        <inscription>NERO CLAVDIVS DRVSVS GERM PRINC IVVENT</inscription>
        <inscription-type>coin legend</inscription-type>
      </transcription>
    </transcriptions>
    <monuments>
      <monument>
        <census-id>10182923</census-id>
        <label>Aureus of Claudius (Head of Nero / Simpulum, Lituus, Tripod, Patera, RIC 76)</label>
      </monument>
      <monument>
        <census-id>10182924</census-id>
        <label>Denarius of Claudius (Head of Nero / Simpulum, Lituus, Tripod, Patera, RIC 77)</label>
      </monument>
    </monuments>
  </document>
  <document>
    <census-id>10182938</census-id>
    <name>fol. 203 r</name>
    <transcriptions>
      <transcription>
        <inscription>SACERD CO OPTMO MH CONL SVPRANVM EX S C</inscription>
        <inscription-type>coin legend</inscription-type>
      </transcription>
    </transcriptions>
    <monuments>
      <monument>
        <census-id>10182923</census-id>
        <label>Aureus of Claudius (Head of Nero / Simpulum, Lituus, Tripod, Patera, RIC 76)</label>
      </monument>
      <monument>
        <census-id>10182924</census-id>
        <label>Denarius of Claudius (Head of Nero / Simpulum, Lituus, Tripod, Patera, RIC 77)</label>
      </monument>
    </monuments>
  </document>
  <document>
    <census-id>10180066</census-id>
    <name>fol. 204 r</name>
    <transcriptions>
      <transcription>
        <inscription>NER CAES CLAVDIO DRVSO GERM COS DESIGN</inscription>
        <inscription-type>coin legend</inscription-type>
      </transcription>
    </transcriptions>
    <monuments>
      <monument>
        <census-id>10180050</census-id>
        <label>Sestertius of Claudius (Nero / Legend on Shield and Spear, RIC 108) (owner: A. Maffei)</label>
      </monument>
      <monument>
        <census-id>10184438</census-id>
        <label>Denarius of Claudius (Bust of Nero / Shield with Legend and Spear, RIC 79) (owner: F. Veniero)</label>
      </monument>
    </monuments>
  </document>
  <document>
    <census-id>10180070</census-id>
    <name>fol. 205 r</name>
    <transcriptions>
      <transcription>
        <inscription>EQVESTER ORDO PRINCIPI IVVENT</inscription>
        <inscription-type>coin legend</inscription-type>
      </transcription>
    </transcriptions>
    <monuments>
      <monument>
        <census-id>10180050</census-id>
        <label>Sestertius of Claudius (Nero / Legend on Shield and Spear, RIC 108) (owner: A. Maffei)</label>
      </monument>
      <monument>
        <census-id>10184438</census-id>
        <label>Denarius of Claudius (Bust of Nero / Shield with Legend and Spear, RIC 79) (owner: F. Veniero)</label>
      </monument>
    </monuments>
  </document>
</documents>
